#separator \x09
#set_separator	,
#empty_field	(empty)
#unset_field	-
#path	telemetry
#open	2026-05-04-18-49-58
#fields	ts	peer	metric_type	name	labels	label_values	value
#types	time	string	string	string	vector[string]	vector[string]	double
1777920598.283779	zeek	counter	process_cpu_user_seconds_total	(empty)	(empty)	0.32
1777920598.283779	zeek	counter	process_cpu_system_seconds_total	(empty)	(empty)	0.12
1777920598.283779	zeek	gauge	process_resident_memory_bytes	(empty)	(empty)	282324992.0
1777920598.283779	zeek	gauge	process_virtual_memory_bytes	(empty)	(empty)	1165955072.0
1777920598.283779	zeek	gauge	process_open_fds	(empty)	(empty)	28.0
1777920598.283779	zeek	gauge	process_start_time_seconds	(empty)	(empty)	1777920597.582311
1777920598.283779	zeek	counter	zeek_log_stream_writes_total	module,stream	LoadedScripts,LoadedScripts::LOG	538.0
1777920598.283779	zeek	counter	zeek_log_stream_writes_total	module,stream	PacketFilter,PacketFilter::LOG	1.0
1777920598.283779	zeek	counter	zeek_log_writer_writes_total	filter_name,module,path,stream,writer	default,LoadedScripts,loaded_scripts,LoadedScripts::LOG,Log::WRITER_ASCII	538.0
1777920598.283779	zeek	counter	zeek_log_writer_writes_total	filter_name,module,path,stream,writer	default,PacketFilter,packet_filter,PacketFilter::LOG,Log::WRITER_ASCII	1.0
1777920598.283779	zeek	counter	zeek_log_writer_discarded_writes_total	filter_name,module,path,stream,writer	default,LoadedScripts,loaded_scripts,LoadedScripts::LOG,Log::WRITER_ASCII	0.0
1777920598.283779	zeek	counter	zeek_log_writer_discarded_writes_total	filter_name,module,path,stream,writer	default,PacketFilter,packet_filter,PacketFilter::LOG,Log::WRITER_ASCII	0.0
1777920598.283779	zeek	counter	zeek_log_writer_truncated_string_fields_total	filter_name,module,path,stream,writer	default,LoadedScripts,loaded_scripts,LoadedScripts::LOG,Log::WRITER_ASCII	0.0
1777920598.283779	zeek	counter	zeek_log_writer_truncated_string_fields_total	filter_name,module,path,stream,writer	default,PacketFilter,packet_filter,PacketFilter::LOG,Log::WRITER_ASCII	0.0
1777920598.283779	zeek	counter	zeek_log_writer_truncated_containers_total	filter_name,module,path,stream,writer	default,LoadedScripts,loaded_scripts,LoadedScripts::LOG,Log::WRITER_ASCII	0.0
1777920598.283779	zeek	counter	zeek_log_writer_truncated_containers_total	filter_name,module,path,stream,writer	default,PacketFilter,packet_filter,PacketFilter::LOG,Log::WRITER_ASCII	0.0
1777920598.283779	zeek	counter	zeek_net_received_bytes_total	(empty)	(empty)	42.0
1777920598.283779	zeek	counter	zeek_net_received_packets_total	(empty)	(empty)	1.0
1777920598.283779	zeek	counter	zeek_net_dropped_packets_total	(empty)	(empty)	0.0
1777920598.283779	zeek	counter	zeek_net_link_packets_total	(empty)	(empty)	1.0
1777920598.283779	zeek	counter	zeek_msgthread_threads_total	(empty)	(empty)	2.0
1777920598.283779	zeek	counter	zeek_msgthread_in_messages_total	(empty)	(empty)	4.0
1777920598.283779	zeek	counter	zeek_msgthread_out_messages_total	(empty)	(empty)	0.0
1777920598.283779	zeek	counter	zeek_cluster_core_outgoing_events_total	(empty)	(empty)	0.0
1777920598.283779	zeek	counter	zeek_cluster_core_incoming_events_total	(empty)	(empty)	0.0
1777920598.283779	zeek	counter	zeek_broker_incoming_events_total	(empty)	(empty)	0.0
1777920598.283779	zeek	counter	zeek_broker_outgoing_events_total	(empty)	(empty)	0.0
1777920598.283779	zeek	counter	zeek_broker_incoming_logs_total	(empty)	(empty)	0.0
1777920598.283779	zeek	counter	zeek_broker_outgoing_logs_total	(empty)	(empty)	0.0
1777920598.283779	zeek	counter	zeek_broker_incoming_ids_total	(empty)	(empty)	0.0
1777920598.283779	zeek	counter	zeek_broker_outgoing_ids_total	(empty)	(empty)	0.0
1777920598.283779	zeek	counter	zeek_timers_total	(empty)	(empty)	124.0
1777920598.283779	zeek	counter	zeek_dnsmgr_requests_total	(empty)	(empty)	0.0
1777920598.283779	zeek	counter	zeek_dnsmgr_successful_requests_total	(empty)	(empty)	0.0
1777920598.283779	zeek	counter	zeek_dnsmgr_failed_requests_total	(empty)	(empty)	0.0
1777920598.283779	zeek	counter	zeek_triggers_total	(empty)	(empty)	0.0
1777920598.283779	zeek	counter	zeek_ended_sessions_total	reason	inactivity	0.0
1777920598.283779	zeek	counter	zeek_event_handler_invocations_total	name	Broker::log_flush	1.0
1777920598.283779	zeek	counter	zeek_event_handler_invocations_total	name	filter_change_tracking	1.0
1777920598.283779	zeek	counter	zeek_event_handler_invocations_total	name	ChecksumOffloading::check	1.0
1777920598.283779	zeek	counter	zeek_event_handler_invocations_total	name	NetControl::init	1.0
1777920598.283779	zeek	counter	zeek_event_handler_invocations_total	name	zeek_script_loaded	538.0
1777920598.283779	zeek	counter	zeek_event_handler_invocations_total	name	Telemetry::log	1.0
1777920598.283779	zeek	counter	zeek_event_handler_invocations_total	name	grab_vulnerable_versions	1.0
1777920598.283779	zeek	counter	zeek_event_handler_invocations_total	name	zeek_init	1.0
1777920598.283779	zeek	counter	zeek_total_sessions_total	protocol	icmp	0.0
1777920598.283779	zeek	counter	zeek_total_sessions_total	protocol	udp	0.0
1777920598.283779	zeek	counter	zeek_total_sessions_total	protocol	tcp	0.0
1777920598.283779	zeek	gauge	zeek_version_info	beta,commit,debug,major,minor,patch,version_number,version_string	false,0,false,8,1,2,80102,8.1.2	1.0
1777920598.283779	zeek	gauge	zeek_net_packet_lag_seconds	(empty)	(empty)	0.001866
1777920598.283779	zeek	gauge	zeek_net_timestamp_seconds	(empty)	(empty)	1777920598.283779
1777920598.283779	zeek	gauge	zeek_msgthread_active_threads	(empty)	(empty)	2.0
1777920598.283779	zeek	gauge	zeek_msgthread_pending_in_messages	(empty)	(empty)	0.0
1777920598.283779	zeek	gauge	zeek_msgthread_pending_out_messages	(empty)	(empty)	0.0
1777920598.283779	zeek	gauge	zeek_msgthread_pending_messages_in_buckets	leq	inf	2.0
1777920598.283779	zeek	gauge	zeek_msgthread_pending_messages_in_buckets	leq	10000	2.0
1777920598.283779	zeek	gauge	zeek_msgthread_pending_messages_in_buckets	leq	1000	2.0
1777920598.283779	zeek	gauge	zeek_msgthread_pending_messages_in_buckets	leq	100	2.0
1777920598.283779	zeek	gauge	zeek_msgthread_pending_messages_in_buckets	leq	10	2.0
1777920598.283779	zeek	gauge	zeek_msgthread_pending_messages_in_buckets	leq	1	2.0
1777920598.283779	zeek	gauge	zeek_msgthread_pending_messages_out_buckets	leq	inf	2.0
1777920598.283779	zeek	gauge	zeek_msgthread_pending_messages_out_buckets	leq	10000	2.0
1777920598.283779	zeek	gauge	zeek_msgthread_pending_messages_out_buckets	leq	1000	2.0
1777920598.283779	zeek	gauge	zeek_msgthread_pending_messages_out_buckets	leq	100	2.0
1777920598.283779	zeek	gauge	zeek_msgthread_pending_messages_out_buckets	leq	10	2.0
1777920598.283779	zeek	gauge	zeek_msgthread_pending_messages_out_buckets	leq	1	2.0
1777920598.283779	zeek	gauge	zeek_broker_peers	(empty)	(empty)	0.0
1777920598.283779	zeek	gauge	zeek_broker_stores	(empty)	(empty)	1.0
1777920598.283779	zeek	gauge	zeek_broker_pending_queries	(empty)	(empty)	0.0
1777920598.283779	zeek	gauge	zeek_timers_lag_time_seconds	(empty)	(empty)	1777916998.283779
1777920598.283779	zeek	gauge	zeek_timers_pending	type	LogDelayExpire	0.0
1777920598.283779	zeek	gauge	zeek_timers_pending	type	ThreadHeartbeat	1.0
1777920598.283779	zeek	gauge	zeek_timers_pending	type	TimerMgrExpireTimer	0.0
1777920598.283779	zeek	gauge	zeek_timers_pending	type	ParentProcessIDCheck	0.0
1777920598.283779	zeek	gauge	zeek_timers_pending	type	FragTimer	0.0
1777920598.283779	zeek	gauge	zeek_timers_pending	type	RotateTimer	0.0
1777920598.283779	zeek	gauge	zeek_timers_pending	type	FlowWeirdTimer	0.0
1777920598.283779	zeek	gauge	zeek_timers_pending	type	FileAnalysisInactivityTimer	0.0
1777920598.283779	zeek	gauge	zeek_timers_pending	type	StorageExpire	1.0
1777920598.283779	zeek	gauge	zeek_timers_pending	type	ConnectionInactivityTimer	0.0
1777920598.283779	zeek	gauge	zeek_timers_pending	type	TCPConnectionExpireTimer	0.0
1777920598.283779	zeek	gauge	zeek_timers_pending	type	ConnectionStatusUpdateTimer	0.0
1777920598.283779	zeek	gauge	zeek_timers_pending	type	LogFlushWriteBufferTimer	1.0
1777920598.283779	zeek	gauge	zeek_timers_pending	type	NetWeirdTimer	0.0
1777920598.283779	zeek	gauge	zeek_timers_pending	type	InterconnTimer	0.0
1777920598.283779	zeek	gauge	zeek_timers_pending	type	IPTunnelInactivityTimer	0.0
1777920598.283779	zeek	gauge	zeek_timers_pending	type	DNSExpireTimer	0.0
1777920598.283779	zeek	gauge	zeek_timers_pending	type	UnknownProtocolExpire	0.0
1777920598.283779	zeek	gauge	zeek_timers_pending	type	ProfileTimer	0.0
1777920598.283779	zeek	gauge	zeek_timers_pending	type	ConnectionExpireTimer	0.0
1777920598.283779	zeek	gauge	zeek_timers_pending	type	BreakpointTimer	0.0
1777920598.283779	zeek	gauge	zeek_timers_pending	type	BackdoorTimer	0.0
1777920598.283779	zeek	gauge	zeek_timers_pending	type	NetbiosExpireTimer	0.0
1777920598.283779	zeek	gauge	zeek_timers_pending	type	NetworkTimer	0.0
1777920598.283779	zeek	gauge	zeek_timers_pending	type	RemoveConnection	0.0
1777920598.283779	zeek	gauge	zeek_timers_pending	type	TCPConnectionResetTimer	0.0
1777920598.283779	zeek	gauge	zeek_timers_pending	type	ConnTupleWeirdTimer	0.0
1777920598.283779	zeek	gauge	zeek_timers_pending	type	TCPConnectionDeleteTimer	0.0
1777920598.283779	zeek	gauge	zeek_timers_pending	type	ScheduleTimer	2.0
1777920598.283779	zeek	gauge	zeek_timers_pending	type	NTPExpireTimer	0.0
1777920598.283779	zeek	gauge	zeek_timers_pending	type	RPCExpireTimer	0.0
1777920598.283779	zeek	gauge	zeek_timers_pending	type	ConnectionDeleteTimer	0.0
1777920598.283779	zeek	gauge	zeek_timers_pending	type	TriggerTimer	0.0
1777920598.283779	zeek	gauge	zeek_timers_pending	type	TableValTimer	34.0
1777920598.283779	zeek	gauge	zeek_timers_pending	type	TCPConnectionAttemptTimer	0.0
1777920598.283779	zeek	gauge	zeek_timers_pending	type	TCPConnectionPartialClose	0.0
1777920598.283779	zeek	gauge	zeek_dnsmgr_pending_asyncs_requests	(empty)	(empty)	0.0
1777920598.283779	zeek	gauge	zeek_dnsmgr_cache_entries	type	text	0.0
1777920598.283779	zeek	gauge	zeek_dnsmgr_cache_entries	type	address	0.0
1777920598.283779	zeek	gauge	zeek_dnsmgr_cache_entries	type	host	0.0
1777920598.283779	zeek	gauge	zeek_pending_triggers	(empty)	(empty)	0.0
1777920598.283779	zeek	gauge	zeek_active_sessions	protocol	icmp	0.0
1777920598.283779	zeek	gauge	zeek_active_sessions	protocol	udp	0.0
1777920598.283779	zeek	gauge	zeek_active_sessions	protocol	tcp	0.0
1777920658.284734	zeek	counter	process_cpu_user_seconds_total	(empty)	(empty)	0.39
1777920658.284734	zeek	counter	process_cpu_system_seconds_total	(empty)	(empty)	0.17
1777920658.284734	zeek	gauge	process_resident_memory_bytes	(empty)	(empty)	282456064.0
1777920658.284734	zeek	gauge	process_virtual_memory_bytes	(empty)	(empty)	1467961344.0
1777920658.284734	zeek	gauge	process_open_fds	(empty)	(empty)	40.0
1777920658.284734	zeek	gauge	process_start_time_seconds	(empty)	(empty)	1777920597.582311
1777920658.284734	zeek	counter	zeek_log_stream_writes_total	module,stream	CaptureLoss,CaptureLoss::LOG	1.0
1777920658.284734	zeek	counter	zeek_log_stream_writes_total	module,stream	Notice,Notice::LOG	1.0
1777920658.284734	zeek	counter	zeek_log_stream_writes_total	module,stream	Stats,Stats::LOG	1.0
1777920658.284734	zeek	counter	zeek_log_stream_writes_total	module,stream	Telemetry,Telemetry::LOG	114.0
1777920658.284734	zeek	counter	zeek_log_stream_writes_total	module,stream	LoadedScripts,LoadedScripts::LOG	538.0
1777920658.284734	zeek	counter	zeek_log_stream_writes_total	module,stream	PacketFilter,PacketFilter::LOG	1.0
1777920658.284734	zeek	counter	zeek_log_writer_writes_total	filter_name,module,path,stream,writer	default,CaptureLoss,capture_loss,CaptureLoss::LOG,Log::WRITER_ASCII	1.0
1777920658.284734	zeek	counter	zeek_log_writer_writes_total	filter_name,module,path,stream,writer	default,Notice,notice,Notice::LOG,Log::WRITER_ASCII	1.0
1777920658.284734	zeek	counter	zeek_log_writer_writes_total	filter_name,module,path,stream,writer	default,Stats,stats,Stats::LOG,Log::WRITER_ASCII	1.0
1777920658.284734	zeek	counter	zeek_log_writer_writes_total	filter_name,module,path,stream,writer	default,Telemetry,telemetry,Telemetry::LOG,Log::WRITER_ASCII	114.0
1777920658.284734	zeek	counter	zeek_log_writer_writes_total	filter_name,module,path,stream,writer	default,LoadedScripts,loaded_scripts,LoadedScripts::LOG,Log::WRITER_ASCII	538.0
1777920658.284734	zeek	counter	zeek_log_writer_writes_total	filter_name,module,path,stream,writer	default,PacketFilter,packet_filter,PacketFilter::LOG,Log::WRITER_ASCII	1.0
1777920658.284734	zeek	counter	zeek_log_writer_discarded_writes_total	filter_name,module,path,stream,writer	default,CaptureLoss,capture_loss,CaptureLoss::LOG,Log::WRITER_ASCII	0.0
1777920658.284734	zeek	counter	zeek_log_writer_discarded_writes_total	filter_name,module,path,stream,writer	default,Notice,notice,Notice::LOG,Log::WRITER_ASCII	0.0
1777920658.284734	zeek	counter	zeek_log_writer_discarded_writes_total	filter_name,module,path,stream,writer	default,Stats,stats,Stats::LOG,Log::WRITER_ASCII	0.0
1777920658.284734	zeek	counter	zeek_log_writer_discarded_writes_total	filter_name,module,path,stream,writer	default,Telemetry,telemetry,Telemetry::LOG,Log::WRITER_ASCII	0.0
1777920658.284734	zeek	counter	zeek_log_writer_discarded_writes_total	filter_name,module,path,stream,writer	default,LoadedScripts,loaded_scripts,LoadedScripts::LOG,Log::WRITER_ASCII	0.0
1777920658.284734	zeek	counter	zeek_log_writer_discarded_writes_total	filter_name,module,path,stream,writer	default,PacketFilter,packet_filter,PacketFilter::LOG,Log::WRITER_ASCII	0.0
1777920658.284734	zeek	counter	zeek_log_writer_truncated_string_fields_total	filter_name,module,path,stream,writer	default,CaptureLoss,capture_loss,CaptureLoss::LOG,Log::WRITER_ASCII	0.0
1777920658.284734	zeek	counter	zeek_log_writer_truncated_string_fields_total	filter_name,module,path,stream,writer	default,Notice,notice,Notice::LOG,Log::WRITER_ASCII	0.0
1777920658.284734	zeek	counter	zeek_log_writer_truncated_string_fields_total	filter_name,module,path,stream,writer	default,Stats,stats,Stats::LOG,Log::WRITER_ASCII	0.0
1777920658.284734	zeek	counter	zeek_log_writer_truncated_string_fields_total	filter_name,module,path,stream,writer	default,Telemetry,telemetry,Telemetry::LOG,Log::WRITER_ASCII	0.0
1777920658.284734	zeek	counter	zeek_log_writer_truncated_string_fields_total	filter_name,module,path,stream,writer	default,LoadedScripts,loaded_scripts,LoadedScripts::LOG,Log::WRITER_ASCII	0.0
1777920658.284734	zeek	counter	zeek_log_writer_truncated_string_fields_total	filter_name,module,path,stream,writer	default,PacketFilter,packet_filter,PacketFilter::LOG,Log::WRITER_ASCII	0.0
1777920658.284734	zeek	counter	zeek_log_writer_truncated_containers_total	filter_name,module,path,stream,writer	default,CaptureLoss,capture_loss,CaptureLoss::LOG,Log::WRITER_ASCII	0.0
1777920658.284734	zeek	counter	zeek_log_writer_truncated_containers_total	filter_name,module,path,stream,writer	default,Notice,notice,Notice::LOG,Log::WRITER_ASCII	0.0
1777920658.284734	zeek	counter	zeek_log_writer_truncated_containers_total	filter_name,module,path,stream,writer	default,Stats,stats,Stats::LOG,Log::WRITER_ASCII	0.0
1777920658.284734	zeek	counter	zeek_log_writer_truncated_containers_total	filter_name,module,path,stream,writer	default,Telemetry,telemetry,Telemetry::LOG,Log::WRITER_ASCII	0.0
1777920658.284734	zeek	counter	zeek_log_writer_truncated_containers_total	filter_name,module,path,stream,writer	default,LoadedScripts,loaded_scripts,LoadedScripts::LOG,Log::WRITER_ASCII	0.0
1777920658.284734	zeek	counter	zeek_log_writer_truncated_containers_total	filter_name,module,path,stream,writer	default,PacketFilter,packet_filter,PacketFilter::LOG,Log::WRITER_ASCII	0.0
1777920658.284734	zeek	counter	zeek_net_received_bytes_total	(empty)	(empty)	4683.0
1777920658.284734	zeek	counter	zeek_net_received_packets_total	(empty)	(empty)	33.0
1777920658.284734	zeek	counter	zeek_net_dropped_packets_total	(empty)	(empty)	0.0
1777920658.284734	zeek	counter	zeek_net_link_packets_total	(empty)	(empty)	33.0
1777920658.284734	zeek	counter	zeek_msgthread_threads_total	(empty)	(empty)	6.0
1777920658.284734	zeek	counter	zeek_msgthread_in_messages_total	(empty)	(empty)	10.0
1777920658.284734	zeek	counter	zeek_msgthread_out_messages_total	(empty)	(empty)	0.0
1777920658.284734	zeek	counter	zeek_cluster_core_outgoing_events_total	(empty)	(empty)	0.0
1777920658.284734	zeek	counter	zeek_cluster_core_incoming_events_total	(empty)	(empty)	0.0
1777920658.284734	zeek	counter	zeek_broker_incoming_events_total	(empty)	(empty)	0.0
1777920658.284734	zeek	counter	zeek_broker_outgoing_events_total	(empty)	(empty)	0.0
1777920658.284734	zeek	counter	zeek_broker_incoming_logs_total	(empty)	(empty)	0.0
1777920658.284734	zeek	counter	zeek_broker_outgoing_logs_total	(empty)	(empty)	0.0
1777920658.284734	zeek	counter	zeek_broker_incoming_ids_total	(empty)	(empty)	0.0
1777920658.284734	zeek	counter	zeek_broker_outgoing_ids_total	(empty)	(empty)	0.0
1777920658.284734	zeek	counter	zeek_timers_total	(empty)	(empty)	492.0
1777920658.284734	zeek	counter	zeek_dnsmgr_requests_total	(empty)	(empty)	0.0
1777920658.284734	zeek	counter	zeek_dnsmgr_successful_requests_total	(empty)	(empty)	0.0
1777920658.284734	zeek	counter	zeek_dnsmgr_failed_requests_total	(empty)	(empty)	0.0
1777920658.284734	zeek	counter	zeek_triggers_total	(empty)	(empty)	0.0
1777920658.284734	zeek	counter	zeek_ended_sessions_total	reason	inactivity	0.0
1777920658.284734	zeek	counter	zeek_event_handler_invocations_total	name	SumStats::finish_epoch	3.0
1777920658.284734	zeek	counter	zeek_event_handler_invocations_total	name	net_stats_update	1.0
1777920658.284734	zeek	counter	zeek_event_handler_invocations_total	name	check_stats	1.0
1777920658.284734	zeek	counter	zeek_event_handler_invocations_total	name	CaptureLoss::take_measurement	2.0
1777920658.284734	zeek	counter	zeek_event_handler_invocations_total	name	new_connection	11.0
1777920658.284734	zeek	counter	zeek_event_handler_invocations_total	name	Broker::log_flush	60.0
1777920658.284734	zeek	counter	zeek_event_handler_invocations_total	name	filter_change_tracking	2.0
1777920658.284734	zeek	counter	zeek_event_handler_invocations_total	name	ChecksumOffloading::check	2.0
1777920658.284734	zeek	counter	zeek_event_handler_invocations_total	name	NetControl::init	1.0
1777920658.284734	zeek	counter	zeek_event_handler_invocations_total	name	zeek_script_loaded	538.0
1777920658.284734	zeek	counter	zeek_event_handler_invocations_total	name	Telemetry::log	2.0
1777920658.284734	zeek	counter	zeek_event_handler_invocations_total	name	grab_vulnerable_versions	2.0
1777920658.284734	zeek	counter	zeek_event_handler_invocations_total	name	zeek_init	1.0
1777920658.284734	zeek	counter	zeek_total_sessions_total	protocol	unknown	1.0
1777920658.284734	zeek	counter	zeek_total_sessions_total	protocol	icmp	4.0
1777920658.284734	zeek	counter	zeek_total_sessions_total	protocol	udp	6.0
1777920658.284734	zeek	counter	zeek_total_sessions_total	protocol	tcp	0.0
1777920658.284734	zeek	gauge	zeek_version_info	beta,commit,debug,major,minor,patch,version_number,version_string	false,0,false,8,1,2,80102,8.1.2	1.0
1777920658.284734	zeek	gauge	zeek_net_packet_lag_seconds	(empty)	(empty)	0.001246
1777920658.284734	zeek	gauge	zeek_net_timestamp_seconds	(empty)	(empty)	1777920658.284734
1777920658.284734	zeek	gauge	zeek_msgthread_active_threads	(empty)	(empty)	6.0
1777920658.284734	zeek	gauge	zeek_msgthread_pending_in_messages	(empty)	(empty)	0.0
1777920658.284734	zeek	gauge	zeek_msgthread_pending_out_messages	(empty)	(empty)	0.0
1777920658.284734	zeek	gauge	zeek_msgthread_pending_messages_in_buckets	leq	inf	6.0
1777920658.284734	zeek	gauge	zeek_msgthread_pending_messages_in_buckets	leq	10000	6.0
1777920658.284734	zeek	gauge	zeek_msgthread_pending_messages_in_buckets	leq	1000	6.0
1777920658.284734	zeek	gauge	zeek_msgthread_pending_messages_in_buckets	leq	100	6.0
1777920658.284734	zeek	gauge	zeek_msgthread_pending_messages_in_buckets	leq	10	6.0
1777920658.284734	zeek	gauge	zeek_msgthread_pending_messages_in_buckets	leq	1	6.0
1777920658.284734	zeek	gauge	zeek_msgthread_pending_messages_out_buckets	leq	inf	6.0
1777920658.284734	zeek	gauge	zeek_msgthread_pending_messages_out_buckets	leq	10000	6.0
1777920658.284734	zeek	gauge	zeek_msgthread_pending_messages_out_buckets	leq	1000	6.0
1777920658.284734	zeek	gauge	zeek_msgthread_pending_messages_out_buckets	leq	100	6.0
1777920658.284734	zeek	gauge	zeek_msgthread_pending_messages_out_buckets	leq	10	6.0
1777920658.284734	zeek	gauge	zeek_msgthread_pending_messages_out_buckets	leq	1	6.0
1777920658.284734	zeek	gauge	zeek_broker_peers	(empty)	(empty)	0.0
1777920658.284734	zeek	gauge	zeek_broker_stores	(empty)	(empty)	1.0
1777920658.284734	zeek	gauge	zeek_broker_pending_queries	(empty)	(empty)	0.0
1777920658.284734	zeek	gauge	zeek_timers_lag_time_seconds	(empty)	(empty)	0.000955
1777920658.284734	zeek	gauge	zeek_timers_pending	type	LogDelayExpire	0.0
1777920658.284734	zeek	gauge	zeek_timers_pending	type	ThreadHeartbeat	1.0
1777920658.284734	zeek	gauge	zeek_timers_pending	type	TimerMgrExpireTimer	0.0
1777920658.284734	zeek	gauge	zeek_timers_pending	type	ParentProcessIDCheck	0.0
1777920658.284734	zeek	gauge	zeek_timers_pending	type	FragTimer	0.0
1777920658.284734	zeek	gauge	zeek_timers_pending	type	RotateTimer	0.0
1777920658.284734	zeek	gauge	zeek_timers_pending	type	FlowWeirdTimer	0.0
1777920658.284734	zeek	gauge	zeek_timers_pending	type	FileAnalysisInactivityTimer	0.0
1777920658.284734	zeek	gauge	zeek_timers_pending	type	StorageExpire	1.0
1777920658.284734	zeek	gauge	zeek_timers_pending	type	ConnectionInactivityTimer	11.0
1777920658.284734	zeek	gauge	zeek_timers_pending	type	TCPConnectionExpireTimer	0.0
1777920658.284734	zeek	gauge	zeek_timers_pending	type	ConnectionStatusUpdateTimer	0.0
1777920658.284734	zeek	gauge	zeek_timers_pending	type	LogFlushWriteBufferTimer	1.0
1777920658.284734	zeek	gauge	zeek_timers_pending	type	NetWeirdTimer	0.0
1777920658.284734	zeek	gauge	zeek_timers_pending	type	InterconnTimer	0.0
1777920658.284734	zeek	gauge	zeek_timers_pending	type	IPTunnelInactivityTimer	0.0
1777920658.284734	zeek	gauge	zeek_timers_pending	type	DNSExpireTimer	0.0
1777920658.284734	zeek	gauge	zeek_timers_pending	type	UnknownProtocolExpire	0.0
1777920658.284734	zeek	gauge	zeek_timers_pending	type	ProfileTimer	0.0
1777920658.284734	zeek	gauge	zeek_timers_pending	type	ConnectionExpireTimer	0.0
1777920658.284734	zeek	gauge	zeek_timers_pending	type	BreakpointTimer	0.0
1777920658.284734	zeek	gauge	zeek_timers_pending	type	BackdoorTimer	0.0
1777920658.284734	zeek	gauge	zeek_timers_pending	type	NetbiosExpireTimer	0.0
1777920658.284734	zeek	gauge	zeek_timers_pending	type	NetworkTimer	0.0
1777920658.284734	zeek	gauge	zeek_timers_pending	type	RemoveConnection	0.0
1777920658.284734	zeek	gauge	zeek_timers_pending	type	TCPConnectionResetTimer	0.0
1777920658.284734	zeek	gauge	zeek_timers_pending	type	ConnTupleWeirdTimer	0.0
1777920658.284734	zeek	gauge	zeek_timers_pending	type	TCPConnectionDeleteTimer	0.0
1777920658.284734	zeek	gauge	zeek_timers_pending	type	ScheduleTimer	6.0
1777920658.284734	zeek	gauge	zeek_timers_pending	type	NTPExpireTimer	0.0
1777920658.284734	zeek	gauge	zeek_timers_pending	type	RPCExpireTimer	0.0
1777920658.284734	zeek	gauge	zeek_timers_pending	type	ConnectionDeleteTimer	0.0
1777920658.284734	zeek	gauge	zeek_timers_pending	type	TriggerTimer	0.0
1777920658.284734	zeek	gauge	zeek_timers_pending	type	TableValTimer	34.0
1777920658.284734	zeek	gauge	zeek_timers_pending	type	TCPConnectionAttemptTimer	0.0
1777920658.284734	zeek	gauge	zeek_timers_pending	type	TCPConnectionPartialClose	0.0
1777920658.284734	zeek	gauge	zeek_dnsmgr_pending_asyncs_requests	(empty)	(empty)	0.0
1777920658.284734	zeek	gauge	zeek_dnsmgr_cache_entries	type	text	0.0
1777920658.284734	zeek	gauge	zeek_dnsmgr_cache_entries	type	address	0.0
1777920658.284734	zeek	gauge	zeek_dnsmgr_cache_entries	type	host	0.0
1777920658.284734	zeek	gauge	zeek_pending_triggers	(empty)	(empty)	0.0
1777920658.284734	zeek	gauge	zeek_active_sessions	protocol	unknown	1.0
1777920658.284734	zeek	gauge	zeek_active_sessions	protocol	icmp	4.0
1777920658.284734	zeek	gauge	zeek_active_sessions	protocol	udp	6.0
1777920658.284734	zeek	gauge	zeek_active_sessions	protocol	tcp	0.0
1777920718.285529	zeek	counter	process_cpu_user_seconds_total	(empty)	(empty)	0.45
1777920718.285529	zeek	counter	process_cpu_system_seconds_total	(empty)	(empty)	0.21
1777920718.285529	zeek	gauge	process_resident_memory_bytes	(empty)	(empty)	282456064.0
1777920718.285529	zeek	gauge	process_virtual_memory_bytes	(empty)	(empty)	1543462912.0
1777920718.285529	zeek	gauge	process_open_fds	(empty)	(empty)	43.0
1777920718.285529	zeek	gauge	process_start_time_seconds	(empty)	(empty)	1777920597.582311
1777920718.285529	zeek	counter	zeek_log_stream_writes_total	module,stream	Conn,Conn::LOG	10.0
1777920718.285529	zeek	counter	zeek_log_stream_writes_total	module,stream	CaptureLoss,CaptureLoss::LOG	1.0
1777920718.285529	zeek	counter	zeek_log_stream_writes_total	module,stream	Notice,Notice::LOG	1.0
1777920718.285529	zeek	counter	zeek_log_stream_writes_total	module,stream	Stats,Stats::LOG	1.0
1777920718.285529	zeek	counter	zeek_log_stream_writes_total	module,stream	Telemetry,Telemetry::LOG	255.0
1777920718.285529	zeek	counter	zeek_log_stream_writes_total	module,stream	LoadedScripts,LoadedScripts::LOG	538.0
1777920718.285529	zeek	counter	zeek_log_stream_writes_total	module,stream	PacketFilter,PacketFilter::LOG	1.0
1777920718.285529	zeek	counter	zeek_log_writer_writes_total	filter_name,module,path,stream,writer	default,Conn,conn,Conn::LOG,Log::WRITER_ASCII	10.0
1777920718.285529	zeek	counter	zeek_log_writer_writes_total	filter_name,module,path,stream,writer	default,CaptureLoss,capture_loss,CaptureLoss::LOG,Log::WRITER_ASCII	1.0
1777920718.285529	zeek	counter	zeek_log_writer_writes_total	filter_name,module,path,stream,writer	default,Notice,notice,Notice::LOG,Log::WRITER_ASCII	1.0
1777920718.285529	zeek	counter	zeek_log_writer_writes_total	filter_name,module,path,stream,writer	default,Stats,stats,Stats::LOG,Log::WRITER_ASCII	1.0
1777920718.285529	zeek	counter	zeek_log_writer_writes_total	filter_name,module,path,stream,writer	default,Telemetry,telemetry,Telemetry::LOG,Log::WRITER_ASCII	255.0
1777920718.285529	zeek	counter	zeek_log_writer_writes_total	filter_name,module,path,stream,writer	default,LoadedScripts,loaded_scripts,LoadedScripts::LOG,Log::WRITER_ASCII	538.0
1777920718.285529	zeek	counter	zeek_log_writer_writes_total	filter_name,module,path,stream,writer	default,PacketFilter,packet_filter,PacketFilter::LOG,Log::WRITER_ASCII	1.0
1777920718.285529	zeek	counter	zeek_log_writer_discarded_writes_total	filter_name,module,path,stream,writer	default,Conn,conn,Conn::LOG,Log::WRITER_ASCII	0.0
1777920718.285529	zeek	counter	zeek_log_writer_discarded_writes_total	filter_name,module,path,stream,writer	default,CaptureLoss,capture_loss,CaptureLoss::LOG,Log::WRITER_ASCII	0.0
1777920718.285529	zeek	counter	zeek_log_writer_discarded_writes_total	filter_name,module,path,stream,writer	default,Notice,notice,Notice::LOG,Log::WRITER_ASCII	0.0
1777920718.285529	zeek	counter	zeek_log_writer_discarded_writes_total	filter_name,module,path,stream,writer	default,Stats,stats,Stats::LOG,Log::WRITER_ASCII	0.0
1777920718.285529	zeek	counter	zeek_log_writer_discarded_writes_total	filter_name,module,path,stream,writer	default,Telemetry,telemetry,Telemetry::LOG,Log::WRITER_ASCII	0.0
1777920718.285529	zeek	counter	zeek_log_writer_discarded_writes_total	filter_name,module,path,stream,writer	default,LoadedScripts,loaded_scripts,LoadedScripts::LOG,Log::WRITER_ASCII	0.0
1777920718.285529	zeek	counter	zeek_log_writer_discarded_writes_total	filter_name,module,path,stream,writer	default,PacketFilter,packet_filter,PacketFilter::LOG,Log::WRITER_ASCII	0.0
1777920718.285529	zeek	counter	zeek_log_writer_truncated_string_fields_total	filter_name,module,path,stream,writer	default,Conn,conn,Conn::LOG,Log::WRITER_ASCII	0.0
1777920718.285529	zeek	counter	zeek_log_writer_truncated_string_fields_total	filter_name,module,path,stream,writer	default,CaptureLoss,capture_loss,CaptureLoss::LOG,Log::WRITER_ASCII	0.0
1777920718.285529	zeek	counter	zeek_log_writer_truncated_string_fields_total	filter_name,module,path,stream,writer	default,Notice,notice,Notice::LOG,Log::WRITER_ASCII	0.0
1777920718.285529	zeek	counter	zeek_log_writer_truncated_string_fields_total	filter_name,module,path,stream,writer	default,Stats,stats,Stats::LOG,Log::WRITER_ASCII	0.0
1777920718.285529	zeek	counter	zeek_log_writer_truncated_string_fields_total	filter_name,module,path,stream,writer	default,Telemetry,telemetry,Telemetry::LOG,Log::WRITER_ASCII	0.0
1777920718.285529	zeek	counter	zeek_log_writer_truncated_string_fields_total	filter_name,module,path,stream,writer	default,LoadedScripts,loaded_scripts,LoadedScripts::LOG,Log::WRITER_ASCII	0.0
1777920718.285529	zeek	counter	zeek_log_writer_truncated_string_fields_total	filter_name,module,path,stream,writer	default,PacketFilter,packet_filter,PacketFilter::LOG,Log::WRITER_ASCII	0.0
1777920718.285529	zeek	counter	zeek_log_writer_truncated_containers_total	filter_name,module,path,stream,writer	default,Conn,conn,Conn::LOG,Log::WRITER_ASCII	0.0
1777920718.285529	zeek	counter	zeek_log_writer_truncated_containers_total	filter_name,module,path,stream,writer	default,CaptureLoss,capture_loss,CaptureLoss::LOG,Log::WRITER_ASCII	0.0
1777920718.285529	zeek	counter	zeek_log_writer_truncated_containers_total	filter_name,module,path,stream,writer	default,Notice,notice,Notice::LOG,Log::WRITER_ASCII	0.0
1777920718.285529	zeek	counter	zeek_log_writer_truncated_containers_total	filter_name,module,path,stream,writer	default,Stats,stats,Stats::LOG,Log::WRITER_ASCII	0.0
1777920718.285529	zeek	counter	zeek_log_writer_truncated_containers_total	filter_name,module,path,stream,writer	default,Telemetry,telemetry,Telemetry::LOG,Log::WRITER_ASCII	0.0
1777920718.285529	zeek	counter	zeek_log_writer_truncated_containers_total	filter_name,module,path,stream,writer	default,LoadedScripts,loaded_scripts,LoadedScripts::LOG,Log::WRITER_ASCII	0.0
1777920718.285529	zeek	counter	zeek_log_writer_truncated_containers_total	filter_name,module,path,stream,writer	default,PacketFilter,packet_filter,PacketFilter::LOG,Log::WRITER_ASCII	0.0
1777920718.285529	zeek	counter	zeek_net_received_bytes_total	(empty)	(empty)	4753.0
1777920718.285529	zeek	counter	zeek_net_received_packets_total	(empty)	(empty)	34.0
1777920718.285529	zeek	counter	zeek_net_dropped_packets_total	(empty)	(empty)	0.0
1777920718.285529	zeek	counter	zeek_net_link_packets_total	(empty)	(empty)	34.0
1777920718.285529	zeek	counter	zeek_msgthread_threads_total	(empty)	(empty)	7.0
1777920718.285529	zeek	counter	zeek_msgthread_in_messages_total	(empty)	(empty)	18.0
1777920718.285529	zeek	counter	zeek_msgthread_out_messages_total	(empty)	(empty)	0.0
1777920718.285529	zeek	counter	zeek_cluster_core_outgoing_events_total	(empty)	(empty)	0.0
1777920718.285529	zeek	counter	zeek_cluster_core_incoming_events_total	(empty)	(empty)	0.0
1777920718.285529	zeek	counter	zeek_broker_incoming_events_total	(empty)	(empty)	0.0
1777920718.285529	zeek	counter	zeek_broker_outgoing_events_total	(empty)	(empty)	0.0
1777920718.285529	zeek	counter	zeek_broker_incoming_logs_total	(empty)	(empty)	0.0
1777920718.285529	zeek	counter	zeek_broker_outgoing_logs_total	(empty)	(empty)	0.0
1777920718.285529	zeek	counter	zeek_broker_incoming_ids_total	(empty)	(empty)	0.0
1777920718.285529	zeek	counter	zeek_broker_outgoing_ids_total	(empty)	(empty)	0.0
1777920718.285529	zeek	counter	zeek_timers_total	(empty)	(empty)	889.0
1777920718.285529	zeek	counter	zeek_dnsmgr_requests_total	(empty)	(empty)	0.0
1777920718.285529	zeek	counter	zeek_dnsmgr_successful_requests_total	(empty)	(empty)	0.0
1777920718.285529	zeek	counter	zeek_dnsmgr_failed_requests_total	(empty)	(empty)	0.0
1777920718.285529	zeek	counter	zeek_triggers_total	(empty)	(empty)	0.0
1777920718.285529	zeek	counter	zeek_ended_sessions_total	reason	inactivity	10.0
1777920718.285529	zeek	counter	zeek_event_handler_invocations_total	name	connection_state_remove	10.0
1777920718.285529	zeek	counter	zeek_event_handler_invocations_total	name	zeek_init	1.0
1777920718.285529	zeek	counter	zeek_event_handler_invocations_total	name	Telemetry::log	3.0
1777920718.285529	zeek	counter	zeek_event_handler_invocations_total	name	NetControl::init	1.0
1777920718.285529	zeek	counter	zeek_event_handler_invocations_total	name	ChecksumOffloading::check	2.0
1777920718.285529	zeek	counter	zeek_event_handler_invocations_total	name	grab_vulnerable_versions	2.0
1777920718.285529	zeek	counter	zeek_event_handler_invocations_total	name	filter_change_tracking	2.0
1777920718.285529	zeek	counter	zeek_event_handler_invocations_total	name	Broker::log_flush	120.0
1777920718.285529	zeek	counter	zeek_event_handler_invocations_total	name	zeek_script_loaded	538.0
1777920718.285529	zeek	counter	zeek_event_handler_invocations_total	name	new_connection	11.0
1777920718.285529	zeek	counter	zeek_event_handler_invocations_total	name	check_stats	1.0
1777920718.285529	zeek	counter	zeek_event_handler_invocations_total	name	CaptureLoss::take_measurement	2.0
1777920718.285529	zeek	counter	zeek_event_handler_invocations_total	name	net_stats_update	1.0
1777920718.285529	zeek	counter	zeek_event_handler_invocations_total	name	SumStats::finish_epoch	3.0
1777920718.285529	zeek	counter	zeek_total_sessions_total	protocol	unknown	1.0
1777920718.285529	zeek	counter	zeek_total_sessions_total	protocol	icmp	4.0
1777920718.285529	zeek	counter	zeek_total_sessions_total	protocol	udp	6.0
1777920718.285529	zeek	counter	zeek_total_sessions_total	protocol	tcp	0.0
1777920718.285529	zeek	gauge	zeek_version_info	beta,commit,debug,major,minor,patch,version_number,version_string	false,0,false,8,1,2,80102,8.1.2	1.0
1777920718.285529	zeek	gauge	zeek_net_packet_lag_seconds	(empty)	(empty)	0.002525
1777920718.285529	zeek	gauge	zeek_net_timestamp_seconds	(empty)	(empty)	1777920718.285529
1777920718.285529	zeek	gauge	zeek_msgthread_active_threads	(empty)	(empty)	7.0
1777920718.285529	zeek	gauge	zeek_msgthread_pending_in_messages	(empty)	(empty)	0.0
1777920718.285529	zeek	gauge	zeek_msgthread_pending_out_messages	(empty)	(empty)	0.0
1777920718.285529	zeek	gauge	zeek_msgthread_pending_messages_in_buckets	leq	inf	7.0
1777920718.285529	zeek	gauge	zeek_msgthread_pending_messages_in_buckets	leq	10000	7.0
1777920718.285529	zeek	gauge	zeek_msgthread_pending_messages_in_buckets	leq	1000	7.0
1777920718.285529	zeek	gauge	zeek_msgthread_pending_messages_in_buckets	leq	100	7.0
1777920718.285529	zeek	gauge	zeek_msgthread_pending_messages_in_buckets	leq	10	7.0
1777920718.285529	zeek	gauge	zeek_msgthread_pending_messages_in_buckets	leq	1	7.0
1777920718.285529	zeek	gauge	zeek_msgthread_pending_messages_out_buckets	leq	inf	7.0
1777920718.285529	zeek	gauge	zeek_msgthread_pending_messages_out_buckets	leq	10000	7.0
1777920718.285529	zeek	gauge	zeek_msgthread_pending_messages_out_buckets	leq	1000	7.0
1777920718.285529	zeek	gauge	zeek_msgthread_pending_messages_out_buckets	leq	100	7.0
1777920718.285529	zeek	gauge	zeek_msgthread_pending_messages_out_buckets	leq	10	7.0
1777920718.285529	zeek	gauge	zeek_msgthread_pending_messages_out_buckets	leq	1	7.0
1777920718.285529	zeek	gauge	zeek_broker_peers	(empty)	(empty)	0.0
1777920718.285529	zeek	gauge	zeek_broker_stores	(empty)	(empty)	1.0
1777920718.285529	zeek	gauge	zeek_broker_pending_queries	(empty)	(empty)	0.0
1777920718.285529	zeek	gauge	zeek_timers_lag_time_seconds	(empty)	(empty)	0.000795
1777920718.285529	zeek	gauge	zeek_timers_pending	type	LogDelayExpire	0.0
1777920718.285529	zeek	gauge	zeek_timers_pending	type	ThreadHeartbeat	1.0
1777920718.285529	zeek	gauge	zeek_timers_pending	type	TimerMgrExpireTimer	0.0
1777920718.285529	zeek	gauge	zeek_timers_pending	type	ParentProcessIDCheck	0.0
1777920718.285529	zeek	gauge	zeek_timers_pending	type	FragTimer	0.0
1777920718.285529	zeek	gauge	zeek_timers_pending	type	RotateTimer	0.0
1777920718.285529	zeek	gauge	zeek_timers_pending	type	FlowWeirdTimer	0.0
1777920718.285529	zeek	gauge	zeek_timers_pending	type	FileAnalysisInactivityTimer	0.0
1777920718.285529	zeek	gauge	zeek_timers_pending	type	StorageExpire	1.0
1777920718.285529	zeek	gauge	zeek_timers_pending	type	ConnectionInactivityTimer	1.0
1777920718.285529	zeek	gauge	zeek_timers_pending	type	TCPConnectionExpireTimer	0.0
1777920718.285529	zeek	gauge	zeek_timers_pending	type	ConnectionStatusUpdateTimer	0.0
1777920718.285529	zeek	gauge	zeek_timers_pending	type	LogFlushWriteBufferTimer	1.0
1777920718.285529	zeek	gauge	zeek_timers_pending	type	NetWeirdTimer	0.0
1777920718.285529	zeek	gauge	zeek_timers_pending	type	InterconnTimer	0.0
1777920718.285529	zeek	gauge	zeek_timers_pending	type	IPTunnelInactivityTimer	0.0
1777920718.285529	zeek	gauge	zeek_timers_pending	type	DNSExpireTimer	0.0
1777920718.285529	zeek	gauge	zeek_timers_pending	type	UnknownProtocolExpire	0.0
1777920718.285529	zeek	gauge	zeek_timers_pending	type	ProfileTimer	0.0
1777920718.285529	zeek	gauge	zeek_timers_pending	type	ConnectionExpireTimer	0.0
1777920718.285529	zeek	gauge	zeek_timers_pending	type	BreakpointTimer	0.0
1777920718.285529	zeek	gauge	zeek_timers_pending	type	BackdoorTimer	0.0
1777920718.285529	zeek	gauge	zeek_timers_pending	type	NetbiosExpireTimer	0.0
1777920718.285529	zeek	gauge	zeek_timers_pending	type	NetworkTimer	0.0
1777920718.285529	zeek	gauge	zeek_timers_pending	type	RemoveConnection	0.0
1777920718.285529	zeek	gauge	zeek_timers_pending	type	TCPConnectionResetTimer	0.0
1777920718.285529	zeek	gauge	zeek_timers_pending	type	ConnTupleWeirdTimer	0.0
1777920718.285529	zeek	gauge	zeek_timers_pending	type	TCPConnectionDeleteTimer	0.0
1777920718.285529	zeek	gauge	zeek_timers_pending	type	ScheduleTimer	6.0
1777920718.285529	zeek	gauge	zeek_timers_pending	type	NTPExpireTimer	0.0
1777920718.285529	zeek	gauge	zeek_timers_pending	type	RPCExpireTimer	0.0
1777920718.285529	zeek	gauge	zeek_timers_pending	type	ConnectionDeleteTimer	0.0
1777920718.285529	zeek	gauge	zeek_timers_pending	type	TriggerTimer	0.0
1777920718.285529	zeek	gauge	zeek_timers_pending	type	TableValTimer	34.0
1777920718.285529	zeek	gauge	zeek_timers_pending	type	TCPConnectionAttemptTimer	0.0
1777920718.285529	zeek	gauge	zeek_timers_pending	type	TCPConnectionPartialClose	0.0
1777920718.285529	zeek	gauge	zeek_dnsmgr_pending_asyncs_requests	(empty)	(empty)	0.0
1777920718.285529	zeek	gauge	zeek_dnsmgr_cache_entries	type	text	0.0
1777920718.285529	zeek	gauge	zeek_dnsmgr_cache_entries	type	address	0.0
1777920718.285529	zeek	gauge	zeek_dnsmgr_cache_entries	type	host	0.0
1777920718.285529	zeek	gauge	zeek_pending_triggers	(empty)	(empty)	0.0
1777920718.285529	zeek	gauge	zeek_active_sessions	protocol	unknown	0.0
1777920718.285529	zeek	gauge	zeek_active_sessions	protocol	icmp	1.0
1777920718.285529	zeek	gauge	zeek_active_sessions	protocol	udp	0.0
1777920718.285529	zeek	gauge	zeek_active_sessions	protocol	tcp	0.0
1777920778.286288	zeek	counter	process_cpu_user_seconds_total	(empty)	(empty)	0.52
1777920778.286288	zeek	counter	process_cpu_system_seconds_total	(empty)	(empty)	0.26
1777920778.286288	zeek	gauge	process_resident_memory_bytes	(empty)	(empty)	282456064.0
1777920778.286288	zeek	gauge	process_virtual_memory_bytes	(empty)	(empty)	1543462912.0
1777920778.286288	zeek	gauge	process_open_fds	(empty)	(empty)	43.0
1777920778.286288	zeek	gauge	process_start_time_seconds	(empty)	(empty)	1777920597.582311
1777920778.286288	zeek	counter	zeek_log_stream_writes_total	module,stream	Conn,Conn::LOG	11.0
1777920778.286288	zeek	counter	zeek_log_stream_writes_total	module,stream	CaptureLoss,CaptureLoss::LOG	1.0
1777920778.286288	zeek	counter	zeek_log_stream_writes_total	module,stream	Notice,Notice::LOG	1.0
1777920778.286288	zeek	counter	zeek_log_stream_writes_total	module,stream	Stats,Stats::LOG	1.0
1777920778.286288	zeek	counter	zeek_log_stream_writes_total	module,stream	Telemetry,Telemetry::LOG	402.0
1777920778.286288	zeek	counter	zeek_log_stream_writes_total	module,stream	LoadedScripts,LoadedScripts::LOG	538.0
1777920778.286288	zeek	counter	zeek_log_stream_writes_total	module,stream	PacketFilter,PacketFilter::LOG	1.0
1777920778.286288	zeek	counter	zeek_log_writer_writes_total	filter_name,module,path,stream,writer	default,Conn,conn,Conn::LOG,Log::WRITER_ASCII	11.0
1777920778.286288	zeek	counter	zeek_log_writer_writes_total	filter_name,module,path,stream,writer	default,CaptureLoss,capture_loss,CaptureLoss::LOG,Log::WRITER_ASCII	1.0
1777920778.286288	zeek	counter	zeek_log_writer_writes_total	filter_name,module,path,stream,writer	default,Notice,notice,Notice::LOG,Log::WRITER_ASCII	1.0
1777920778.286288	zeek	counter	zeek_log_writer_writes_total	filter_name,module,path,stream,writer	default,Stats,stats,Stats::LOG,Log::WRITER_ASCII	1.0
1777920778.286288	zeek	counter	zeek_log_writer_writes_total	filter_name,module,path,stream,writer	default,Telemetry,telemetry,Telemetry::LOG,Log::WRITER_ASCII	402.0
1777920778.286288	zeek	counter	zeek_log_writer_writes_total	filter_name,module,path,stream,writer	default,LoadedScripts,loaded_scripts,LoadedScripts::LOG,Log::WRITER_ASCII	538.0
1777920778.286288	zeek	counter	zeek_log_writer_writes_total	filter_name,module,path,stream,writer	default,PacketFilter,packet_filter,PacketFilter::LOG,Log::WRITER_ASCII	1.0
1777920778.286288	zeek	counter	zeek_log_writer_discarded_writes_total	filter_name,module,path,stream,writer	default,Conn,conn,Conn::LOG,Log::WRITER_ASCII	0.0
1777920778.286288	zeek	counter	zeek_log_writer_discarded_writes_total	filter_name,module,path,stream,writer	default,CaptureLoss,capture_loss,CaptureLoss::LOG,Log::WRITER_ASCII	0.0
1777920778.286288	zeek	counter	zeek_log_writer_discarded_writes_total	filter_name,module,path,stream,writer	default,Notice,notice,Notice::LOG,Log::WRITER_ASCII	0.0
1777920778.286288	zeek	counter	zeek_log_writer_discarded_writes_total	filter_name,module,path,stream,writer	default,Stats,stats,Stats::LOG,Log::WRITER_ASCII	0.0
1777920778.286288	zeek	counter	zeek_log_writer_discarded_writes_total	filter_name,module,path,stream,writer	default,Telemetry,telemetry,Telemetry::LOG,Log::WRITER_ASCII	0.0
1777920778.286288	zeek	counter	zeek_log_writer_discarded_writes_total	filter_name,module,path,stream,writer	default,LoadedScripts,loaded_scripts,LoadedScripts::LOG,Log::WRITER_ASCII	0.0
1777920778.286288	zeek	counter	zeek_log_writer_discarded_writes_total	filter_name,module,path,stream,writer	default,PacketFilter,packet_filter,PacketFilter::LOG,Log::WRITER_ASCII	0.0
1777920778.286288	zeek	counter	zeek_log_writer_truncated_string_fields_total	filter_name,module,path,stream,writer	default,Conn,conn,Conn::LOG,Log::WRITER_ASCII	0.0
1777920778.286288	zeek	counter	zeek_log_writer_truncated_string_fields_total	filter_name,module,path,stream,writer	default,CaptureLoss,capture_loss,CaptureLoss::LOG,Log::WRITER_ASCII	0.0
1777920778.286288	zeek	counter	zeek_log_writer_truncated_string_fields_total	filter_name,module,path,stream,writer	default,Notice,notice,Notice::LOG,Log::WRITER_ASCII	0.0
1777920778.286288	zeek	counter	zeek_log_writer_truncated_string_fields_total	filter_name,module,path,stream,writer	default,Stats,stats,Stats::LOG,Log::WRITER_ASCII	0.0
1777920778.286288	zeek	counter	zeek_log_writer_truncated_string_fields_total	filter_name,module,path,stream,writer	default,Telemetry,telemetry,Telemetry::LOG,Log::WRITER_ASCII	0.0
1777920778.286288	zeek	counter	zeek_log_writer_truncated_string_fields_total	filter_name,module,path,stream,writer	default,LoadedScripts,loaded_scripts,LoadedScripts::LOG,Log::WRITER_ASCII	0.0
1777920778.286288	zeek	counter	zeek_log_writer_truncated_string_fields_total	filter_name,module,path,stream,writer	default,PacketFilter,packet_filter,PacketFilter::LOG,Log::WRITER_ASCII	0.0
1777920778.286288	zeek	counter	zeek_log_writer_truncated_containers_total	filter_name,module,path,stream,writer	default,Conn,conn,Conn::LOG,Log::WRITER_ASCII	0.0
1777920778.286288	zeek	counter	zeek_log_writer_truncated_containers_total	filter_name,module,path,stream,writer	default,CaptureLoss,capture_loss,CaptureLoss::LOG,Log::WRITER_ASCII	0.0
1777920778.286288	zeek	counter	zeek_log_writer_truncated_containers_total	filter_name,module,path,stream,writer	default,Notice,notice,Notice::LOG,Log::WRITER_ASCII	0.0
1777920778.286288	zeek	counter	zeek_log_writer_truncated_containers_total	filter_name,module,path,stream,writer	default,Stats,stats,Stats::LOG,Log::WRITER_ASCII	0.0
1777920778.286288	zeek	counter	zeek_log_writer_truncated_containers_total	filter_name,module,path,stream,writer	default,Telemetry,telemetry,Telemetry::LOG,Log::WRITER_ASCII	0.0
1777920778.286288	zeek	counter	zeek_log_writer_truncated_containers_total	filter_name,module,path,stream,writer	default,LoadedScripts,loaded_scripts,LoadedScripts::LOG,Log::WRITER_ASCII	0.0
1777920778.286288	zeek	counter	zeek_log_writer_truncated_containers_total	filter_name,module,path,stream,writer	default,PacketFilter,packet_filter,PacketFilter::LOG,Log::WRITER_ASCII	0.0
1777920778.286288	zeek	counter	zeek_net_received_bytes_total	(empty)	(empty)	4753.0
1777920778.286288	zeek	counter	zeek_net_received_packets_total	(empty)	(empty)	34.0
1777920778.286288	zeek	counter	zeek_net_dropped_packets_total	(empty)	(empty)	0.0
1777920778.286288	zeek	counter	zeek_net_link_packets_total	(empty)	(empty)	34.0
1777920778.286288	zeek	counter	zeek_msgthread_threads_total	(empty)	(empty)	7.0
1777920778.286288	zeek	counter	zeek_msgthread_in_messages_total	(empty)	(empty)	20.0
1777920778.286288	zeek	counter	zeek_msgthread_out_messages_total	(empty)	(empty)	0.0
1777920778.286288	zeek	counter	zeek_cluster_core_outgoing_events_total	(empty)	(empty)	0.0
1777920778.286288	zeek	counter	zeek_cluster_core_incoming_events_total	(empty)	(empty)	0.0
1777920778.286288	zeek	counter	zeek_broker_incoming_events_total	(empty)	(empty)	0.0
1777920778.286288	zeek	counter	zeek_broker_outgoing_events_total	(empty)	(empty)	0.0
1777920778.286288	zeek	counter	zeek_broker_incoming_logs_total	(empty)	(empty)	0.0
1777920778.286288	zeek	counter	zeek_broker_outgoing_logs_total	(empty)	(empty)	0.0
1777920778.286288	zeek	counter	zeek_broker_incoming_ids_total	(empty)	(empty)	0.0
1777920778.286288	zeek	counter	zeek_broker_outgoing_ids_total	(empty)	(empty)	0.0
1777920778.286288	zeek	counter	zeek_timers_total	(empty)	(empty)	1278.0
1777920778.286288	zeek	counter	zeek_dnsmgr_requests_total	(empty)	(empty)	0.0
1777920778.286288	zeek	counter	zeek_dnsmgr_successful_requests_total	(empty)	(empty)	0.0
1777920778.286288	zeek	counter	zeek_dnsmgr_failed_requests_total	(empty)	(empty)	0.0
1777920778.286288	zeek	counter	zeek_triggers_total	(empty)	(empty)	0.0
1777920778.286288	zeek	counter	zeek_ended_sessions_total	reason	inactivity	11.0
1777920778.286288	zeek	counter	zeek_event_handler_invocations_total	name	connection_state_remove	11.0
1777920778.286288	zeek	counter	zeek_event_handler_invocations_total	name	zeek_init	1.0
1777920778.286288	zeek	counter	zeek_event_handler_invocations_total	name	Telemetry::log	4.0
1777920778.286288	zeek	counter	zeek_event_handler_invocations_total	name	NetControl::init	1.0
1777920778.286288	zeek	counter	zeek_event_handler_invocations_total	name	ChecksumOffloading::check	2.0
1777920778.286288	zeek	counter	zeek_event_handler_invocations_total	name	grab_vulnerable_versions	2.0
1777920778.286288	zeek	counter	zeek_event_handler_invocations_total	name	filter_change_tracking	2.0
1777920778.286288	zeek	counter	zeek_event_handler_invocations_total	name	Broker::log_flush	180.0
1777920778.286288	zeek	counter	zeek_event_handler_invocations_total	name	zeek_script_loaded	538.0
1777920778.286288	zeek	counter	zeek_event_handler_invocations_total	name	new_connection	11.0
1777920778.286288	zeek	counter	zeek_event_handler_invocations_total	name	check_stats	1.0
1777920778.286288	zeek	counter	zeek_event_handler_invocations_total	name	CaptureLoss::take_measurement	2.0
1777920778.286288	zeek	counter	zeek_event_handler_invocations_total	name	net_stats_update	1.0
1777920778.286288	zeek	counter	zeek_event_handler_invocations_total	name	SumStats::finish_epoch	3.0
1777920778.286288	zeek	counter	zeek_total_sessions_total	protocol	unknown	1.0
1777920778.286288	zeek	counter	zeek_total_sessions_total	protocol	icmp	4.0
1777920778.286288	zeek	counter	zeek_total_sessions_total	protocol	udp	6.0
1777920778.286288	zeek	counter	zeek_total_sessions_total	protocol	tcp	0.0
1777920778.286288	zeek	gauge	zeek_version_info	beta,commit,debug,major,minor,patch,version_number,version_string	false,0,false,8,1,2,80102,8.1.2	1.0
1777920778.286288	zeek	gauge	zeek_net_packet_lag_seconds	(empty)	(empty)	0.002603
1777920778.286288	zeek	gauge	zeek_net_timestamp_seconds	(empty)	(empty)	1777920778.286288
1777920778.286288	zeek	gauge	zeek_msgthread_active_threads	(empty)	(empty)	7.0
1777920778.286288	zeek	gauge	zeek_msgthread_pending_in_messages	(empty)	(empty)	0.0
1777920778.286288	zeek	gauge	zeek_msgthread_pending_out_messages	(empty)	(empty)	0.0
1777920778.286288	zeek	gauge	zeek_msgthread_pending_messages_in_buckets	leq	inf	7.0
1777920778.286288	zeek	gauge	zeek_msgthread_pending_messages_in_buckets	leq	10000	7.0
1777920778.286288	zeek	gauge	zeek_msgthread_pending_messages_in_buckets	leq	1000	7.0
1777920778.286288	zeek	gauge	zeek_msgthread_pending_messages_in_buckets	leq	100	7.0
1777920778.286288	zeek	gauge	zeek_msgthread_pending_messages_in_buckets	leq	10	7.0
1777920778.286288	zeek	gauge	zeek_msgthread_pending_messages_in_buckets	leq	1	7.0
1777920778.286288	zeek	gauge	zeek_msgthread_pending_messages_out_buckets	leq	inf	7.0
1777920778.286288	zeek	gauge	zeek_msgthread_pending_messages_out_buckets	leq	10000	7.0
1777920778.286288	zeek	gauge	zeek_msgthread_pending_messages_out_buckets	leq	1000	7.0
1777920778.286288	zeek	gauge	zeek_msgthread_pending_messages_out_buckets	leq	100	7.0
1777920778.286288	zeek	gauge	zeek_msgthread_pending_messages_out_buckets	leq	10	7.0
1777920778.286288	zeek	gauge	zeek_msgthread_pending_messages_out_buckets	leq	1	7.0
1777920778.286288	zeek	gauge	zeek_broker_peers	(empty)	(empty)	0.0
1777920778.286288	zeek	gauge	zeek_broker_stores	(empty)	(empty)	1.0
1777920778.286288	zeek	gauge	zeek_broker_pending_queries	(empty)	(empty)	0.0
1777920778.286288	zeek	gauge	zeek_timers_lag_time_seconds	(empty)	(empty)	0.000759
1777920778.286288	zeek	gauge	zeek_timers_pending	type	LogDelayExpire	0.0
1777920778.286288	zeek	gauge	zeek_timers_pending	type	ThreadHeartbeat	1.0
1777920778.286288	zeek	gauge	zeek_timers_pending	type	TimerMgrExpireTimer	0.0
1777920778.286288	zeek	gauge	zeek_timers_pending	type	ParentProcessIDCheck	0.0
1777920778.286288	zeek	gauge	zeek_timers_pending	type	FragTimer	0.0
1777920778.286288	zeek	gauge	zeek_timers_pending	type	RotateTimer	0.0
1777920778.286288	zeek	gauge	zeek_timers_pending	type	FlowWeirdTimer	0.0
1777920778.286288	zeek	gauge	zeek_timers_pending	type	FileAnalysisInactivityTimer	0.0
1777920778.286288	zeek	gauge	zeek_timers_pending	type	StorageExpire	1.0
1777920778.286288	zeek	gauge	zeek_timers_pending	type	ConnectionInactivityTimer	0.0
1777920778.286288	zeek	gauge	zeek_timers_pending	type	TCPConnectionExpireTimer	0.0
1777920778.286288	zeek	gauge	zeek_timers_pending	type	ConnectionStatusUpdateTimer	0.0
1777920778.286288	zeek	gauge	zeek_timers_pending	type	LogFlushWriteBufferTimer	1.0
1777920778.286288	zeek	gauge	zeek_timers_pending	type	NetWeirdTimer	0.0
1777920778.286288	zeek	gauge	zeek_timers_pending	type	InterconnTimer	0.0
1777920778.286288	zeek	gauge	zeek_timers_pending	type	IPTunnelInactivityTimer	0.0
1777920778.286288	zeek	gauge	zeek_timers_pending	type	DNSExpireTimer	0.0
1777920778.286288	zeek	gauge	zeek_timers_pending	type	UnknownProtocolExpire	0.0
1777920778.286288	zeek	gauge	zeek_timers_pending	type	ProfileTimer	0.0
1777920778.286288	zeek	gauge	zeek_timers_pending	type	ConnectionExpireTimer	0.0
1777920778.286288	zeek	gauge	zeek_timers_pending	type	BreakpointTimer	0.0
1777920778.286288	zeek	gauge	zeek_timers_pending	type	BackdoorTimer	0.0
1777920778.286288	zeek	gauge	zeek_timers_pending	type	NetbiosExpireTimer	0.0
1777920778.286288	zeek	gauge	zeek_timers_pending	type	NetworkTimer	0.0
1777920778.286288	zeek	gauge	zeek_timers_pending	type	RemoveConnection	0.0
1777920778.286288	zeek	gauge	zeek_timers_pending	type	TCPConnectionResetTimer	0.0
1777920778.286288	zeek	gauge	zeek_timers_pending	type	ConnTupleWeirdTimer	0.0
1777920778.286288	zeek	gauge	zeek_timers_pending	type	TCPConnectionDeleteTimer	0.0
1777920778.286288	zeek	gauge	zeek_timers_pending	type	ScheduleTimer	6.0
1777920778.286288	zeek	gauge	zeek_timers_pending	type	NTPExpireTimer	0.0
1777920778.286288	zeek	gauge	zeek_timers_pending	type	RPCExpireTimer	0.0
1777920778.286288	zeek	gauge	zeek_timers_pending	type	ConnectionDeleteTimer	0.0
1777920778.286288	zeek	gauge	zeek_timers_pending	type	TriggerTimer	0.0
1777920778.286288	zeek	gauge	zeek_timers_pending	type	TableValTimer	34.0
1777920778.286288	zeek	gauge	zeek_timers_pending	type	TCPConnectionAttemptTimer	0.0
1777920778.286288	zeek	gauge	zeek_timers_pending	type	TCPConnectionPartialClose	0.0
1777920778.286288	zeek	gauge	zeek_dnsmgr_pending_asyncs_requests	(empty)	(empty)	0.0
1777920778.286288	zeek	gauge	zeek_dnsmgr_cache_entries	type	text	0.0
1777920778.286288	zeek	gauge	zeek_dnsmgr_cache_entries	type	address	0.0
1777920778.286288	zeek	gauge	zeek_dnsmgr_cache_entries	type	host	0.0
1777920778.286288	zeek	gauge	zeek_pending_triggers	(empty)	(empty)	0.0
1777920778.286288	zeek	gauge	zeek_active_sessions	protocol	unknown	0.0
1777920778.286288	zeek	gauge	zeek_active_sessions	protocol	icmp	0.0
1777920778.286288	zeek	gauge	zeek_active_sessions	protocol	udp	0.0
1777920778.286288	zeek	gauge	zeek_active_sessions	protocol	tcp	0.0
1777920838.286943	zeek	counter	process_cpu_user_seconds_total	(empty)	(empty)	0.62
1777920838.286943	zeek	counter	process_cpu_system_seconds_total	(empty)	(empty)	0.29
1777920838.286943	zeek	gauge	process_resident_memory_bytes	(empty)	(empty)	282456064.0
1777920838.286943	zeek	gauge	process_virtual_memory_bytes	(empty)	(empty)	1543462912.0
1777920838.286943	zeek	gauge	process_open_fds	(empty)	(empty)	43.0
1777920838.286943	zeek	gauge	process_start_time_seconds	(empty)	(empty)	1777920597.582311
1777920838.286943	zeek	counter	zeek_log_stream_writes_total	module,stream	Conn,Conn::LOG	11.0
1777920838.286943	zeek	counter	zeek_log_stream_writes_total	module,stream	CaptureLoss,CaptureLoss::LOG	1.0
1777920838.286943	zeek	counter	zeek_log_stream_writes_total	module,stream	Notice,Notice::LOG	1.0
1777920838.286943	zeek	counter	zeek_log_stream_writes_total	module,stream	Stats,Stats::LOG	1.0
1777920838.286943	zeek	counter	zeek_log_stream_writes_total	module,stream	Telemetry,Telemetry::LOG	549.0
1777920838.286943	zeek	counter	zeek_log_stream_writes_total	module,stream	LoadedScripts,LoadedScripts::LOG	538.0
1777920838.286943	zeek	counter	zeek_log_stream_writes_total	module,stream	PacketFilter,PacketFilter::LOG	1.0
1777920838.286943	zeek	counter	zeek_log_writer_writes_total	filter_name,module,path,stream,writer	default,Conn,conn,Conn::LOG,Log::WRITER_ASCII	11.0
1777920838.286943	zeek	counter	zeek_log_writer_writes_total	filter_name,module,path,stream,writer	default,CaptureLoss,capture_loss,CaptureLoss::LOG,Log::WRITER_ASCII	1.0
1777920838.286943	zeek	counter	zeek_log_writer_writes_total	filter_name,module,path,stream,writer	default,Notice,notice,Notice::LOG,Log::WRITER_ASCII	1.0
1777920838.286943	zeek	counter	zeek_log_writer_writes_total	filter_name,module,path,stream,writer	default,Stats,stats,Stats::LOG,Log::WRITER_ASCII	1.0
1777920838.286943	zeek	counter	zeek_log_writer_writes_total	filter_name,module,path,stream,writer	default,Telemetry,telemetry,Telemetry::LOG,Log::WRITER_ASCII	549.0
1777920838.286943	zeek	counter	zeek_log_writer_writes_total	filter_name,module,path,stream,writer	default,LoadedScripts,loaded_scripts,LoadedScripts::LOG,Log::WRITER_ASCII	538.0
1777920838.286943	zeek	counter	zeek_log_writer_writes_total	filter_name,module,path,stream,writer	default,PacketFilter,packet_filter,PacketFilter::LOG,Log::WRITER_ASCII	1.0
1777920838.286943	zeek	counter	zeek_log_writer_discarded_writes_total	filter_name,module,path,stream,writer	default,Conn,conn,Conn::LOG,Log::WRITER_ASCII	0.0
1777920838.286943	zeek	counter	zeek_log_writer_discarded_writes_total	filter_name,module,path,stream,writer	default,CaptureLoss,capture_loss,CaptureLoss::LOG,Log::WRITER_ASCII	0.0
1777920838.286943	zeek	counter	zeek_log_writer_discarded_writes_total	filter_name,module,path,stream,writer	default,Notice,notice,Notice::LOG,Log::WRITER_ASCII	0.0
1777920838.286943	zeek	counter	zeek_log_writer_discarded_writes_total	filter_name,module,path,stream,writer	default,Stats,stats,Stats::LOG,Log::WRITER_ASCII	0.0
1777920838.286943	zeek	counter	zeek_log_writer_discarded_writes_total	filter_name,module,path,stream,writer	default,Telemetry,telemetry,Telemetry::LOG,Log::WRITER_ASCII	0.0
1777920838.286943	zeek	counter	zeek_log_writer_discarded_writes_total	filter_name,module,path,stream,writer	default,LoadedScripts,loaded_scripts,LoadedScripts::LOG,Log::WRITER_ASCII	0.0
1777920838.286943	zeek	counter	zeek_log_writer_discarded_writes_total	filter_name,module,path,stream,writer	default,PacketFilter,packet_filter,PacketFilter::LOG,Log::WRITER_ASCII	0.0
1777920838.286943	zeek	counter	zeek_log_writer_truncated_string_fields_total	filter_name,module,path,stream,writer	default,Conn,conn,Conn::LOG,Log::WRITER_ASCII	0.0
1777920838.286943	zeek	counter	zeek_log_writer_truncated_string_fields_total	filter_name,module,path,stream,writer	default,CaptureLoss,capture_loss,CaptureLoss::LOG,Log::WRITER_ASCII	0.0
1777920838.286943	zeek	counter	zeek_log_writer_truncated_string_fields_total	filter_name,module,path,stream,writer	default,Notice,notice,Notice::LOG,Log::WRITER_ASCII	0.0
1777920838.286943	zeek	counter	zeek_log_writer_truncated_string_fields_total	filter_name,module,path,stream,writer	default,Stats,stats,Stats::LOG,Log::WRITER_ASCII	0.0
1777920838.286943	zeek	counter	zeek_log_writer_truncated_string_fields_total	filter_name,module,path,stream,writer	default,Telemetry,telemetry,Telemetry::LOG,Log::WRITER_ASCII	0.0
1777920838.286943	zeek	counter	zeek_log_writer_truncated_string_fields_total	filter_name,module,path,stream,writer	default,LoadedScripts,loaded_scripts,LoadedScripts::LOG,Log::WRITER_ASCII	0.0
1777920838.286943	zeek	counter	zeek_log_writer_truncated_string_fields_total	filter_name,module,path,stream,writer	default,PacketFilter,packet_filter,PacketFilter::LOG,Log::WRITER_ASCII	0.0
1777920838.286943	zeek	counter	zeek_log_writer_truncated_containers_total	filter_name,module,path,stream,writer	default,Conn,conn,Conn::LOG,Log::WRITER_ASCII	0.0
1777920838.286943	zeek	counter	zeek_log_writer_truncated_containers_total	filter_name,module,path,stream,writer	default,CaptureLoss,capture_loss,CaptureLoss::LOG,Log::WRITER_ASCII	0.0
1777920838.286943	zeek	counter	zeek_log_writer_truncated_containers_total	filter_name,module,path,stream,writer	default,Notice,notice,Notice::LOG,Log::WRITER_ASCII	0.0
1777920838.286943	zeek	counter	zeek_log_writer_truncated_containers_total	filter_name,module,path,stream,writer	default,Stats,stats,Stats::LOG,Log::WRITER_ASCII	0.0
1777920838.286943	zeek	counter	zeek_log_writer_truncated_containers_total	filter_name,module,path,stream,writer	default,Telemetry,telemetry,Telemetry::LOG,Log::WRITER_ASCII	0.0
1777920838.286943	zeek	counter	zeek_log_writer_truncated_containers_total	filter_name,module,path,stream,writer	default,LoadedScripts,loaded_scripts,LoadedScripts::LOG,Log::WRITER_ASCII	0.0
1777920838.286943	zeek	counter	zeek_log_writer_truncated_containers_total	filter_name,module,path,stream,writer	default,PacketFilter,packet_filter,PacketFilter::LOG,Log::WRITER_ASCII	0.0
1777920838.286943	zeek	counter	zeek_net_received_bytes_total	(empty)	(empty)	4823.0
1777920838.286943	zeek	counter	zeek_net_received_packets_total	(empty)	(empty)	35.0
1777920838.286943	zeek	counter	zeek_net_dropped_packets_total	(empty)	(empty)	0.0
1777920838.286943	zeek	counter	zeek_net_link_packets_total	(empty)	(empty)	35.0
1777920838.286943	zeek	counter	zeek_msgthread_threads_total	(empty)	(empty)	7.0
1777920838.286943	zeek	counter	zeek_msgthread_in_messages_total	(empty)	(empty)	21.0
1777920838.286943	zeek	counter	zeek_msgthread_out_messages_total	(empty)	(empty)	0.0
1777920838.286943	zeek	counter	zeek_cluster_core_outgoing_events_total	(empty)	(empty)	0.0
1777920838.286943	zeek	counter	zeek_cluster_core_incoming_events_total	(empty)	(empty)	0.0
1777920838.286943	zeek	counter	zeek_broker_incoming_events_total	(empty)	(empty)	0.0
1777920838.286943	zeek	counter	zeek_broker_outgoing_events_total	(empty)	(empty)	0.0
1777920838.286943	zeek	counter	zeek_broker_incoming_logs_total	(empty)	(empty)	0.0
1777920838.286943	zeek	counter	zeek_broker_outgoing_logs_total	(empty)	(empty)	0.0
1777920838.286943	zeek	counter	zeek_broker_incoming_ids_total	(empty)	(empty)	0.0
1777920838.286943	zeek	counter	zeek_broker_outgoing_ids_total	(empty)	(empty)	0.0
1777920838.286943	zeek	counter	zeek_timers_total	(empty)	(empty)	1668.0
1777920838.286943	zeek	counter	zeek_dnsmgr_requests_total	(empty)	(empty)	0.0
1777920838.286943	zeek	counter	zeek_dnsmgr_successful_requests_total	(empty)	(empty)	0.0
1777920838.286943	zeek	counter	zeek_dnsmgr_failed_requests_total	(empty)	(empty)	0.0
1777920838.286943	zeek	counter	zeek_triggers_total	(empty)	(empty)	0.0
1777920838.286943	zeek	counter	zeek_ended_sessions_total	reason	inactivity	11.0
1777920838.286943	zeek	counter	zeek_event_handler_invocations_total	name	connection_state_remove	11.0
1777920838.286943	zeek	counter	zeek_event_handler_invocations_total	name	zeek_init	1.0
1777920838.286943	zeek	counter	zeek_event_handler_invocations_total	name	Telemetry::log	5.0
1777920838.286943	zeek	counter	zeek_event_handler_invocations_total	name	NetControl::init	1.0
1777920838.286943	zeek	counter	zeek_event_handler_invocations_total	name	ChecksumOffloading::check	2.0
1777920838.286943	zeek	counter	zeek_event_handler_invocations_total	name	grab_vulnerable_versions	2.0
1777920838.286943	zeek	counter	zeek_event_handler_invocations_total	name	filter_change_tracking	2.0
1777920838.286943	zeek	counter	zeek_event_handler_invocations_total	name	Broker::log_flush	240.0
1777920838.286943	zeek	counter	zeek_event_handler_invocations_total	name	zeek_script_loaded	538.0
1777920838.286943	zeek	counter	zeek_event_handler_invocations_total	name	new_connection	12.0
1777920838.286943	zeek	counter	zeek_event_handler_invocations_total	name	check_stats	1.0
1777920838.286943	zeek	counter	zeek_event_handler_invocations_total	name	CaptureLoss::take_measurement	2.0
1777920838.286943	zeek	counter	zeek_event_handler_invocations_total	name	net_stats_update	1.0
1777920838.286943	zeek	counter	zeek_event_handler_invocations_total	name	SumStats::finish_epoch	3.0
1777920838.286943	zeek	counter	zeek_total_sessions_total	protocol	unknown	1.0
1777920838.286943	zeek	counter	zeek_total_sessions_total	protocol	icmp	5.0
1777920838.286943	zeek	counter	zeek_total_sessions_total	protocol	udp	6.0
1777920838.286943	zeek	counter	zeek_total_sessions_total	protocol	tcp	0.0
1777920838.286943	zeek	gauge	zeek_version_info	beta,commit,debug,major,minor,patch,version_number,version_string	false,0,false,8,1,2,80102,8.1.2	1.0
1777920838.286943	zeek	gauge	zeek_net_packet_lag_seconds	(empty)	(empty)	0.003692
1777920838.286943	zeek	gauge	zeek_net_timestamp_seconds	(empty)	(empty)	1777920838.286943
1777920838.286943	zeek	gauge	zeek_msgthread_active_threads	(empty)	(empty)	7.0
1777920838.286943	zeek	gauge	zeek_msgthread_pending_in_messages	(empty)	(empty)	0.0
1777920838.286943	zeek	gauge	zeek_msgthread_pending_out_messages	(empty)	(empty)	0.0
1777920838.286943	zeek	gauge	zeek_msgthread_pending_messages_in_buckets	leq	inf	7.0
1777920838.286943	zeek	gauge	zeek_msgthread_pending_messages_in_buckets	leq	10000	7.0
1777920838.286943	zeek	gauge	zeek_msgthread_pending_messages_in_buckets	leq	1000	7.0
1777920838.286943	zeek	gauge	zeek_msgthread_pending_messages_in_buckets	leq	100	7.0
1777920838.286943	zeek	gauge	zeek_msgthread_pending_messages_in_buckets	leq	10	7.0
1777920838.286943	zeek	gauge	zeek_msgthread_pending_messages_in_buckets	leq	1	7.0
1777920838.286943	zeek	gauge	zeek_msgthread_pending_messages_out_buckets	leq	inf	7.0
1777920838.286943	zeek	gauge	zeek_msgthread_pending_messages_out_buckets	leq	10000	7.0
1777920838.286943	zeek	gauge	zeek_msgthread_pending_messages_out_buckets	leq	1000	7.0
1777920838.286943	zeek	gauge	zeek_msgthread_pending_messages_out_buckets	leq	100	7.0
1777920838.286943	zeek	gauge	zeek_msgthread_pending_messages_out_buckets	leq	10	7.0
1777920838.286943	zeek	gauge	zeek_msgthread_pending_messages_out_buckets	leq	1	7.0
1777920838.286943	zeek	gauge	zeek_broker_peers	(empty)	(empty)	0.0
1777920838.286943	zeek	gauge	zeek_broker_stores	(empty)	(empty)	1.0
1777920838.286943	zeek	gauge	zeek_broker_pending_queries	(empty)	(empty)	0.0
1777920838.286943	zeek	gauge	zeek_timers_lag_time_seconds	(empty)	(empty)	0.000655
1777920838.286943	zeek	gauge	zeek_timers_pending	type	LogDelayExpire	0.0
1777920838.286943	zeek	gauge	zeek_timers_pending	type	ThreadHeartbeat	1.0
1777920838.286943	zeek	gauge	zeek_timers_pending	type	TimerMgrExpireTimer	0.0
1777920838.286943	zeek	gauge	zeek_timers_pending	type	ParentProcessIDCheck	0.0
1777920838.286943	zeek	gauge	zeek_timers_pending	type	FragTimer	0.0
1777920838.286943	zeek	gauge	zeek_timers_pending	type	RotateTimer	0.0
1777920838.286943	zeek	gauge	zeek_timers_pending	type	FlowWeirdTimer	0.0
1777920838.286943	zeek	gauge	zeek_timers_pending	type	FileAnalysisInactivityTimer	0.0
1777920838.286943	zeek	gauge	zeek_timers_pending	type	StorageExpire	1.0
1777920838.286943	zeek	gauge	zeek_timers_pending	type	ConnectionInactivityTimer	1.0
1777920838.286943	zeek	gauge	zeek_timers_pending	type	TCPConnectionExpireTimer	0.0
1777920838.286943	zeek	gauge	zeek_timers_pending	type	ConnectionStatusUpdateTimer	0.0
1777920838.286943	zeek	gauge	zeek_timers_pending	type	LogFlushWriteBufferTimer	1.0
1777920838.286943	zeek	gauge	zeek_timers_pending	type	NetWeirdTimer	0.0
1777920838.286943	zeek	gauge	zeek_timers_pending	type	InterconnTimer	0.0
1777920838.286943	zeek	gauge	zeek_timers_pending	type	IPTunnelInactivityTimer	0.0
1777920838.286943	zeek	gauge	zeek_timers_pending	type	DNSExpireTimer	0.0
1777920838.286943	zeek	gauge	zeek_timers_pending	type	UnknownProtocolExpire	0.0
1777920838.286943	zeek	gauge	zeek_timers_pending	type	ProfileTimer	0.0
1777920838.286943	zeek	gauge	zeek_timers_pending	type	ConnectionExpireTimer	0.0
1777920838.286943	zeek	gauge	zeek_timers_pending	type	BreakpointTimer	0.0
1777920838.286943	zeek	gauge	zeek_timers_pending	type	BackdoorTimer	0.0
1777920838.286943	zeek	gauge	zeek_timers_pending	type	NetbiosExpireTimer	0.0
1777920838.286943	zeek	gauge	zeek_timers_pending	type	NetworkTimer	0.0
1777920838.286943	zeek	gauge	zeek_timers_pending	type	RemoveConnection	0.0
1777920838.286943	zeek	gauge	zeek_timers_pending	type	TCPConnectionResetTimer	0.0
1777920838.286943	zeek	gauge	zeek_timers_pending	type	ConnTupleWeirdTimer	0.0
1777920838.286943	zeek	gauge	zeek_timers_pending	type	TCPConnectionDeleteTimer	0.0
1777920838.286943	zeek	gauge	zeek_timers_pending	type	ScheduleTimer	6.0
1777920838.286943	zeek	gauge	zeek_timers_pending	type	NTPExpireTimer	0.0
1777920838.286943	zeek	gauge	zeek_timers_pending	type	RPCExpireTimer	0.0
1777920838.286943	zeek	gauge	zeek_timers_pending	type	ConnectionDeleteTimer	0.0
1777920838.286943	zeek	gauge	zeek_timers_pending	type	TriggerTimer	0.0
1777920838.286943	zeek	gauge	zeek_timers_pending	type	TableValTimer	34.0
1777920838.286943	zeek	gauge	zeek_timers_pending	type	TCPConnectionAttemptTimer	0.0
1777920838.286943	zeek	gauge	zeek_timers_pending	type	TCPConnectionPartialClose	0.0
1777920838.286943	zeek	gauge	zeek_dnsmgr_pending_asyncs_requests	(empty)	(empty)	0.0
1777920838.286943	zeek	gauge	zeek_dnsmgr_cache_entries	type	text	0.0
1777920838.286943	zeek	gauge	zeek_dnsmgr_cache_entries	type	address	0.0
1777920838.286943	zeek	gauge	zeek_dnsmgr_cache_entries	type	host	0.0
1777920838.286943	zeek	gauge	zeek_pending_triggers	(empty)	(empty)	0.0
1777920838.286943	zeek	gauge	zeek_active_sessions	protocol	unknown	0.0
1777920838.286943	zeek	gauge	zeek_active_sessions	protocol	icmp	1.0
1777920838.286943	zeek	gauge	zeek_active_sessions	protocol	udp	0.0
1777920838.286943	zeek	gauge	zeek_active_sessions	protocol	tcp	0.0
1777920898.287146	zeek	counter	process_cpu_user_seconds_total	(empty)	(empty)	0.7
1777920898.287146	zeek	counter	process_cpu_system_seconds_total	(empty)	(empty)	0.33
1777920898.287146	zeek	gauge	process_resident_memory_bytes	(empty)	(empty)	282456064.0
1777920898.287146	zeek	gauge	process_virtual_memory_bytes	(empty)	(empty)	1543462912.0
1777920898.287146	zeek	gauge	process_open_fds	(empty)	(empty)	43.0
1777920898.287146	zeek	gauge	process_start_time_seconds	(empty)	(empty)	1777920597.582311
1777920898.287146	zeek	counter	zeek_log_stream_writes_total	module,stream	Conn,Conn::LOG	12.0
1777920898.287146	zeek	counter	zeek_log_stream_writes_total	module,stream	CaptureLoss,CaptureLoss::LOG	1.0
1777920898.287146	zeek	counter	zeek_log_stream_writes_total	module,stream	Notice,Notice::LOG	1.0
1777920898.287146	zeek	counter	zeek_log_stream_writes_total	module,stream	Stats,Stats::LOG	2.0
1777920898.287146	zeek	counter	zeek_log_stream_writes_total	module,stream	Telemetry,Telemetry::LOG	696.0
1777920898.287146	zeek	counter	zeek_log_stream_writes_total	module,stream	LoadedScripts,LoadedScripts::LOG	538.0
1777920898.287146	zeek	counter	zeek_log_stream_writes_total	module,stream	PacketFilter,PacketFilter::LOG	1.0
1777920898.287146	zeek	counter	zeek_log_writer_writes_total	filter_name,module,path,stream,writer	default,Conn,conn,Conn::LOG,Log::WRITER_ASCII	12.0
1777920898.287146	zeek	counter	zeek_log_writer_writes_total	filter_name,module,path,stream,writer	default,CaptureLoss,capture_loss,CaptureLoss::LOG,Log::WRITER_ASCII	1.0
1777920898.287146	zeek	counter	zeek_log_writer_writes_total	filter_name,module,path,stream,writer	default,Notice,notice,Notice::LOG,Log::WRITER_ASCII	1.0
1777920898.287146	zeek	counter	zeek_log_writer_writes_total	filter_name,module,path,stream,writer	default,Stats,stats,Stats::LOG,Log::WRITER_ASCII	2.0
1777920898.287146	zeek	counter	zeek_log_writer_writes_total	filter_name,module,path,stream,writer	default,Telemetry,telemetry,Telemetry::LOG,Log::WRITER_ASCII	696.0
1777920898.287146	zeek	counter	zeek_log_writer_writes_total	filter_name,module,path,stream,writer	default,LoadedScripts,loaded_scripts,LoadedScripts::LOG,Log::WRITER_ASCII	538.0
1777920898.287146	zeek	counter	zeek_log_writer_writes_total	filter_name,module,path,stream,writer	default,PacketFilter,packet_filter,PacketFilter::LOG,Log::WRITER_ASCII	1.0
1777920898.287146	zeek	counter	zeek_log_writer_discarded_writes_total	filter_name,module,path,stream,writer	default,Conn,conn,Conn::LOG,Log::WRITER_ASCII	0.0
1777920898.287146	zeek	counter	zeek_log_writer_discarded_writes_total	filter_name,module,path,stream,writer	default,CaptureLoss,capture_loss,CaptureLoss::LOG,Log::WRITER_ASCII	0.0
1777920898.287146	zeek	counter	zeek_log_writer_discarded_writes_total	filter_name,module,path,stream,writer	default,Notice,notice,Notice::LOG,Log::WRITER_ASCII	0.0
1777920898.287146	zeek	counter	zeek_log_writer_discarded_writes_total	filter_name,module,path,stream,writer	default,Stats,stats,Stats::LOG,Log::WRITER_ASCII	0.0
1777920898.287146	zeek	counter	zeek_log_writer_discarded_writes_total	filter_name,module,path,stream,writer	default,Telemetry,telemetry,Telemetry::LOG,Log::WRITER_ASCII	0.0
1777920898.287146	zeek	counter	zeek_log_writer_discarded_writes_total	filter_name,module,path,stream,writer	default,LoadedScripts,loaded_scripts,LoadedScripts::LOG,Log::WRITER_ASCII	0.0
1777920898.287146	zeek	counter	zeek_log_writer_discarded_writes_total	filter_name,module,path,stream,writer	default,PacketFilter,packet_filter,PacketFilter::LOG,Log::WRITER_ASCII	0.0
1777920898.287146	zeek	counter	zeek_log_writer_truncated_string_fields_total	filter_name,module,path,stream,writer	default,Conn,conn,Conn::LOG,Log::WRITER_ASCII	0.0
1777920898.287146	zeek	counter	zeek_log_writer_truncated_string_fields_total	filter_name,module,path,stream,writer	default,CaptureLoss,capture_loss,CaptureLoss::LOG,Log::WRITER_ASCII	0.0
1777920898.287146	zeek	counter	zeek_log_writer_truncated_string_fields_total	filter_name,module,path,stream,writer	default,Notice,notice,Notice::LOG,Log::WRITER_ASCII	0.0
1777920898.287146	zeek	counter	zeek_log_writer_truncated_string_fields_total	filter_name,module,path,stream,writer	default,Stats,stats,Stats::LOG,Log::WRITER_ASCII	0.0
1777920898.287146	zeek	counter	zeek_log_writer_truncated_string_fields_total	filter_name,module,path,stream,writer	default,Telemetry,telemetry,Telemetry::LOG,Log::WRITER_ASCII	0.0
1777920898.287146	zeek	counter	zeek_log_writer_truncated_string_fields_total	filter_name,module,path,stream,writer	default,LoadedScripts,loaded_scripts,LoadedScripts::LOG,Log::WRITER_ASCII	0.0
1777920898.287146	zeek	counter	zeek_log_writer_truncated_string_fields_total	filter_name,module,path,stream,writer	default,PacketFilter,packet_filter,PacketFilter::LOG,Log::WRITER_ASCII	0.0
1777920898.287146	zeek	counter	zeek_log_writer_truncated_containers_total	filter_name,module,path,stream,writer	default,Conn,conn,Conn::LOG,Log::WRITER_ASCII	0.0
1777920898.287146	zeek	counter	zeek_log_writer_truncated_containers_total	filter_name,module,path,stream,writer	default,CaptureLoss,capture_loss,CaptureLoss::LOG,Log::WRITER_ASCII	0.0
1777920898.287146	zeek	counter	zeek_log_writer_truncated_containers_total	filter_name,module,path,stream,writer	default,Notice,notice,Notice::LOG,Log::WRITER_ASCII	0.0
1777920898.287146	zeek	counter	zeek_log_writer_truncated_containers_total	filter_name,module,path,stream,writer	default,Stats,stats,Stats::LOG,Log::WRITER_ASCII	0.0
1777920898.287146	zeek	counter	zeek_log_writer_truncated_containers_total	filter_name,module,path,stream,writer	default,Telemetry,telemetry,Telemetry::LOG,Log::WRITER_ASCII	0.0
1777920898.287146	zeek	counter	zeek_log_writer_truncated_containers_total	filter_name,module,path,stream,writer	default,LoadedScripts,loaded_scripts,LoadedScripts::LOG,Log::WRITER_ASCII	0.0
1777920898.287146	zeek	counter	zeek_log_writer_truncated_containers_total	filter_name,module,path,stream,writer	default,PacketFilter,packet_filter,PacketFilter::LOG,Log::WRITER_ASCII	0.0
1777920898.287146	zeek	counter	zeek_net_received_bytes_total	(empty)	(empty)	4823.0
1777920898.287146	zeek	counter	zeek_net_received_packets_total	(empty)	(empty)	35.0
1777920898.287146	zeek	counter	zeek_net_dropped_packets_total	(empty)	(empty)	0.0
1777920898.287146	zeek	counter	zeek_net_link_packets_total	(empty)	(empty)	35.0
1777920898.287146	zeek	counter	zeek_msgthread_threads_total	(empty)	(empty)	7.0
1777920898.287146	zeek	counter	zeek_msgthread_in_messages_total	(empty)	(empty)	23.0
1777920898.287146	zeek	counter	zeek_msgthread_out_messages_total	(empty)	(empty)	0.0
1777920898.287146	zeek	counter	zeek_cluster_core_outgoing_events_total	(empty)	(empty)	0.0
1777920898.287146	zeek	counter	zeek_cluster_core_incoming_events_total	(empty)	(empty)	0.0
1777920898.287146	zeek	counter	zeek_broker_incoming_events_total	(empty)	(empty)	0.0
1777920898.287146	zeek	counter	zeek_broker_outgoing_events_total	(empty)	(empty)	0.0
1777920898.287146	zeek	counter	zeek_broker_incoming_logs_total	(empty)	(empty)	0.0
1777920898.287146	zeek	counter	zeek_broker_outgoing_logs_total	(empty)	(empty)	0.0
1777920898.287146	zeek	counter	zeek_broker_incoming_ids_total	(empty)	(empty)	0.0
1777920898.287146	zeek	counter	zeek_broker_outgoing_ids_total	(empty)	(empty)	0.0
1777920898.287146	zeek	counter	zeek_timers_total	(empty)	(empty)	2060.0
1777920898.287146	zeek	counter	zeek_dnsmgr_requests_total	(empty)	(empty)	0.0
1777920898.287146	zeek	counter	zeek_dnsmgr_successful_requests_total	(empty)	(empty)	0.0
1777920898.287146	zeek	counter	zeek_dnsmgr_failed_requests_total	(empty)	(empty)	0.0
1777920898.287146	zeek	counter	zeek_triggers_total	(empty)	(empty)	0.0
1777920898.287146	zeek	counter	zeek_ended_sessions_total	reason	inactivity	12.0
1777920898.287146	zeek	counter	zeek_event_handler_invocations_total	name	connection_state_remove	12.0
1777920898.287146	zeek	counter	zeek_event_handler_invocations_total	name	zeek_init	1.0
1777920898.287146	zeek	counter	zeek_event_handler_invocations_total	name	Telemetry::log	6.0
1777920898.287146	zeek	counter	zeek_event_handler_invocations_total	name	NetControl::init	1.0
1777920898.287146	zeek	counter	zeek_event_handler_invocations_total	name	ChecksumOffloading::check	2.0
1777920898.287146	zeek	counter	zeek_event_handler_invocations_total	name	grab_vulnerable_versions	2.0
1777920898.287146	zeek	counter	zeek_event_handler_invocations_total	name	filter_change_tracking	3.0
1777920898.287146	zeek	counter	zeek_event_handler_invocations_total	name	Broker::log_flush	300.0
1777920898.287146	zeek	counter	zeek_event_handler_invocations_total	name	zeek_script_loaded	538.0
1777920898.287146	zeek	counter	zeek_event_handler_invocations_total	name	new_connection	12.0
1777920898.287146	zeek	counter	zeek_event_handler_invocations_total	name	check_stats	2.0
1777920898.287146	zeek	counter	zeek_event_handler_invocations_total	name	CaptureLoss::take_measurement	2.0
1777920898.287146	zeek	counter	zeek_event_handler_invocations_total	name	net_stats_update	2.0
1777920898.287146	zeek	counter	zeek_event_handler_invocations_total	name	SumStats::finish_epoch	3.0
1777920898.287146	zeek	counter	zeek_total_sessions_total	protocol	unknown	1.0
1777920898.287146	zeek	counter	zeek_total_sessions_total	protocol	icmp	5.0
1777920898.287146	zeek	counter	zeek_total_sessions_total	protocol	udp	6.0
1777920898.287146	zeek	counter	zeek_total_sessions_total	protocol	tcp	0.0
1777920898.287146	zeek	gauge	zeek_version_info	beta,commit,debug,major,minor,patch,version_number,version_string	false,0,false,8,1,2,80102,8.1.2	1.0
1777920898.287146	zeek	gauge	zeek_net_packet_lag_seconds	(empty)	(empty)	0.002551
1777920898.287146	zeek	gauge	zeek_net_timestamp_seconds	(empty)	(empty)	1777920898.287146
1777920898.287146	zeek	gauge	zeek_msgthread_active_threads	(empty)	(empty)	7.0
1777920898.287146	zeek	gauge	zeek_msgthread_pending_in_messages	(empty)	(empty)	0.0
1777920898.287146	zeek	gauge	zeek_msgthread_pending_out_messages	(empty)	(empty)	0.0
1777920898.287146	zeek	gauge	zeek_msgthread_pending_messages_in_buckets	leq	inf	7.0
1777920898.287146	zeek	gauge	zeek_msgthread_pending_messages_in_buckets	leq	10000	7.0
1777920898.287146	zeek	gauge	zeek_msgthread_pending_messages_in_buckets	leq	1000	7.0
1777920898.287146	zeek	gauge	zeek_msgthread_pending_messages_in_buckets	leq	100	7.0
1777920898.287146	zeek	gauge	zeek_msgthread_pending_messages_in_buckets	leq	10	7.0
1777920898.287146	zeek	gauge	zeek_msgthread_pending_messages_in_buckets	leq	1	7.0
1777920898.287146	zeek	gauge	zeek_msgthread_pending_messages_out_buckets	leq	inf	7.0
1777920898.287146	zeek	gauge	zeek_msgthread_pending_messages_out_buckets	leq	10000	7.0
1777920898.287146	zeek	gauge	zeek_msgthread_pending_messages_out_buckets	leq	1000	7.0
1777920898.287146	zeek	gauge	zeek_msgthread_pending_messages_out_buckets	leq	100	7.0
1777920898.287146	zeek	gauge	zeek_msgthread_pending_messages_out_buckets	leq	10	7.0
1777920898.287146	zeek	gauge	zeek_msgthread_pending_messages_out_buckets	leq	1	7.0
1777920898.287146	zeek	gauge	zeek_broker_peers	(empty)	(empty)	0.0
1777920898.287146	zeek	gauge	zeek_broker_stores	(empty)	(empty)	1.0
1777920898.287146	zeek	gauge	zeek_broker_pending_queries	(empty)	(empty)	0.0
1777920898.287146	zeek	gauge	zeek_timers_lag_time_seconds	(empty)	(empty)	0.000203
1777920898.287146	zeek	gauge	zeek_timers_pending	type	LogDelayExpire	0.0
1777920898.287146	zeek	gauge	zeek_timers_pending	type	ThreadHeartbeat	1.0
1777920898.287146	zeek	gauge	zeek_timers_pending	type	TimerMgrExpireTimer	0.0
1777920898.287146	zeek	gauge	zeek_timers_pending	type	ParentProcessIDCheck	0.0
1777920898.287146	zeek	gauge	zeek_timers_pending	type	FragTimer	0.0
1777920898.287146	zeek	gauge	zeek_timers_pending	type	RotateTimer	0.0
1777920898.287146	zeek	gauge	zeek_timers_pending	type	FlowWeirdTimer	0.0
1777920898.287146	zeek	gauge	zeek_timers_pending	type	FileAnalysisInactivityTimer	0.0
1777920898.287146	zeek	gauge	zeek_timers_pending	type	StorageExpire	1.0
1777920898.287146	zeek	gauge	zeek_timers_pending	type	ConnectionInactivityTimer	0.0
1777920898.287146	zeek	gauge	zeek_timers_pending	type	TCPConnectionExpireTimer	0.0
1777920898.287146	zeek	gauge	zeek_timers_pending	type	ConnectionStatusUpdateTimer	0.0
1777920898.287146	zeek	gauge	zeek_timers_pending	type	LogFlushWriteBufferTimer	1.0
1777920898.287146	zeek	gauge	zeek_timers_pending	type	NetWeirdTimer	0.0
1777920898.287146	zeek	gauge	zeek_timers_pending	type	InterconnTimer	0.0
1777920898.287146	zeek	gauge	zeek_timers_pending	type	IPTunnelInactivityTimer	0.0
1777920898.287146	zeek	gauge	zeek_timers_pending	type	DNSExpireTimer	0.0
1777920898.287146	zeek	gauge	zeek_timers_pending	type	UnknownProtocolExpire	0.0
1777920898.287146	zeek	gauge	zeek_timers_pending	type	ProfileTimer	0.0
1777920898.287146	zeek	gauge	zeek_timers_pending	type	ConnectionExpireTimer	0.0
1777920898.287146	zeek	gauge	zeek_timers_pending	type	BreakpointTimer	0.0
1777920898.287146	zeek	gauge	zeek_timers_pending	type	BackdoorTimer	0.0
1777920898.287146	zeek	gauge	zeek_timers_pending	type	NetbiosExpireTimer	0.0
1777920898.287146	zeek	gauge	zeek_timers_pending	type	NetworkTimer	0.0
1777920898.287146	zeek	gauge	zeek_timers_pending	type	RemoveConnection	0.0
1777920898.287146	zeek	gauge	zeek_timers_pending	type	TCPConnectionResetTimer	0.0
1777920898.287146	zeek	gauge	zeek_timers_pending	type	ConnTupleWeirdTimer	0.0
1777920898.287146	zeek	gauge	zeek_timers_pending	type	TCPConnectionDeleteTimer	0.0
1777920898.287146	zeek	gauge	zeek_timers_pending	type	ScheduleTimer	6.0
1777920898.287146	zeek	gauge	zeek_timers_pending	type	NTPExpireTimer	0.0
1777920898.287146	zeek	gauge	zeek_timers_pending	type	RPCExpireTimer	0.0
1777920898.287146	zeek	gauge	zeek_timers_pending	type	ConnectionDeleteTimer	0.0
1777920898.287146	zeek	gauge	zeek_timers_pending	type	TriggerTimer	0.0
1777920898.287146	zeek	gauge	zeek_timers_pending	type	TableValTimer	34.0
1777920898.287146	zeek	gauge	zeek_timers_pending	type	TCPConnectionAttemptTimer	0.0
1777920898.287146	zeek	gauge	zeek_timers_pending	type	TCPConnectionPartialClose	0.0
1777920898.287146	zeek	gauge	zeek_dnsmgr_pending_asyncs_requests	(empty)	(empty)	0.0
1777920898.287146	zeek	gauge	zeek_dnsmgr_cache_entries	type	text	0.0
1777920898.287146	zeek	gauge	zeek_dnsmgr_cache_entries	type	address	0.0
1777920898.287146	zeek	gauge	zeek_dnsmgr_cache_entries	type	host	0.0
1777920898.287146	zeek	gauge	zeek_pending_triggers	(empty)	(empty)	0.0
1777920898.287146	zeek	gauge	zeek_active_sessions	protocol	unknown	0.0
1777920898.287146	zeek	gauge	zeek_active_sessions	protocol	icmp	0.0
1777920898.287146	zeek	gauge	zeek_active_sessions	protocol	udp	0.0
1777920898.287146	zeek	gauge	zeek_active_sessions	protocol	tcp	0.0
1777920958.287753	zeek	counter	process_cpu_user_seconds_total	(empty)	(empty)	0.79
1777920958.287753	zeek	counter	process_cpu_system_seconds_total	(empty)	(empty)	0.38
1777920958.287753	zeek	gauge	process_resident_memory_bytes	(empty)	(empty)	282456064.0
1777920958.287753	zeek	gauge	process_virtual_memory_bytes	(empty)	(empty)	1543462912.0
1777920958.287753	zeek	gauge	process_open_fds	(empty)	(empty)	43.0
1777920958.287753	zeek	gauge	process_start_time_seconds	(empty)	(empty)	1777920597.582311
1777920958.287753	zeek	counter	zeek_log_stream_writes_total	module,stream	Conn,Conn::LOG	12.0
1777920958.287753	zeek	counter	zeek_log_stream_writes_total	module,stream	CaptureLoss,CaptureLoss::LOG	1.0
1777920958.287753	zeek	counter	zeek_log_stream_writes_total	module,stream	Notice,Notice::LOG	1.0
1777920958.287753	zeek	counter	zeek_log_stream_writes_total	module,stream	Stats,Stats::LOG	2.0
1777920958.287753	zeek	counter	zeek_log_stream_writes_total	module,stream	Telemetry,Telemetry::LOG	843.0
1777920958.287753	zeek	counter	zeek_log_stream_writes_total	module,stream	LoadedScripts,LoadedScripts::LOG	538.0
1777920958.287753	zeek	counter	zeek_log_stream_writes_total	module,stream	PacketFilter,PacketFilter::LOG	1.0
1777920958.287753	zeek	counter	zeek_log_writer_writes_total	filter_name,module,path,stream,writer	default,Conn,conn,Conn::LOG,Log::WRITER_ASCII	12.0
1777920958.287753	zeek	counter	zeek_log_writer_writes_total	filter_name,module,path,stream,writer	default,CaptureLoss,capture_loss,CaptureLoss::LOG,Log::WRITER_ASCII	1.0
1777920958.287753	zeek	counter	zeek_log_writer_writes_total	filter_name,module,path,stream,writer	default,Notice,notice,Notice::LOG,Log::WRITER_ASCII	1.0
1777920958.287753	zeek	counter	zeek_log_writer_writes_total	filter_name,module,path,stream,writer	default,Stats,stats,Stats::LOG,Log::WRITER_ASCII	2.0
1777920958.287753	zeek	counter	zeek_log_writer_writes_total	filter_name,module,path,stream,writer	default,Telemetry,telemetry,Telemetry::LOG,Log::WRITER_ASCII	843.0
1777920958.287753	zeek	counter	zeek_log_writer_writes_total	filter_name,module,path,stream,writer	default,LoadedScripts,loaded_scripts,LoadedScripts::LOG,Log::WRITER_ASCII	538.0
1777920958.287753	zeek	counter	zeek_log_writer_writes_total	filter_name,module,path,stream,writer	default,PacketFilter,packet_filter,PacketFilter::LOG,Log::WRITER_ASCII	1.0
1777920958.287753	zeek	counter	zeek_log_writer_discarded_writes_total	filter_name,module,path,stream,writer	default,Conn,conn,Conn::LOG,Log::WRITER_ASCII	0.0
1777920958.287753	zeek	counter	zeek_log_writer_discarded_writes_total	filter_name,module,path,stream,writer	default,CaptureLoss,capture_loss,CaptureLoss::LOG,Log::WRITER_ASCII	0.0
1777920958.287753	zeek	counter	zeek_log_writer_discarded_writes_total	filter_name,module,path,stream,writer	default,Notice,notice,Notice::LOG,Log::WRITER_ASCII	0.0
1777920958.287753	zeek	counter	zeek_log_writer_discarded_writes_total	filter_name,module,path,stream,writer	default,Stats,stats,Stats::LOG,Log::WRITER_ASCII	0.0
1777920958.287753	zeek	counter	zeek_log_writer_discarded_writes_total	filter_name,module,path,stream,writer	default,Telemetry,telemetry,Telemetry::LOG,Log::WRITER_ASCII	0.0
1777920958.287753	zeek	counter	zeek_log_writer_discarded_writes_total	filter_name,module,path,stream,writer	default,LoadedScripts,loaded_scripts,LoadedScripts::LOG,Log::WRITER_ASCII	0.0
1777920958.287753	zeek	counter	zeek_log_writer_discarded_writes_total	filter_name,module,path,stream,writer	default,PacketFilter,packet_filter,PacketFilter::LOG,Log::WRITER_ASCII	0.0
1777920958.287753	zeek	counter	zeek_log_writer_truncated_string_fields_total	filter_name,module,path,stream,writer	default,Conn,conn,Conn::LOG,Log::WRITER_ASCII	0.0
1777920958.287753	zeek	counter	zeek_log_writer_truncated_string_fields_total	filter_name,module,path,stream,writer	default,CaptureLoss,capture_loss,CaptureLoss::LOG,Log::WRITER_ASCII	0.0
1777920958.287753	zeek	counter	zeek_log_writer_truncated_string_fields_total	filter_name,module,path,stream,writer	default,Notice,notice,Notice::LOG,Log::WRITER_ASCII	0.0
1777920958.287753	zeek	counter	zeek_log_writer_truncated_string_fields_total	filter_name,module,path,stream,writer	default,Stats,stats,Stats::LOG,Log::WRITER_ASCII	0.0
1777920958.287753	zeek	counter	zeek_log_writer_truncated_string_fields_total	filter_name,module,path,stream,writer	default,Telemetry,telemetry,Telemetry::LOG,Log::WRITER_ASCII	0.0
1777920958.287753	zeek	counter	zeek_log_writer_truncated_string_fields_total	filter_name,module,path,stream,writer	default,LoadedScripts,loaded_scripts,LoadedScripts::LOG,Log::WRITER_ASCII	0.0
1777920958.287753	zeek	counter	zeek_log_writer_truncated_string_fields_total	filter_name,module,path,stream,writer	default,PacketFilter,packet_filter,PacketFilter::LOG,Log::WRITER_ASCII	0.0
1777920958.287753	zeek	counter	zeek_log_writer_truncated_containers_total	filter_name,module,path,stream,writer	default,Conn,conn,Conn::LOG,Log::WRITER_ASCII	0.0
1777920958.287753	zeek	counter	zeek_log_writer_truncated_containers_total	filter_name,module,path,stream,writer	default,CaptureLoss,capture_loss,CaptureLoss::LOG,Log::WRITER_ASCII	0.0
1777920958.287753	zeek	counter	zeek_log_writer_truncated_containers_total	filter_name,module,path,stream,writer	default,Notice,notice,Notice::LOG,Log::WRITER_ASCII	0.0
1777920958.287753	zeek	counter	zeek_log_writer_truncated_containers_total	filter_name,module,path,stream,writer	default,Stats,stats,Stats::LOG,Log::WRITER_ASCII	0.0
1777920958.287753	zeek	counter	zeek_log_writer_truncated_containers_total	filter_name,module,path,stream,writer	default,Telemetry,telemetry,Telemetry::LOG,Log::WRITER_ASCII	0.0
1777920958.287753	zeek	counter	zeek_log_writer_truncated_containers_total	filter_name,module,path,stream,writer	default,LoadedScripts,loaded_scripts,LoadedScripts::LOG,Log::WRITER_ASCII	0.0
1777920958.287753	zeek	counter	zeek_log_writer_truncated_containers_total	filter_name,module,path,stream,writer	default,PacketFilter,packet_filter,PacketFilter::LOG,Log::WRITER_ASCII	0.0
1777920958.287753	zeek	counter	zeek_net_received_bytes_total	(empty)	(empty)	4823.0
1777920958.287753	zeek	counter	zeek_net_received_packets_total	(empty)	(empty)	35.0
1777920958.287753	zeek	counter	zeek_net_dropped_packets_total	(empty)	(empty)	0.0
1777920958.287753	zeek	counter	zeek_net_link_packets_total	(empty)	(empty)	35.0
1777920958.287753	zeek	counter	zeek_msgthread_threads_total	(empty)	(empty)	7.0
1777920958.287753	zeek	counter	zeek_msgthread_in_messages_total	(empty)	(empty)	25.0
1777920958.287753	zeek	counter	zeek_msgthread_out_messages_total	(empty)	(empty)	0.0
1777920958.287753	zeek	counter	zeek_cluster_core_outgoing_events_total	(empty)	(empty)	0.0
1777920958.287753	zeek	counter	zeek_cluster_core_incoming_events_total	(empty)	(empty)	0.0
1777920958.287753	zeek	counter	zeek_broker_incoming_events_total	(empty)	(empty)	0.0
1777920958.287753	zeek	counter	zeek_broker_outgoing_events_total	(empty)	(empty)	0.0
1777920958.287753	zeek	counter	zeek_broker_incoming_logs_total	(empty)	(empty)	0.0
1777920958.287753	zeek	counter	zeek_broker_outgoing_logs_total	(empty)	(empty)	0.0
1777920958.287753	zeek	counter	zeek_broker_incoming_ids_total	(empty)	(empty)	0.0
1777920958.287753	zeek	counter	zeek_broker_outgoing_ids_total	(empty)	(empty)	0.0
1777920958.287753	zeek	counter	zeek_timers_total	(empty)	(empty)	2449.0
1777920958.287753	zeek	counter	zeek_dnsmgr_requests_total	(empty)	(empty)	0.0
1777920958.287753	zeek	counter	zeek_dnsmgr_successful_requests_total	(empty)	(empty)	0.0
1777920958.287753	zeek	counter	zeek_dnsmgr_failed_requests_total	(empty)	(empty)	0.0
1777920958.287753	zeek	counter	zeek_triggers_total	(empty)	(empty)	0.0
1777920958.287753	zeek	counter	zeek_ended_sessions_total	reason	inactivity	12.0
1777920958.287753	zeek	counter	zeek_event_handler_invocations_total	name	connection_state_remove	12.0
1777920958.287753	zeek	counter	zeek_event_handler_invocations_total	name	zeek_init	1.0
1777920958.287753	zeek	counter	zeek_event_handler_invocations_total	name	Telemetry::log	7.0
1777920958.287753	zeek	counter	zeek_event_handler_invocations_total	name	NetControl::init	1.0
1777920958.287753	zeek	counter	zeek_event_handler_invocations_total	name	ChecksumOffloading::check	2.0
1777920958.287753	zeek	counter	zeek_event_handler_invocations_total	name	grab_vulnerable_versions	2.0
1777920958.287753	zeek	counter	zeek_event_handler_invocations_total	name	filter_change_tracking	3.0
1777920958.287753	zeek	counter	zeek_event_handler_invocations_total	name	Broker::log_flush	360.0
1777920958.287753	zeek	counter	zeek_event_handler_invocations_total	name	zeek_script_loaded	538.0
1777920958.287753	zeek	counter	zeek_event_handler_invocations_total	name	new_connection	12.0
1777920958.287753	zeek	counter	zeek_event_handler_invocations_total	name	check_stats	2.0
1777920958.287753	zeek	counter	zeek_event_handler_invocations_total	name	CaptureLoss::take_measurement	2.0
1777920958.287753	zeek	counter	zeek_event_handler_invocations_total	name	net_stats_update	2.0
1777920958.287753	zeek	counter	zeek_event_handler_invocations_total	name	SumStats::finish_epoch	3.0
1777920958.287753	zeek	counter	zeek_total_sessions_total	protocol	unknown	1.0
1777920958.287753	zeek	counter	zeek_total_sessions_total	protocol	icmp	5.0
1777920958.287753	zeek	counter	zeek_total_sessions_total	protocol	udp	6.0
1777920958.287753	zeek	counter	zeek_total_sessions_total	protocol	tcp	0.0
1777920958.287753	zeek	gauge	zeek_version_info	beta,commit,debug,major,minor,patch,version_number,version_string	false,0,false,8,1,2,80102,8.1.2	1.0
1777920958.287753	zeek	gauge	zeek_net_packet_lag_seconds	(empty)	(empty)	0.002748
1777920958.287753	zeek	gauge	zeek_net_timestamp_seconds	(empty)	(empty)	1777920958.287753
1777920958.287753	zeek	gauge	zeek_msgthread_active_threads	(empty)	(empty)	7.0
1777920958.287753	zeek	gauge	zeek_msgthread_pending_in_messages	(empty)	(empty)	0.0
1777920958.287753	zeek	gauge	zeek_msgthread_pending_out_messages	(empty)	(empty)	0.0
1777920958.287753	zeek	gauge	zeek_msgthread_pending_messages_in_buckets	leq	inf	7.0
1777920958.287753	zeek	gauge	zeek_msgthread_pending_messages_in_buckets	leq	10000	7.0
1777920958.287753	zeek	gauge	zeek_msgthread_pending_messages_in_buckets	leq	1000	7.0
1777920958.287753	zeek	gauge	zeek_msgthread_pending_messages_in_buckets	leq	100	7.0
1777920958.287753	zeek	gauge	zeek_msgthread_pending_messages_in_buckets	leq	10	7.0
1777920958.287753	zeek	gauge	zeek_msgthread_pending_messages_in_buckets	leq	1	7.0
1777920958.287753	zeek	gauge	zeek_msgthread_pending_messages_out_buckets	leq	inf	7.0
1777920958.287753	zeek	gauge	zeek_msgthread_pending_messages_out_buckets	leq	10000	7.0
1777920958.287753	zeek	gauge	zeek_msgthread_pending_messages_out_buckets	leq	1000	7.0
1777920958.287753	zeek	gauge	zeek_msgthread_pending_messages_out_buckets	leq	100	7.0
1777920958.287753	zeek	gauge	zeek_msgthread_pending_messages_out_buckets	leq	10	7.0
1777920958.287753	zeek	gauge	zeek_msgthread_pending_messages_out_buckets	leq	1	7.0
1777920958.287753	zeek	gauge	zeek_broker_peers	(empty)	(empty)	0.0
1777920958.287753	zeek	gauge	zeek_broker_stores	(empty)	(empty)	1.0
1777920958.287753	zeek	gauge	zeek_broker_pending_queries	(empty)	(empty)	0.0
1777920958.287753	zeek	gauge	zeek_timers_lag_time_seconds	(empty)	(empty)	0.000607
1777920958.287753	zeek	gauge	zeek_timers_pending	type	LogDelayExpire	0.0
1777920958.287753	zeek	gauge	zeek_timers_pending	type	ThreadHeartbeat	1.0
1777920958.287753	zeek	gauge	zeek_timers_pending	type	TimerMgrExpireTimer	0.0
1777920958.287753	zeek	gauge	zeek_timers_pending	type	ParentProcessIDCheck	0.0
1777920958.287753	zeek	gauge	zeek_timers_pending	type	FragTimer	0.0
1777920958.287753	zeek	gauge	zeek_timers_pending	type	RotateTimer	0.0
1777920958.287753	zeek	gauge	zeek_timers_pending	type	FlowWeirdTimer	0.0
1777920958.287753	zeek	gauge	zeek_timers_pending	type	FileAnalysisInactivityTimer	0.0
1777920958.287753	zeek	gauge	zeek_timers_pending	type	StorageExpire	1.0
1777920958.287753	zeek	gauge	zeek_timers_pending	type	ConnectionInactivityTimer	0.0
1777920958.287753	zeek	gauge	zeek_timers_pending	type	TCPConnectionExpireTimer	0.0
1777920958.287753	zeek	gauge	zeek_timers_pending	type	ConnectionStatusUpdateTimer	0.0
1777920958.287753	zeek	gauge	zeek_timers_pending	type	LogFlushWriteBufferTimer	1.0
1777920958.287753	zeek	gauge	zeek_timers_pending	type	NetWeirdTimer	0.0
1777920958.287753	zeek	gauge	zeek_timers_pending	type	InterconnTimer	0.0
1777920958.287753	zeek	gauge	zeek_timers_pending	type	IPTunnelInactivityTimer	0.0
1777920958.287753	zeek	gauge	zeek_timers_pending	type	DNSExpireTimer	0.0
1777920958.287753	zeek	gauge	zeek_timers_pending	type	UnknownProtocolExpire	0.0
1777920958.287753	zeek	gauge	zeek_timers_pending	type	ProfileTimer	0.0
1777920958.287753	zeek	gauge	zeek_timers_pending	type	ConnectionExpireTimer	0.0
1777920958.287753	zeek	gauge	zeek_timers_pending	type	BreakpointTimer	0.0
1777920958.287753	zeek	gauge	zeek_timers_pending	type	BackdoorTimer	0.0
1777920958.287753	zeek	gauge	zeek_timers_pending	type	NetbiosExpireTimer	0.0
1777920958.287753	zeek	gauge	zeek_timers_pending	type	NetworkTimer	0.0
1777920958.287753	zeek	gauge	zeek_timers_pending	type	RemoveConnection	0.0
1777920958.287753	zeek	gauge	zeek_timers_pending	type	TCPConnectionResetTimer	0.0
1777920958.287753	zeek	gauge	zeek_timers_pending	type	ConnTupleWeirdTimer	0.0
1777920958.287753	zeek	gauge	zeek_timers_pending	type	TCPConnectionDeleteTimer	0.0
1777920958.287753	zeek	gauge	zeek_timers_pending	type	ScheduleTimer	6.0
1777920958.287753	zeek	gauge	zeek_timers_pending	type	NTPExpireTimer	0.0
1777920958.287753	zeek	gauge	zeek_timers_pending	type	RPCExpireTimer	0.0
1777920958.287753	zeek	gauge	zeek_timers_pending	type	ConnectionDeleteTimer	0.0
1777920958.287753	zeek	gauge	zeek_timers_pending	type	TriggerTimer	0.0
1777920958.287753	zeek	gauge	zeek_timers_pending	type	TableValTimer	34.0
1777920958.287753	zeek	gauge	zeek_timers_pending	type	TCPConnectionAttemptTimer	0.0
1777920958.287753	zeek	gauge	zeek_timers_pending	type	TCPConnectionPartialClose	0.0
1777920958.287753	zeek	gauge	zeek_dnsmgr_pending_asyncs_requests	(empty)	(empty)	0.0
1777920958.287753	zeek	gauge	zeek_dnsmgr_cache_entries	type	text	0.0
1777920958.287753	zeek	gauge	zeek_dnsmgr_cache_entries	type	address	0.0
1777920958.287753	zeek	gauge	zeek_dnsmgr_cache_entries	type	host	0.0
1777920958.287753	zeek	gauge	zeek_pending_triggers	(empty)	(empty)	0.0
1777920958.287753	zeek	gauge	zeek_active_sessions	protocol	unknown	0.0
1777920958.287753	zeek	gauge	zeek_active_sessions	protocol	icmp	0.0
1777920958.287753	zeek	gauge	zeek_active_sessions	protocol	udp	0.0
1777920958.287753	zeek	gauge	zeek_active_sessions	protocol	tcp	0.0
1777921018.288301	zeek	counter	process_cpu_user_seconds_total	(empty)	(empty)	0.88
1777921018.288301	zeek	counter	process_cpu_system_seconds_total	(empty)	(empty)	0.42
1777921018.288301	zeek	gauge	process_resident_memory_bytes	(empty)	(empty)	282587136.0
1777921018.288301	zeek	gauge	process_virtual_memory_bytes	(empty)	(empty)	1543462912.0
1777921018.288301	zeek	gauge	process_open_fds	(empty)	(empty)	43.0
1777921018.288301	zeek	gauge	process_start_time_seconds	(empty)	(empty)	1777920597.582311
1777921018.288301	zeek	counter	zeek_log_stream_writes_total	module,stream	Conn,Conn::LOG	12.0
1777921018.288301	zeek	counter	zeek_log_stream_writes_total	module,stream	CaptureLoss,CaptureLoss::LOG	1.0
1777921018.288301	zeek	counter	zeek_log_stream_writes_total	module,stream	Notice,Notice::LOG	1.0
1777921018.288301	zeek	counter	zeek_log_stream_writes_total	module,stream	Stats,Stats::LOG	2.0
1777921018.288301	zeek	counter	zeek_log_stream_writes_total	module,stream	Telemetry,Telemetry::LOG	990.0
1777921018.288301	zeek	counter	zeek_log_stream_writes_total	module,stream	LoadedScripts,LoadedScripts::LOG	538.0
1777921018.288301	zeek	counter	zeek_log_stream_writes_total	module,stream	PacketFilter,PacketFilter::LOG	1.0
1777921018.288301	zeek	counter	zeek_log_writer_writes_total	filter_name,module,path,stream,writer	default,Conn,conn,Conn::LOG,Log::WRITER_ASCII	12.0
1777921018.288301	zeek	counter	zeek_log_writer_writes_total	filter_name,module,path,stream,writer	default,CaptureLoss,capture_loss,CaptureLoss::LOG,Log::WRITER_ASCII	1.0
1777921018.288301	zeek	counter	zeek_log_writer_writes_total	filter_name,module,path,stream,writer	default,Notice,notice,Notice::LOG,Log::WRITER_ASCII	1.0
1777921018.288301	zeek	counter	zeek_log_writer_writes_total	filter_name,module,path,stream,writer	default,Stats,stats,Stats::LOG,Log::WRITER_ASCII	2.0
1777921018.288301	zeek	counter	zeek_log_writer_writes_total	filter_name,module,path,stream,writer	default,Telemetry,telemetry,Telemetry::LOG,Log::WRITER_ASCII	990.0
1777921018.288301	zeek	counter	zeek_log_writer_writes_total	filter_name,module,path,stream,writer	default,LoadedScripts,loaded_scripts,LoadedScripts::LOG,Log::WRITER_ASCII	538.0
1777921018.288301	zeek	counter	zeek_log_writer_writes_total	filter_name,module,path,stream,writer	default,PacketFilter,packet_filter,PacketFilter::LOG,Log::WRITER_ASCII	1.0
1777921018.288301	zeek	counter	zeek_log_writer_discarded_writes_total	filter_name,module,path,stream,writer	default,Conn,conn,Conn::LOG,Log::WRITER_ASCII	0.0
1777921018.288301	zeek	counter	zeek_log_writer_discarded_writes_total	filter_name,module,path,stream,writer	default,CaptureLoss,capture_loss,CaptureLoss::LOG,Log::WRITER_ASCII	0.0
1777921018.288301	zeek	counter	zeek_log_writer_discarded_writes_total	filter_name,module,path,stream,writer	default,Notice,notice,Notice::LOG,Log::WRITER_ASCII	0.0
1777921018.288301	zeek	counter	zeek_log_writer_discarded_writes_total	filter_name,module,path,stream,writer	default,Stats,stats,Stats::LOG,Log::WRITER_ASCII	0.0
1777921018.288301	zeek	counter	zeek_log_writer_discarded_writes_total	filter_name,module,path,stream,writer	default,Telemetry,telemetry,Telemetry::LOG,Log::WRITER_ASCII	0.0
1777921018.288301	zeek	counter	zeek_log_writer_discarded_writes_total	filter_name,module,path,stream,writer	default,LoadedScripts,loaded_scripts,LoadedScripts::LOG,Log::WRITER_ASCII	0.0
1777921018.288301	zeek	counter	zeek_log_writer_discarded_writes_total	filter_name,module,path,stream,writer	default,PacketFilter,packet_filter,PacketFilter::LOG,Log::WRITER_ASCII	0.0
1777921018.288301	zeek	counter	zeek_log_writer_truncated_string_fields_total	filter_name,module,path,stream,writer	default,Conn,conn,Conn::LOG,Log::WRITER_ASCII	0.0
1777921018.288301	zeek	counter	zeek_log_writer_truncated_string_fields_total	filter_name,module,path,stream,writer	default,CaptureLoss,capture_loss,CaptureLoss::LOG,Log::WRITER_ASCII	0.0
1777921018.288301	zeek	counter	zeek_log_writer_truncated_string_fields_total	filter_name,module,path,stream,writer	default,Notice,notice,Notice::LOG,Log::WRITER_ASCII	0.0
1777921018.288301	zeek	counter	zeek_log_writer_truncated_string_fields_total	filter_name,module,path,stream,writer	default,Stats,stats,Stats::LOG,Log::WRITER_ASCII	0.0
1777921018.288301	zeek	counter	zeek_log_writer_truncated_string_fields_total	filter_name,module,path,stream,writer	default,Telemetry,telemetry,Telemetry::LOG,Log::WRITER_ASCII	0.0
1777921018.288301	zeek	counter	zeek_log_writer_truncated_string_fields_total	filter_name,module,path,stream,writer	default,LoadedScripts,loaded_scripts,LoadedScripts::LOG,Log::WRITER_ASCII	0.0
1777921018.288301	zeek	counter	zeek_log_writer_truncated_string_fields_total	filter_name,module,path,stream,writer	default,PacketFilter,packet_filter,PacketFilter::LOG,Log::WRITER_ASCII	0.0
1777921018.288301	zeek	counter	zeek_log_writer_truncated_containers_total	filter_name,module,path,stream,writer	default,Conn,conn,Conn::LOG,Log::WRITER_ASCII	0.0
1777921018.288301	zeek	counter	zeek_log_writer_truncated_containers_total	filter_name,module,path,stream,writer	default,CaptureLoss,capture_loss,CaptureLoss::LOG,Log::WRITER_ASCII	0.0
1777921018.288301	zeek	counter	zeek_log_writer_truncated_containers_total	filter_name,module,path,stream,writer	default,Notice,notice,Notice::LOG,Log::WRITER_ASCII	0.0
1777921018.288301	zeek	counter	zeek_log_writer_truncated_containers_total	filter_name,module,path,stream,writer	default,Stats,stats,Stats::LOG,Log::WRITER_ASCII	0.0
1777921018.288301	zeek	counter	zeek_log_writer_truncated_containers_total	filter_name,module,path,stream,writer	default,Telemetry,telemetry,Telemetry::LOG,Log::WRITER_ASCII	0.0
1777921018.288301	zeek	counter	zeek_log_writer_truncated_containers_total	filter_name,module,path,stream,writer	default,LoadedScripts,loaded_scripts,LoadedScripts::LOG,Log::WRITER_ASCII	0.0
1777921018.288301	zeek	counter	zeek_log_writer_truncated_containers_total	filter_name,module,path,stream,writer	default,PacketFilter,packet_filter,PacketFilter::LOG,Log::WRITER_ASCII	0.0
1777921018.288301	zeek	counter	zeek_net_received_bytes_total	(empty)	(empty)	4823.0
1777921018.288301	zeek	counter	zeek_net_received_packets_total	(empty)	(empty)	35.0
1777921018.288301	zeek	counter	zeek_net_dropped_packets_total	(empty)	(empty)	0.0
1777921018.288301	zeek	counter	zeek_net_link_packets_total	(empty)	(empty)	35.0
1777921018.288301	zeek	counter	zeek_msgthread_threads_total	(empty)	(empty)	7.0
1777921018.288301	zeek	counter	zeek_msgthread_in_messages_total	(empty)	(empty)	26.0
1777921018.288301	zeek	counter	zeek_msgthread_out_messages_total	(empty)	(empty)	0.0
1777921018.288301	zeek	counter	zeek_cluster_core_outgoing_events_total	(empty)	(empty)	0.0
1777921018.288301	zeek	counter	zeek_cluster_core_incoming_events_total	(empty)	(empty)	0.0
1777921018.288301	zeek	counter	zeek_broker_incoming_events_total	(empty)	(empty)	0.0
1777921018.288301	zeek	counter	zeek_broker_outgoing_events_total	(empty)	(empty)	0.0
1777921018.288301	zeek	counter	zeek_broker_incoming_logs_total	(empty)	(empty)	0.0
1777921018.288301	zeek	counter	zeek_broker_outgoing_logs_total	(empty)	(empty)	0.0
1777921018.288301	zeek	counter	zeek_broker_incoming_ids_total	(empty)	(empty)	0.0
1777921018.288301	zeek	counter	zeek_broker_outgoing_ids_total	(empty)	(empty)	0.0
1777921018.288301	zeek	counter	zeek_timers_total	(empty)	(empty)	2838.0
1777921018.288301	zeek	counter	zeek_dnsmgr_requests_total	(empty)	(empty)	0.0
1777921018.288301	zeek	counter	zeek_dnsmgr_successful_requests_total	(empty)	(empty)	0.0
1777921018.288301	zeek	counter	zeek_dnsmgr_failed_requests_total	(empty)	(empty)	0.0
1777921018.288301	zeek	counter	zeek_triggers_total	(empty)	(empty)	0.0
1777921018.288301	zeek	counter	zeek_ended_sessions_total	reason	inactivity	12.0
1777921018.288301	zeek	counter	zeek_event_handler_invocations_total	name	connection_state_remove	12.0
1777921018.288301	zeek	counter	zeek_event_handler_invocations_total	name	zeek_init	1.0
1777921018.288301	zeek	counter	zeek_event_handler_invocations_total	name	Telemetry::log	8.0
1777921018.288301	zeek	counter	zeek_event_handler_invocations_total	name	NetControl::init	1.0
1777921018.288301	zeek	counter	zeek_event_handler_invocations_total	name	ChecksumOffloading::check	2.0
1777921018.288301	zeek	counter	zeek_event_handler_invocations_total	name	grab_vulnerable_versions	2.0
1777921018.288301	zeek	counter	zeek_event_handler_invocations_total	name	filter_change_tracking	3.0
1777921018.288301	zeek	counter	zeek_event_handler_invocations_total	name	Broker::log_flush	420.0
1777921018.288301	zeek	counter	zeek_event_handler_invocations_total	name	zeek_script_loaded	538.0
1777921018.288301	zeek	counter	zeek_event_handler_invocations_total	name	new_connection	12.0
1777921018.288301	zeek	counter	zeek_event_handler_invocations_total	name	check_stats	2.0
1777921018.288301	zeek	counter	zeek_event_handler_invocations_total	name	CaptureLoss::take_measurement	2.0
1777921018.288301	zeek	counter	zeek_event_handler_invocations_total	name	net_stats_update	2.0
1777921018.288301	zeek	counter	zeek_event_handler_invocations_total	name	SumStats::finish_epoch	3.0
1777921018.288301	zeek	counter	zeek_total_sessions_total	protocol	unknown	1.0
1777921018.288301	zeek	counter	zeek_total_sessions_total	protocol	icmp	5.0
1777921018.288301	zeek	counter	zeek_total_sessions_total	protocol	udp	6.0
1777921018.288301	zeek	counter	zeek_total_sessions_total	protocol	tcp	0.0
1777921018.288301	zeek	gauge	zeek_version_info	beta,commit,debug,major,minor,patch,version_number,version_string	false,0,false,8,1,2,80102,8.1.2	1.0
1777921018.288301	zeek	gauge	zeek_net_packet_lag_seconds	(empty)	(empty)	0.00259
1777921018.288301	zeek	gauge	zeek_net_timestamp_seconds	(empty)	(empty)	1777921018.288301
1777921018.288301	zeek	gauge	zeek_msgthread_active_threads	(empty)	(empty)	7.0
1777921018.288301	zeek	gauge	zeek_msgthread_pending_in_messages	(empty)	(empty)	0.0
1777921018.288301	zeek	gauge	zeek_msgthread_pending_out_messages	(empty)	(empty)	0.0
1777921018.288301	zeek	gauge	zeek_msgthread_pending_messages_in_buckets	leq	inf	7.0
1777921018.288301	zeek	gauge	zeek_msgthread_pending_messages_in_buckets	leq	10000	7.0
1777921018.288301	zeek	gauge	zeek_msgthread_pending_messages_in_buckets	leq	1000	7.0
1777921018.288301	zeek	gauge	zeek_msgthread_pending_messages_in_buckets	leq	100	7.0
1777921018.288301	zeek	gauge	zeek_msgthread_pending_messages_in_buckets	leq	10	7.0
1777921018.288301	zeek	gauge	zeek_msgthread_pending_messages_in_buckets	leq	1	7.0
1777921018.288301	zeek	gauge	zeek_msgthread_pending_messages_out_buckets	leq	inf	7.0
1777921018.288301	zeek	gauge	zeek_msgthread_pending_messages_out_buckets	leq	10000	7.0
1777921018.288301	zeek	gauge	zeek_msgthread_pending_messages_out_buckets	leq	1000	7.0
1777921018.288301	zeek	gauge	zeek_msgthread_pending_messages_out_buckets	leq	100	7.0
1777921018.288301	zeek	gauge	zeek_msgthread_pending_messages_out_buckets	leq	10	7.0
1777921018.288301	zeek	gauge	zeek_msgthread_pending_messages_out_buckets	leq	1	7.0
1777921018.288301	zeek	gauge	zeek_broker_peers	(empty)	(empty)	0.0
1777921018.288301	zeek	gauge	zeek_broker_stores	(empty)	(empty)	1.0
1777921018.288301	zeek	gauge	zeek_broker_pending_queries	(empty)	(empty)	0.0
1777921018.288301	zeek	gauge	zeek_timers_lag_time_seconds	(empty)	(empty)	0.000548
1777921018.288301	zeek	gauge	zeek_timers_pending	type	LogDelayExpire	0.0
1777921018.288301	zeek	gauge	zeek_timers_pending	type	ThreadHeartbeat	1.0
1777921018.288301	zeek	gauge	zeek_timers_pending	type	TimerMgrExpireTimer	0.0
1777921018.288301	zeek	gauge	zeek_timers_pending	type	ParentProcessIDCheck	0.0
1777921018.288301	zeek	gauge	zeek_timers_pending	type	FragTimer	0.0
1777921018.288301	zeek	gauge	zeek_timers_pending	type	RotateTimer	0.0
1777921018.288301	zeek	gauge	zeek_timers_pending	type	FlowWeirdTimer	0.0
1777921018.288301	zeek	gauge	zeek_timers_pending	type	FileAnalysisInactivityTimer	0.0
1777921018.288301	zeek	gauge	zeek_timers_pending	type	StorageExpire	1.0
1777921018.288301	zeek	gauge	zeek_timers_pending	type	ConnectionInactivityTimer	0.0
1777921018.288301	zeek	gauge	zeek_timers_pending	type	TCPConnectionExpireTimer	0.0
1777921018.288301	zeek	gauge	zeek_timers_pending	type	ConnectionStatusUpdateTimer	0.0
1777921018.288301	zeek	gauge	zeek_timers_pending	type	LogFlushWriteBufferTimer	1.0
1777921018.288301	zeek	gauge	zeek_timers_pending	type	NetWeirdTimer	0.0
1777921018.288301	zeek	gauge	zeek_timers_pending	type	InterconnTimer	0.0
1777921018.288301	zeek	gauge	zeek_timers_pending	type	IPTunnelInactivityTimer	0.0
1777921018.288301	zeek	gauge	zeek_timers_pending	type	DNSExpireTimer	0.0
1777921018.288301	zeek	gauge	zeek_timers_pending	type	UnknownProtocolExpire	0.0
1777921018.288301	zeek	gauge	zeek_timers_pending	type	ProfileTimer	0.0
1777921018.288301	zeek	gauge	zeek_timers_pending	type	ConnectionExpireTimer	0.0
1777921018.288301	zeek	gauge	zeek_timers_pending	type	BreakpointTimer	0.0
1777921018.288301	zeek	gauge	zeek_timers_pending	type	BackdoorTimer	0.0
1777921018.288301	zeek	gauge	zeek_timers_pending	type	NetbiosExpireTimer	0.0
1777921018.288301	zeek	gauge	zeek_timers_pending	type	NetworkTimer	0.0
1777921018.288301	zeek	gauge	zeek_timers_pending	type	RemoveConnection	0.0
1777921018.288301	zeek	gauge	zeek_timers_pending	type	TCPConnectionResetTimer	0.0
1777921018.288301	zeek	gauge	zeek_timers_pending	type	ConnTupleWeirdTimer	0.0
1777921018.288301	zeek	gauge	zeek_timers_pending	type	TCPConnectionDeleteTimer	0.0
1777921018.288301	zeek	gauge	zeek_timers_pending	type	ScheduleTimer	6.0
1777921018.288301	zeek	gauge	zeek_timers_pending	type	NTPExpireTimer	0.0
1777921018.288301	zeek	gauge	zeek_timers_pending	type	RPCExpireTimer	0.0
1777921018.288301	zeek	gauge	zeek_timers_pending	type	ConnectionDeleteTimer	0.0
1777921018.288301	zeek	gauge	zeek_timers_pending	type	TriggerTimer	0.0
1777921018.288301	zeek	gauge	zeek_timers_pending	type	TableValTimer	34.0
1777921018.288301	zeek	gauge	zeek_timers_pending	type	TCPConnectionAttemptTimer	0.0
1777921018.288301	zeek	gauge	zeek_timers_pending	type	TCPConnectionPartialClose	0.0
1777921018.288301	zeek	gauge	zeek_dnsmgr_pending_asyncs_requests	(empty)	(empty)	0.0
1777921018.288301	zeek	gauge	zeek_dnsmgr_cache_entries	type	text	0.0
1777921018.288301	zeek	gauge	zeek_dnsmgr_cache_entries	type	address	0.0
1777921018.288301	zeek	gauge	zeek_dnsmgr_cache_entries	type	host	0.0
1777921018.288301	zeek	gauge	zeek_pending_triggers	(empty)	(empty)	0.0
1777921018.288301	zeek	gauge	zeek_active_sessions	protocol	unknown	0.0
1777921018.288301	zeek	gauge	zeek_active_sessions	protocol	icmp	0.0
1777921018.288301	zeek	gauge	zeek_active_sessions	protocol	udp	0.0
1777921018.288301	zeek	gauge	zeek_active_sessions	protocol	tcp	0.0
1777921078.288798	zeek	counter	process_cpu_user_seconds_total	(empty)	(empty)	0.99
1777921078.288798	zeek	counter	process_cpu_system_seconds_total	(empty)	(empty)	0.45
1777921078.288798	zeek	gauge	process_resident_memory_bytes	(empty)	(empty)	284684288.0
1777921078.288798	zeek	gauge	process_virtual_memory_bytes	(empty)	(empty)	1543462912.0
1777921078.288798	zeek	gauge	process_open_fds	(empty)	(empty)	43.0
1777921078.288798	zeek	gauge	process_start_time_seconds	(empty)	(empty)	1777920597.582311
1777921078.288798	zeek	counter	zeek_log_stream_writes_total	module,stream	Conn,Conn::LOG	12.0
1777921078.288798	zeek	counter	zeek_log_stream_writes_total	module,stream	CaptureLoss,CaptureLoss::LOG	1.0
1777921078.288798	zeek	counter	zeek_log_stream_writes_total	module,stream	Notice,Notice::LOG	1.0
1777921078.288798	zeek	counter	zeek_log_stream_writes_total	module,stream	Stats,Stats::LOG	2.0
1777921078.288798	zeek	counter	zeek_log_stream_writes_total	module,stream	Telemetry,Telemetry::LOG	1137.0
1777921078.288798	zeek	counter	zeek_log_stream_writes_total	module,stream	LoadedScripts,LoadedScripts::LOG	538.0
1777921078.288798	zeek	counter	zeek_log_stream_writes_total	module,stream	PacketFilter,PacketFilter::LOG	1.0
1777921078.288798	zeek	counter	zeek_log_writer_writes_total	filter_name,module,path,stream,writer	default,Conn,conn,Conn::LOG,Log::WRITER_ASCII	12.0
1777921078.288798	zeek	counter	zeek_log_writer_writes_total	filter_name,module,path,stream,writer	default,CaptureLoss,capture_loss,CaptureLoss::LOG,Log::WRITER_ASCII	1.0
1777921078.288798	zeek	counter	zeek_log_writer_writes_total	filter_name,module,path,stream,writer	default,Notice,notice,Notice::LOG,Log::WRITER_ASCII	1.0
1777921078.288798	zeek	counter	zeek_log_writer_writes_total	filter_name,module,path,stream,writer	default,Stats,stats,Stats::LOG,Log::WRITER_ASCII	2.0
1777921078.288798	zeek	counter	zeek_log_writer_writes_total	filter_name,module,path,stream,writer	default,Telemetry,telemetry,Telemetry::LOG,Log::WRITER_ASCII	1137.0
1777921078.288798	zeek	counter	zeek_log_writer_writes_total	filter_name,module,path,stream,writer	default,LoadedScripts,loaded_scripts,LoadedScripts::LOG,Log::WRITER_ASCII	538.0
1777921078.288798	zeek	counter	zeek_log_writer_writes_total	filter_name,module,path,stream,writer	default,PacketFilter,packet_filter,PacketFilter::LOG,Log::WRITER_ASCII	1.0
1777921078.288798	zeek	counter	zeek_log_writer_discarded_writes_total	filter_name,module,path,stream,writer	default,Conn,conn,Conn::LOG,Log::WRITER_ASCII	0.0
1777921078.288798	zeek	counter	zeek_log_writer_discarded_writes_total	filter_name,module,path,stream,writer	default,CaptureLoss,capture_loss,CaptureLoss::LOG,Log::WRITER_ASCII	0.0
1777921078.288798	zeek	counter	zeek_log_writer_discarded_writes_total	filter_name,module,path,stream,writer	default,Notice,notice,Notice::LOG,Log::WRITER_ASCII	0.0
1777921078.288798	zeek	counter	zeek_log_writer_discarded_writes_total	filter_name,module,path,stream,writer	default,Stats,stats,Stats::LOG,Log::WRITER_ASCII	0.0
1777921078.288798	zeek	counter	zeek_log_writer_discarded_writes_total	filter_name,module,path,stream,writer	default,Telemetry,telemetry,Telemetry::LOG,Log::WRITER_ASCII	0.0
1777921078.288798	zeek	counter	zeek_log_writer_discarded_writes_total	filter_name,module,path,stream,writer	default,LoadedScripts,loaded_scripts,LoadedScripts::LOG,Log::WRITER_ASCII	0.0
1777921078.288798	zeek	counter	zeek_log_writer_discarded_writes_total	filter_name,module,path,stream,writer	default,PacketFilter,packet_filter,PacketFilter::LOG,Log::WRITER_ASCII	0.0
1777921078.288798	zeek	counter	zeek_log_writer_truncated_string_fields_total	filter_name,module,path,stream,writer	default,Conn,conn,Conn::LOG,Log::WRITER_ASCII	0.0
1777921078.288798	zeek	counter	zeek_log_writer_truncated_string_fields_total	filter_name,module,path,stream,writer	default,CaptureLoss,capture_loss,CaptureLoss::LOG,Log::WRITER_ASCII	0.0
1777921078.288798	zeek	counter	zeek_log_writer_truncated_string_fields_total	filter_name,module,path,stream,writer	default,Notice,notice,Notice::LOG,Log::WRITER_ASCII	0.0
1777921078.288798	zeek	counter	zeek_log_writer_truncated_string_fields_total	filter_name,module,path,stream,writer	default,Stats,stats,Stats::LOG,Log::WRITER_ASCII	0.0
1777921078.288798	zeek	counter	zeek_log_writer_truncated_string_fields_total	filter_name,module,path,stream,writer	default,Telemetry,telemetry,Telemetry::LOG,Log::WRITER_ASCII	0.0
1777921078.288798	zeek	counter	zeek_log_writer_truncated_string_fields_total	filter_name,module,path,stream,writer	default,LoadedScripts,loaded_scripts,LoadedScripts::LOG,Log::WRITER_ASCII	0.0
1777921078.288798	zeek	counter	zeek_log_writer_truncated_string_fields_total	filter_name,module,path,stream,writer	default,PacketFilter,packet_filter,PacketFilter::LOG,Log::WRITER_ASCII	0.0
1777921078.288798	zeek	counter	zeek_log_writer_truncated_containers_total	filter_name,module,path,stream,writer	default,Conn,conn,Conn::LOG,Log::WRITER_ASCII	0.0
1777921078.288798	zeek	counter	zeek_log_writer_truncated_containers_total	filter_name,module,path,stream,writer	default,CaptureLoss,capture_loss,CaptureLoss::LOG,Log::WRITER_ASCII	0.0
1777921078.288798	zeek	counter	zeek_log_writer_truncated_containers_total	filter_name,module,path,stream,writer	default,Notice,notice,Notice::LOG,Log::WRITER_ASCII	0.0
1777921078.288798	zeek	counter	zeek_log_writer_truncated_containers_total	filter_name,module,path,stream,writer	default,Stats,stats,Stats::LOG,Log::WRITER_ASCII	0.0
1777921078.288798	zeek	counter	zeek_log_writer_truncated_containers_total	filter_name,module,path,stream,writer	default,Telemetry,telemetry,Telemetry::LOG,Log::WRITER_ASCII	0.0
1777921078.288798	zeek	counter	zeek_log_writer_truncated_containers_total	filter_name,module,path,stream,writer	default,LoadedScripts,loaded_scripts,LoadedScripts::LOG,Log::WRITER_ASCII	0.0
1777921078.288798	zeek	counter	zeek_log_writer_truncated_containers_total	filter_name,module,path,stream,writer	default,PacketFilter,packet_filter,PacketFilter::LOG,Log::WRITER_ASCII	0.0
1777921078.288798	zeek	counter	zeek_net_received_bytes_total	(empty)	(empty)	4823.0
1777921078.288798	zeek	counter	zeek_net_received_packets_total	(empty)	(empty)	35.0
1777921078.288798	zeek	counter	zeek_net_dropped_packets_total	(empty)	(empty)	0.0
1777921078.288798	zeek	counter	zeek_net_link_packets_total	(empty)	(empty)	35.0
1777921078.288798	zeek	counter	zeek_msgthread_threads_total	(empty)	(empty)	7.0
1777921078.288798	zeek	counter	zeek_msgthread_in_messages_total	(empty)	(empty)	27.0
1777921078.288798	zeek	counter	zeek_msgthread_out_messages_total	(empty)	(empty)	0.0
1777921078.288798	zeek	counter	zeek_cluster_core_outgoing_events_total	(empty)	(empty)	0.0
1777921078.288798	zeek	counter	zeek_cluster_core_incoming_events_total	(empty)	(empty)	0.0
1777921078.288798	zeek	counter	zeek_broker_incoming_events_total	(empty)	(empty)	0.0
1777921078.288798	zeek	counter	zeek_broker_outgoing_events_total	(empty)	(empty)	0.0
1777921078.288798	zeek	counter	zeek_broker_incoming_logs_total	(empty)	(empty)	0.0
1777921078.288798	zeek	counter	zeek_broker_outgoing_logs_total	(empty)	(empty)	0.0
1777921078.288798	zeek	counter	zeek_broker_incoming_ids_total	(empty)	(empty)	0.0
1777921078.288798	zeek	counter	zeek_broker_outgoing_ids_total	(empty)	(empty)	0.0
1777921078.288798	zeek	counter	zeek_timers_total	(empty)	(empty)	3227.0
1777921078.288798	zeek	counter	zeek_dnsmgr_requests_total	(empty)	(empty)	0.0
1777921078.288798	zeek	counter	zeek_dnsmgr_successful_requests_total	(empty)	(empty)	0.0
1777921078.288798	zeek	counter	zeek_dnsmgr_failed_requests_total	(empty)	(empty)	0.0
1777921078.288798	zeek	counter	zeek_triggers_total	(empty)	(empty)	0.0
1777921078.288798	zeek	counter	zeek_ended_sessions_total	reason	inactivity	12.0
1777921078.288798	zeek	counter	zeek_event_handler_invocations_total	name	connection_state_remove	12.0
1777921078.288798	zeek	counter	zeek_event_handler_invocations_total	name	zeek_init	1.0
1777921078.288798	zeek	counter	zeek_event_handler_invocations_total	name	Telemetry::log	9.0
1777921078.288798	zeek	counter	zeek_event_handler_invocations_total	name	NetControl::init	1.0
1777921078.288798	zeek	counter	zeek_event_handler_invocations_total	name	ChecksumOffloading::check	2.0
1777921078.288798	zeek	counter	zeek_event_handler_invocations_total	name	grab_vulnerable_versions	2.0
1777921078.288798	zeek	counter	zeek_event_handler_invocations_total	name	filter_change_tracking	3.0
1777921078.288798	zeek	counter	zeek_event_handler_invocations_total	name	Broker::log_flush	480.0
1777921078.288798	zeek	counter	zeek_event_handler_invocations_total	name	zeek_script_loaded	538.0
1777921078.288798	zeek	counter	zeek_event_handler_invocations_total	name	new_connection	12.0
1777921078.288798	zeek	counter	zeek_event_handler_invocations_total	name	check_stats	2.0
1777921078.288798	zeek	counter	zeek_event_handler_invocations_total	name	CaptureLoss::take_measurement	2.0
1777921078.288798	zeek	counter	zeek_event_handler_invocations_total	name	net_stats_update	2.0
1777921078.288798	zeek	counter	zeek_event_handler_invocations_total	name	SumStats::finish_epoch	3.0
1777921078.288798	zeek	counter	zeek_total_sessions_total	protocol	unknown	1.0
1777921078.288798	zeek	counter	zeek_total_sessions_total	protocol	icmp	5.0
1777921078.288798	zeek	counter	zeek_total_sessions_total	protocol	udp	6.0
1777921078.288798	zeek	counter	zeek_total_sessions_total	protocol	tcp	0.0
1777921078.288798	zeek	gauge	zeek_version_info	beta,commit,debug,major,minor,patch,version_number,version_string	false,0,false,8,1,2,80102,8.1.2	1.0
1777921078.288798	zeek	gauge	zeek_net_packet_lag_seconds	(empty)	(empty)	0.00256
1777921078.288798	zeek	gauge	zeek_net_timestamp_seconds	(empty)	(empty)	1777921078.288798
1777921078.288798	zeek	gauge	zeek_msgthread_active_threads	(empty)	(empty)	7.0
1777921078.288798	zeek	gauge	zeek_msgthread_pending_in_messages	(empty)	(empty)	0.0
1777921078.288798	zeek	gauge	zeek_msgthread_pending_out_messages	(empty)	(empty)	0.0
1777921078.288798	zeek	gauge	zeek_msgthread_pending_messages_in_buckets	leq	inf	7.0
1777921078.288798	zeek	gauge	zeek_msgthread_pending_messages_in_buckets	leq	10000	7.0
1777921078.288798	zeek	gauge	zeek_msgthread_pending_messages_in_buckets	leq	1000	7.0
1777921078.288798	zeek	gauge	zeek_msgthread_pending_messages_in_buckets	leq	100	7.0
1777921078.288798	zeek	gauge	zeek_msgthread_pending_messages_in_buckets	leq	10	7.0
1777921078.288798	zeek	gauge	zeek_msgthread_pending_messages_in_buckets	leq	1	7.0
1777921078.288798	zeek	gauge	zeek_msgthread_pending_messages_out_buckets	leq	inf	7.0
1777921078.288798	zeek	gauge	zeek_msgthread_pending_messages_out_buckets	leq	10000	7.0
1777921078.288798	zeek	gauge	zeek_msgthread_pending_messages_out_buckets	leq	1000	7.0
1777921078.288798	zeek	gauge	zeek_msgthread_pending_messages_out_buckets	leq	100	7.0
1777921078.288798	zeek	gauge	zeek_msgthread_pending_messages_out_buckets	leq	10	7.0
1777921078.288798	zeek	gauge	zeek_msgthread_pending_messages_out_buckets	leq	1	7.0
1777921078.288798	zeek	gauge	zeek_broker_peers	(empty)	(empty)	0.0
1777921078.288798	zeek	gauge	zeek_broker_stores	(empty)	(empty)	1.0
1777921078.288798	zeek	gauge	zeek_broker_pending_queries	(empty)	(empty)	0.0
1777921078.288798	zeek	gauge	zeek_timers_lag_time_seconds	(empty)	(empty)	0.000497
1777921078.288798	zeek	gauge	zeek_timers_pending	type	LogDelayExpire	0.0
1777921078.288798	zeek	gauge	zeek_timers_pending	type	ThreadHeartbeat	1.0
1777921078.288798	zeek	gauge	zeek_timers_pending	type	TimerMgrExpireTimer	0.0
1777921078.288798	zeek	gauge	zeek_timers_pending	type	ParentProcessIDCheck	0.0
1777921078.288798	zeek	gauge	zeek_timers_pending	type	FragTimer	0.0
1777921078.288798	zeek	gauge	zeek_timers_pending	type	RotateTimer	0.0
1777921078.288798	zeek	gauge	zeek_timers_pending	type	FlowWeirdTimer	0.0
1777921078.288798	zeek	gauge	zeek_timers_pending	type	FileAnalysisInactivityTimer	0.0
1777921078.288798	zeek	gauge	zeek_timers_pending	type	StorageExpire	1.0
1777921078.288798	zeek	gauge	zeek_timers_pending	type	ConnectionInactivityTimer	0.0
1777921078.288798	zeek	gauge	zeek_timers_pending	type	TCPConnectionExpireTimer	0.0
1777921078.288798	zeek	gauge	zeek_timers_pending	type	ConnectionStatusUpdateTimer	0.0
1777921078.288798	zeek	gauge	zeek_timers_pending	type	LogFlushWriteBufferTimer	1.0
1777921078.288798	zeek	gauge	zeek_timers_pending	type	NetWeirdTimer	0.0
1777921078.288798	zeek	gauge	zeek_timers_pending	type	InterconnTimer	0.0
1777921078.288798	zeek	gauge	zeek_timers_pending	type	IPTunnelInactivityTimer	0.0
1777921078.288798	zeek	gauge	zeek_timers_pending	type	DNSExpireTimer	0.0
1777921078.288798	zeek	gauge	zeek_timers_pending	type	UnknownProtocolExpire	0.0
1777921078.288798	zeek	gauge	zeek_timers_pending	type	ProfileTimer	0.0
1777921078.288798	zeek	gauge	zeek_timers_pending	type	ConnectionExpireTimer	0.0
1777921078.288798	zeek	gauge	zeek_timers_pending	type	BreakpointTimer	0.0
1777921078.288798	zeek	gauge	zeek_timers_pending	type	BackdoorTimer	0.0
1777921078.288798	zeek	gauge	zeek_timers_pending	type	NetbiosExpireTimer	0.0
1777921078.288798	zeek	gauge	zeek_timers_pending	type	NetworkTimer	0.0
1777921078.288798	zeek	gauge	zeek_timers_pending	type	RemoveConnection	0.0
1777921078.288798	zeek	gauge	zeek_timers_pending	type	TCPConnectionResetTimer	0.0
1777921078.288798	zeek	gauge	zeek_timers_pending	type	ConnTupleWeirdTimer	0.0
1777921078.288798	zeek	gauge	zeek_timers_pending	type	TCPConnectionDeleteTimer	0.0
1777921078.288798	zeek	gauge	zeek_timers_pending	type	ScheduleTimer	6.0
1777921078.288798	zeek	gauge	zeek_timers_pending	type	NTPExpireTimer	0.0
1777921078.288798	zeek	gauge	zeek_timers_pending	type	RPCExpireTimer	0.0
1777921078.288798	zeek	gauge	zeek_timers_pending	type	ConnectionDeleteTimer	0.0
1777921078.288798	zeek	gauge	zeek_timers_pending	type	TriggerTimer	0.0
1777921078.288798	zeek	gauge	zeek_timers_pending	type	TableValTimer	34.0
1777921078.288798	zeek	gauge	zeek_timers_pending	type	TCPConnectionAttemptTimer	0.0
1777921078.288798	zeek	gauge	zeek_timers_pending	type	TCPConnectionPartialClose	0.0
1777921078.288798	zeek	gauge	zeek_dnsmgr_pending_asyncs_requests	(empty)	(empty)	0.0
1777921078.288798	zeek	gauge	zeek_dnsmgr_cache_entries	type	text	0.0
1777921078.288798	zeek	gauge	zeek_dnsmgr_cache_entries	type	address	0.0
1777921078.288798	zeek	gauge	zeek_dnsmgr_cache_entries	type	host	0.0
1777921078.288798	zeek	gauge	zeek_pending_triggers	(empty)	(empty)	0.0
1777921078.288798	zeek	gauge	zeek_active_sessions	protocol	unknown	0.0
1777921078.288798	zeek	gauge	zeek_active_sessions	protocol	icmp	0.0
1777921078.288798	zeek	gauge	zeek_active_sessions	protocol	udp	0.0
1777921078.288798	zeek	gauge	zeek_active_sessions	protocol	tcp	0.0
1777921138.289164	zeek	counter	process_cpu_user_seconds_total	(empty)	(empty)	1.09
1777921138.289164	zeek	counter	process_cpu_system_seconds_total	(empty)	(empty)	0.5
1777921138.289164	zeek	gauge	process_resident_memory_bytes	(empty)	(empty)	284684288.0
1777921138.289164	zeek	gauge	process_virtual_memory_bytes	(empty)	(empty)	1543462912.0
1777921138.289164	zeek	gauge	process_open_fds	(empty)	(empty)	43.0
1777921138.289164	zeek	gauge	process_start_time_seconds	(empty)	(empty)	1777920597.582311
1777921138.289164	zeek	counter	zeek_log_stream_writes_total	module,stream	Conn,Conn::LOG	12.0
1777921138.289164	zeek	counter	zeek_log_stream_writes_total	module,stream	CaptureLoss,CaptureLoss::LOG	1.0
1777921138.289164	zeek	counter	zeek_log_stream_writes_total	module,stream	Notice,Notice::LOG	1.0
1777921138.289164	zeek	counter	zeek_log_stream_writes_total	module,stream	Stats,Stats::LOG	2.0
1777921138.289164	zeek	counter	zeek_log_stream_writes_total	module,stream	Telemetry,Telemetry::LOG	1284.0
1777921138.289164	zeek	counter	zeek_log_stream_writes_total	module,stream	LoadedScripts,LoadedScripts::LOG	538.0
1777921138.289164	zeek	counter	zeek_log_stream_writes_total	module,stream	PacketFilter,PacketFilter::LOG	1.0
1777921138.289164	zeek	counter	zeek_log_writer_writes_total	filter_name,module,path,stream,writer	default,Conn,conn,Conn::LOG,Log::WRITER_ASCII	12.0
1777921138.289164	zeek	counter	zeek_log_writer_writes_total	filter_name,module,path,stream,writer	default,CaptureLoss,capture_loss,CaptureLoss::LOG,Log::WRITER_ASCII	1.0
1777921138.289164	zeek	counter	zeek_log_writer_writes_total	filter_name,module,path,stream,writer	default,Notice,notice,Notice::LOG,Log::WRITER_ASCII	1.0
1777921138.289164	zeek	counter	zeek_log_writer_writes_total	filter_name,module,path,stream,writer	default,Stats,stats,Stats::LOG,Log::WRITER_ASCII	2.0
1777921138.289164	zeek	counter	zeek_log_writer_writes_total	filter_name,module,path,stream,writer	default,Telemetry,telemetry,Telemetry::LOG,Log::WRITER_ASCII	1284.0
1777921138.289164	zeek	counter	zeek_log_writer_writes_total	filter_name,module,path,stream,writer	default,LoadedScripts,loaded_scripts,LoadedScripts::LOG,Log::WRITER_ASCII	538.0
1777921138.289164	zeek	counter	zeek_log_writer_writes_total	filter_name,module,path,stream,writer	default,PacketFilter,packet_filter,PacketFilter::LOG,Log::WRITER_ASCII	1.0
1777921138.289164	zeek	counter	zeek_log_writer_discarded_writes_total	filter_name,module,path,stream,writer	default,Conn,conn,Conn::LOG,Log::WRITER_ASCII	0.0
1777921138.289164	zeek	counter	zeek_log_writer_discarded_writes_total	filter_name,module,path,stream,writer	default,CaptureLoss,capture_loss,CaptureLoss::LOG,Log::WRITER_ASCII	0.0
1777921138.289164	zeek	counter	zeek_log_writer_discarded_writes_total	filter_name,module,path,stream,writer	default,Notice,notice,Notice::LOG,Log::WRITER_ASCII	0.0
1777921138.289164	zeek	counter	zeek_log_writer_discarded_writes_total	filter_name,module,path,stream,writer	default,Stats,stats,Stats::LOG,Log::WRITER_ASCII	0.0
1777921138.289164	zeek	counter	zeek_log_writer_discarded_writes_total	filter_name,module,path,stream,writer	default,Telemetry,telemetry,Telemetry::LOG,Log::WRITER_ASCII	0.0
1777921138.289164	zeek	counter	zeek_log_writer_discarded_writes_total	filter_name,module,path,stream,writer	default,LoadedScripts,loaded_scripts,LoadedScripts::LOG,Log::WRITER_ASCII	0.0
1777921138.289164	zeek	counter	zeek_log_writer_discarded_writes_total	filter_name,module,path,stream,writer	default,PacketFilter,packet_filter,PacketFilter::LOG,Log::WRITER_ASCII	0.0
1777921138.289164	zeek	counter	zeek_log_writer_truncated_string_fields_total	filter_name,module,path,stream,writer	default,Conn,conn,Conn::LOG,Log::WRITER_ASCII	0.0
1777921138.289164	zeek	counter	zeek_log_writer_truncated_string_fields_total	filter_name,module,path,stream,writer	default,CaptureLoss,capture_loss,CaptureLoss::LOG,Log::WRITER_ASCII	0.0
1777921138.289164	zeek	counter	zeek_log_writer_truncated_string_fields_total	filter_name,module,path,stream,writer	default,Notice,notice,Notice::LOG,Log::WRITER_ASCII	0.0
1777921138.289164	zeek	counter	zeek_log_writer_truncated_string_fields_total	filter_name,module,path,stream,writer	default,Stats,stats,Stats::LOG,Log::WRITER_ASCII	0.0
1777921138.289164	zeek	counter	zeek_log_writer_truncated_string_fields_total	filter_name,module,path,stream,writer	default,Telemetry,telemetry,Telemetry::LOG,Log::WRITER_ASCII	0.0
1777921138.289164	zeek	counter	zeek_log_writer_truncated_string_fields_total	filter_name,module,path,stream,writer	default,LoadedScripts,loaded_scripts,LoadedScripts::LOG,Log::WRITER_ASCII	0.0
1777921138.289164	zeek	counter	zeek_log_writer_truncated_string_fields_total	filter_name,module,path,stream,writer	default,PacketFilter,packet_filter,PacketFilter::LOG,Log::WRITER_ASCII	0.0
1777921138.289164	zeek	counter	zeek_log_writer_truncated_containers_total	filter_name,module,path,stream,writer	default,Conn,conn,Conn::LOG,Log::WRITER_ASCII	0.0
1777921138.289164	zeek	counter	zeek_log_writer_truncated_containers_total	filter_name,module,path,stream,writer	default,CaptureLoss,capture_loss,CaptureLoss::LOG,Log::WRITER_ASCII	0.0
1777921138.289164	zeek	counter	zeek_log_writer_truncated_containers_total	filter_name,module,path,stream,writer	default,Notice,notice,Notice::LOG,Log::WRITER_ASCII	0.0
1777921138.289164	zeek	counter	zeek_log_writer_truncated_containers_total	filter_name,module,path,stream,writer	default,Stats,stats,Stats::LOG,Log::WRITER_ASCII	0.0
1777921138.289164	zeek	counter	zeek_log_writer_truncated_containers_total	filter_name,module,path,stream,writer	default,Telemetry,telemetry,Telemetry::LOG,Log::WRITER_ASCII	0.0
1777921138.289164	zeek	counter	zeek_log_writer_truncated_containers_total	filter_name,module,path,stream,writer	default,LoadedScripts,loaded_scripts,LoadedScripts::LOG,Log::WRITER_ASCII	0.0
1777921138.289164	zeek	counter	zeek_log_writer_truncated_containers_total	filter_name,module,path,stream,writer	default,PacketFilter,packet_filter,PacketFilter::LOG,Log::WRITER_ASCII	0.0
1777921138.289164	zeek	counter	zeek_net_received_bytes_total	(empty)	(empty)	4893.0
1777921138.289164	zeek	counter	zeek_net_received_packets_total	(empty)	(empty)	36.0
1777921138.289164	zeek	counter	zeek_net_dropped_packets_total	(empty)	(empty)	0.0
1777921138.289164	zeek	counter	zeek_net_link_packets_total	(empty)	(empty)	36.0
1777921138.289164	zeek	counter	zeek_msgthread_threads_total	(empty)	(empty)	7.0
1777921138.289164	zeek	counter	zeek_msgthread_in_messages_total	(empty)	(empty)	28.0
1777921138.289164	zeek	counter	zeek_msgthread_out_messages_total	(empty)	(empty)	0.0
1777921138.289164	zeek	counter	zeek_cluster_core_outgoing_events_total	(empty)	(empty)	0.0
1777921138.289164	zeek	counter	zeek_cluster_core_incoming_events_total	(empty)	(empty)	0.0
1777921138.289164	zeek	counter	zeek_broker_incoming_events_total	(empty)	(empty)	0.0
1777921138.289164	zeek	counter	zeek_broker_outgoing_events_total	(empty)	(empty)	0.0
1777921138.289164	zeek	counter	zeek_broker_incoming_logs_total	(empty)	(empty)	0.0
1777921138.289164	zeek	counter	zeek_broker_outgoing_logs_total	(empty)	(empty)	0.0
1777921138.289164	zeek	counter	zeek_broker_incoming_ids_total	(empty)	(empty)	0.0
1777921138.289164	zeek	counter	zeek_broker_outgoing_ids_total	(empty)	(empty)	0.0
1777921138.289164	zeek	counter	zeek_timers_total	(empty)	(empty)	3617.0
1777921138.289164	zeek	counter	zeek_dnsmgr_requests_total	(empty)	(empty)	0.0
1777921138.289164	zeek	counter	zeek_dnsmgr_successful_requests_total	(empty)	(empty)	0.0
1777921138.289164	zeek	counter	zeek_dnsmgr_failed_requests_total	(empty)	(empty)	0.0
1777921138.289164	zeek	counter	zeek_triggers_total	(empty)	(empty)	0.0
1777921138.289164	zeek	counter	zeek_ended_sessions_total	reason	inactivity	12.0
1777921138.289164	zeek	counter	zeek_event_handler_invocations_total	name	connection_state_remove	12.0
1777921138.289164	zeek	counter	zeek_event_handler_invocations_total	name	zeek_init	1.0
1777921138.289164	zeek	counter	zeek_event_handler_invocations_total	name	Telemetry::log	10.0
1777921138.289164	zeek	counter	zeek_event_handler_invocations_total	name	NetControl::init	1.0
1777921138.289164	zeek	counter	zeek_event_handler_invocations_total	name	ChecksumOffloading::check	2.0
1777921138.289164	zeek	counter	zeek_event_handler_invocations_total	name	grab_vulnerable_versions	2.0
1777921138.289164	zeek	counter	zeek_event_handler_invocations_total	name	filter_change_tracking	3.0
1777921138.289164	zeek	counter	zeek_event_handler_invocations_total	name	Broker::log_flush	540.0
1777921138.289164	zeek	counter	zeek_event_handler_invocations_total	name	zeek_script_loaded	538.0
1777921138.289164	zeek	counter	zeek_event_handler_invocations_total	name	new_connection	13.0
1777921138.289164	zeek	counter	zeek_event_handler_invocations_total	name	check_stats	2.0
1777921138.289164	zeek	counter	zeek_event_handler_invocations_total	name	CaptureLoss::take_measurement	2.0
1777921138.289164	zeek	counter	zeek_event_handler_invocations_total	name	net_stats_update	2.0
1777921138.289164	zeek	counter	zeek_event_handler_invocations_total	name	SumStats::finish_epoch	3.0
1777921138.289164	zeek	counter	zeek_total_sessions_total	protocol	unknown	1.0
1777921138.289164	zeek	counter	zeek_total_sessions_total	protocol	icmp	6.0
1777921138.289164	zeek	counter	zeek_total_sessions_total	protocol	udp	6.0
1777921138.289164	zeek	counter	zeek_total_sessions_total	protocol	tcp	0.0
1777921138.289164	zeek	gauge	zeek_version_info	beta,commit,debug,major,minor,patch,version_number,version_string	false,0,false,8,1,2,80102,8.1.2	1.0
1777921138.289164	zeek	gauge	zeek_net_packet_lag_seconds	(empty)	(empty)	0.000743
1777921138.289164	zeek	gauge	zeek_net_timestamp_seconds	(empty)	(empty)	1777921138.289164
1777921138.289164	zeek	gauge	zeek_msgthread_active_threads	(empty)	(empty)	7.0
1777921138.289164	zeek	gauge	zeek_msgthread_pending_in_messages	(empty)	(empty)	0.0
1777921138.289164	zeek	gauge	zeek_msgthread_pending_out_messages	(empty)	(empty)	0.0
1777921138.289164	zeek	gauge	zeek_msgthread_pending_messages_in_buckets	leq	inf	7.0
1777921138.289164	zeek	gauge	zeek_msgthread_pending_messages_in_buckets	leq	10000	7.0
1777921138.289164	zeek	gauge	zeek_msgthread_pending_messages_in_buckets	leq	1000	7.0
1777921138.289164	zeek	gauge	zeek_msgthread_pending_messages_in_buckets	leq	100	7.0
1777921138.289164	zeek	gauge	zeek_msgthread_pending_messages_in_buckets	leq	10	7.0
1777921138.289164	zeek	gauge	zeek_msgthread_pending_messages_in_buckets	leq	1	7.0
1777921138.289164	zeek	gauge	zeek_msgthread_pending_messages_out_buckets	leq	inf	7.0
1777921138.289164	zeek	gauge	zeek_msgthread_pending_messages_out_buckets	leq	10000	7.0
1777921138.289164	zeek	gauge	zeek_msgthread_pending_messages_out_buckets	leq	1000	7.0
1777921138.289164	zeek	gauge	zeek_msgthread_pending_messages_out_buckets	leq	100	7.0
1777921138.289164	zeek	gauge	zeek_msgthread_pending_messages_out_buckets	leq	10	7.0
1777921138.289164	zeek	gauge	zeek_msgthread_pending_messages_out_buckets	leq	1	7.0
1777921138.289164	zeek	gauge	zeek_broker_peers	(empty)	(empty)	0.0
1777921138.289164	zeek	gauge	zeek_broker_stores	(empty)	(empty)	1.0
1777921138.289164	zeek	gauge	zeek_broker_pending_queries	(empty)	(empty)	0.0
1777921138.289164	zeek	gauge	zeek_timers_lag_time_seconds	(empty)	(empty)	0.000366
1777921138.289164	zeek	gauge	zeek_timers_pending	type	LogDelayExpire	0.0
1777921138.289164	zeek	gauge	zeek_timers_pending	type	ThreadHeartbeat	1.0
1777921138.289164	zeek	gauge	zeek_timers_pending	type	TimerMgrExpireTimer	0.0
1777921138.289164	zeek	gauge	zeek_timers_pending	type	ParentProcessIDCheck	0.0
1777921138.289164	zeek	gauge	zeek_timers_pending	type	FragTimer	0.0
1777921138.289164	zeek	gauge	zeek_timers_pending	type	RotateTimer	0.0
1777921138.289164	zeek	gauge	zeek_timers_pending	type	FlowWeirdTimer	0.0
1777921138.289164	zeek	gauge	zeek_timers_pending	type	FileAnalysisInactivityTimer	0.0
1777921138.289164	zeek	gauge	zeek_timers_pending	type	StorageExpire	1.0
1777921138.289164	zeek	gauge	zeek_timers_pending	type	ConnectionInactivityTimer	1.0
1777921138.289164	zeek	gauge	zeek_timers_pending	type	TCPConnectionExpireTimer	0.0
1777921138.289164	zeek	gauge	zeek_timers_pending	type	ConnectionStatusUpdateTimer	0.0
1777921138.289164	zeek	gauge	zeek_timers_pending	type	LogFlushWriteBufferTimer	1.0
1777921138.289164	zeek	gauge	zeek_timers_pending	type	NetWeirdTimer	0.0
1777921138.289164	zeek	gauge	zeek_timers_pending	type	InterconnTimer	0.0
1777921138.289164	zeek	gauge	zeek_timers_pending	type	IPTunnelInactivityTimer	0.0
1777921138.289164	zeek	gauge	zeek_timers_pending	type	DNSExpireTimer	0.0
1777921138.289164	zeek	gauge	zeek_timers_pending	type	UnknownProtocolExpire	0.0
1777921138.289164	zeek	gauge	zeek_timers_pending	type	ProfileTimer	0.0
1777921138.289164	zeek	gauge	zeek_timers_pending	type	ConnectionExpireTimer	0.0
1777921138.289164	zeek	gauge	zeek_timers_pending	type	BreakpointTimer	0.0
1777921138.289164	zeek	gauge	zeek_timers_pending	type	BackdoorTimer	0.0
1777921138.289164	zeek	gauge	zeek_timers_pending	type	NetbiosExpireTimer	0.0
1777921138.289164	zeek	gauge	zeek_timers_pending	type	NetworkTimer	0.0
1777921138.289164	zeek	gauge	zeek_timers_pending	type	RemoveConnection	0.0
1777921138.289164	zeek	gauge	zeek_timers_pending	type	TCPConnectionResetTimer	0.0
1777921138.289164	zeek	gauge	zeek_timers_pending	type	ConnTupleWeirdTimer	0.0
1777921138.289164	zeek	gauge	zeek_timers_pending	type	TCPConnectionDeleteTimer	0.0
1777921138.289164	zeek	gauge	zeek_timers_pending	type	ScheduleTimer	6.0
1777921138.289164	zeek	gauge	zeek_timers_pending	type	NTPExpireTimer	0.0
1777921138.289164	zeek	gauge	zeek_timers_pending	type	RPCExpireTimer	0.0
1777921138.289164	zeek	gauge	zeek_timers_pending	type	ConnectionDeleteTimer	0.0
1777921138.289164	zeek	gauge	zeek_timers_pending	type	TriggerTimer	0.0
1777921138.289164	zeek	gauge	zeek_timers_pending	type	TableValTimer	34.0
1777921138.289164	zeek	gauge	zeek_timers_pending	type	TCPConnectionAttemptTimer	0.0
1777921138.289164	zeek	gauge	zeek_timers_pending	type	TCPConnectionPartialClose	0.0
1777921138.289164	zeek	gauge	zeek_dnsmgr_pending_asyncs_requests	(empty)	(empty)	0.0
1777921138.289164	zeek	gauge	zeek_dnsmgr_cache_entries	type	text	0.0
1777921138.289164	zeek	gauge	zeek_dnsmgr_cache_entries	type	address	0.0
1777921138.289164	zeek	gauge	zeek_dnsmgr_cache_entries	type	host	0.0
1777921138.289164	zeek	gauge	zeek_pending_triggers	(empty)	(empty)	0.0
1777921138.289164	zeek	gauge	zeek_active_sessions	protocol	unknown	0.0
1777921138.289164	zeek	gauge	zeek_active_sessions	protocol	icmp	1.0
1777921138.289164	zeek	gauge	zeek_active_sessions	protocol	udp	0.0
1777921138.289164	zeek	gauge	zeek_active_sessions	protocol	tcp	0.0
1777921198.289331	zeek	counter	process_cpu_user_seconds_total	(empty)	(empty)	1.18
1777921198.289331	zeek	counter	process_cpu_system_seconds_total	(empty)	(empty)	0.53
1777921198.289331	zeek	gauge	process_resident_memory_bytes	(empty)	(empty)	284684288.0
1777921198.289331	zeek	gauge	process_virtual_memory_bytes	(empty)	(empty)	1543462912.0
1777921198.289331	zeek	gauge	process_open_fds	(empty)	(empty)	43.0
1777921198.289331	zeek	gauge	process_start_time_seconds	(empty)	(empty)	1777920597.582311
1777921198.289331	zeek	counter	zeek_log_stream_writes_total	module,stream	Conn,Conn::LOG	13.0
1777921198.289331	zeek	counter	zeek_log_stream_writes_total	module,stream	CaptureLoss,CaptureLoss::LOG	1.0
1777921198.289331	zeek	counter	zeek_log_stream_writes_total	module,stream	Notice,Notice::LOG	1.0
1777921198.289331	zeek	counter	zeek_log_stream_writes_total	module,stream	Stats,Stats::LOG	3.0
1777921198.289331	zeek	counter	zeek_log_stream_writes_total	module,stream	Telemetry,Telemetry::LOG	1431.0
1777921198.289331	zeek	counter	zeek_log_stream_writes_total	module,stream	LoadedScripts,LoadedScripts::LOG	538.0
1777921198.289331	zeek	counter	zeek_log_stream_writes_total	module,stream	PacketFilter,PacketFilter::LOG	1.0
1777921198.289331	zeek	counter	zeek_log_writer_writes_total	filter_name,module,path,stream,writer	default,Conn,conn,Conn::LOG,Log::WRITER_ASCII	13.0
1777921198.289331	zeek	counter	zeek_log_writer_writes_total	filter_name,module,path,stream,writer	default,CaptureLoss,capture_loss,CaptureLoss::LOG,Log::WRITER_ASCII	1.0
1777921198.289331	zeek	counter	zeek_log_writer_writes_total	filter_name,module,path,stream,writer	default,Notice,notice,Notice::LOG,Log::WRITER_ASCII	1.0
1777921198.289331	zeek	counter	zeek_log_writer_writes_total	filter_name,module,path,stream,writer	default,Stats,stats,Stats::LOG,Log::WRITER_ASCII	3.0
1777921198.289331	zeek	counter	zeek_log_writer_writes_total	filter_name,module,path,stream,writer	default,Telemetry,telemetry,Telemetry::LOG,Log::WRITER_ASCII	1431.0
1777921198.289331	zeek	counter	zeek_log_writer_writes_total	filter_name,module,path,stream,writer	default,LoadedScripts,loaded_scripts,LoadedScripts::LOG,Log::WRITER_ASCII	538.0
1777921198.289331	zeek	counter	zeek_log_writer_writes_total	filter_name,module,path,stream,writer	default,PacketFilter,packet_filter,PacketFilter::LOG,Log::WRITER_ASCII	1.0
1777921198.289331	zeek	counter	zeek_log_writer_discarded_writes_total	filter_name,module,path,stream,writer	default,Conn,conn,Conn::LOG,Log::WRITER_ASCII	0.0
1777921198.289331	zeek	counter	zeek_log_writer_discarded_writes_total	filter_name,module,path,stream,writer	default,CaptureLoss,capture_loss,CaptureLoss::LOG,Log::WRITER_ASCII	0.0
1777921198.289331	zeek	counter	zeek_log_writer_discarded_writes_total	filter_name,module,path,stream,writer	default,Notice,notice,Notice::LOG,Log::WRITER_ASCII	0.0
1777921198.289331	zeek	counter	zeek_log_writer_discarded_writes_total	filter_name,module,path,stream,writer	default,Stats,stats,Stats::LOG,Log::WRITER_ASCII	0.0
1777921198.289331	zeek	counter	zeek_log_writer_discarded_writes_total	filter_name,module,path,stream,writer	default,Telemetry,telemetry,Telemetry::LOG,Log::WRITER_ASCII	0.0
1777921198.289331	zeek	counter	zeek_log_writer_discarded_writes_total	filter_name,module,path,stream,writer	default,LoadedScripts,loaded_scripts,LoadedScripts::LOG,Log::WRITER_ASCII	0.0
1777921198.289331	zeek	counter	zeek_log_writer_discarded_writes_total	filter_name,module,path,stream,writer	default,PacketFilter,packet_filter,PacketFilter::LOG,Log::WRITER_ASCII	0.0
1777921198.289331	zeek	counter	zeek_log_writer_truncated_string_fields_total	filter_name,module,path,stream,writer	default,Conn,conn,Conn::LOG,Log::WRITER_ASCII	0.0
1777921198.289331	zeek	counter	zeek_log_writer_truncated_string_fields_total	filter_name,module,path,stream,writer	default,CaptureLoss,capture_loss,CaptureLoss::LOG,Log::WRITER_ASCII	0.0
1777921198.289331	zeek	counter	zeek_log_writer_truncated_string_fields_total	filter_name,module,path,stream,writer	default,Notice,notice,Notice::LOG,Log::WRITER_ASCII	0.0
1777921198.289331	zeek	counter	zeek_log_writer_truncated_string_fields_total	filter_name,module,path,stream,writer	default,Stats,stats,Stats::LOG,Log::WRITER_ASCII	0.0
1777921198.289331	zeek	counter	zeek_log_writer_truncated_string_fields_total	filter_name,module,path,stream,writer	default,Telemetry,telemetry,Telemetry::LOG,Log::WRITER_ASCII	0.0
1777921198.289331	zeek	counter	zeek_log_writer_truncated_string_fields_total	filter_name,module,path,stream,writer	default,LoadedScripts,loaded_scripts,LoadedScripts::LOG,Log::WRITER_ASCII	0.0
1777921198.289331	zeek	counter	zeek_log_writer_truncated_string_fields_total	filter_name,module,path,stream,writer	default,PacketFilter,packet_filter,PacketFilter::LOG,Log::WRITER_ASCII	0.0
1777921198.289331	zeek	counter	zeek_log_writer_truncated_containers_total	filter_name,module,path,stream,writer	default,Conn,conn,Conn::LOG,Log::WRITER_ASCII	0.0
1777921198.289331	zeek	counter	zeek_log_writer_truncated_containers_total	filter_name,module,path,stream,writer	default,CaptureLoss,capture_loss,CaptureLoss::LOG,Log::WRITER_ASCII	0.0
1777921198.289331	zeek	counter	zeek_log_writer_truncated_containers_total	filter_name,module,path,stream,writer	default,Notice,notice,Notice::LOG,Log::WRITER_ASCII	0.0
1777921198.289331	zeek	counter	zeek_log_writer_truncated_containers_total	filter_name,module,path,stream,writer	default,Stats,stats,Stats::LOG,Log::WRITER_ASCII	0.0
1777921198.289331	zeek	counter	zeek_log_writer_truncated_containers_total	filter_name,module,path,stream,writer	default,Telemetry,telemetry,Telemetry::LOG,Log::WRITER_ASCII	0.0
1777921198.289331	zeek	counter	zeek_log_writer_truncated_containers_total	filter_name,module,path,stream,writer	default,LoadedScripts,loaded_scripts,LoadedScripts::LOG,Log::WRITER_ASCII	0.0
1777921198.289331	zeek	counter	zeek_log_writer_truncated_containers_total	filter_name,module,path,stream,writer	default,PacketFilter,packet_filter,PacketFilter::LOG,Log::WRITER_ASCII	0.0
1777921198.289331	zeek	counter	zeek_net_received_bytes_total	(empty)	(empty)	4893.0
1777921198.289331	zeek	counter	zeek_net_received_packets_total	(empty)	(empty)	36.0
1777921198.289331	zeek	counter	zeek_net_dropped_packets_total	(empty)	(empty)	0.0
1777921198.289331	zeek	counter	zeek_net_link_packets_total	(empty)	(empty)	36.0
1777921198.289331	zeek	counter	zeek_msgthread_threads_total	(empty)	(empty)	7.0
1777921198.289331	zeek	counter	zeek_msgthread_in_messages_total	(empty)	(empty)	30.0
1777921198.289331	zeek	counter	zeek_msgthread_out_messages_total	(empty)	(empty)	0.0
1777921198.289331	zeek	counter	zeek_cluster_core_outgoing_events_total	(empty)	(empty)	0.0
1777921198.289331	zeek	counter	zeek_cluster_core_incoming_events_total	(empty)	(empty)	0.0
1777921198.289331	zeek	counter	zeek_broker_incoming_events_total	(empty)	(empty)	0.0
1777921198.289331	zeek	counter	zeek_broker_outgoing_events_total	(empty)	(empty)	0.0
1777921198.289331	zeek	counter	zeek_broker_incoming_logs_total	(empty)	(empty)	0.0
1777921198.289331	zeek	counter	zeek_broker_outgoing_logs_total	(empty)	(empty)	0.0
1777921198.289331	zeek	counter	zeek_broker_incoming_ids_total	(empty)	(empty)	0.0
1777921198.289331	zeek	counter	zeek_broker_outgoing_ids_total	(empty)	(empty)	0.0
1777921198.289331	zeek	counter	zeek_timers_total	(empty)	(empty)	4009.0
1777921198.289331	zeek	counter	zeek_dnsmgr_requests_total	(empty)	(empty)	0.0
1777921198.289331	zeek	counter	zeek_dnsmgr_successful_requests_total	(empty)	(empty)	0.0
1777921198.289331	zeek	counter	zeek_dnsmgr_failed_requests_total	(empty)	(empty)	0.0
1777921198.289331	zeek	counter	zeek_triggers_total	(empty)	(empty)	0.0
1777921198.289331	zeek	counter	zeek_ended_sessions_total	reason	inactivity	13.0
1777921198.289331	zeek	counter	zeek_event_handler_invocations_total	name	connection_state_remove	13.0
1777921198.289331	zeek	counter	zeek_event_handler_invocations_total	name	zeek_init	1.0
1777921198.289331	zeek	counter	zeek_event_handler_invocations_total	name	Telemetry::log	11.0
1777921198.289331	zeek	counter	zeek_event_handler_invocations_total	name	NetControl::init	1.0
1777921198.289331	zeek	counter	zeek_event_handler_invocations_total	name	ChecksumOffloading::check	2.0
1777921198.289331	zeek	counter	zeek_event_handler_invocations_total	name	grab_vulnerable_versions	2.0
1777921198.289331	zeek	counter	zeek_event_handler_invocations_total	name	filter_change_tracking	4.0
1777921198.289331	zeek	counter	zeek_event_handler_invocations_total	name	Broker::log_flush	600.0
1777921198.289331	zeek	counter	zeek_event_handler_invocations_total	name	zeek_script_loaded	538.0
1777921198.289331	zeek	counter	zeek_event_handler_invocations_total	name	new_connection	13.0
1777921198.289331	zeek	counter	zeek_event_handler_invocations_total	name	check_stats	3.0
1777921198.289331	zeek	counter	zeek_event_handler_invocations_total	name	CaptureLoss::take_measurement	2.0
1777921198.289331	zeek	counter	zeek_event_handler_invocations_total	name	net_stats_update	3.0
1777921198.289331	zeek	counter	zeek_event_handler_invocations_total	name	SumStats::finish_epoch	3.0
1777921198.289331	zeek	counter	zeek_total_sessions_total	protocol	unknown	1.0
1777921198.289331	zeek	counter	zeek_total_sessions_total	protocol	icmp	6.0
1777921198.289331	zeek	counter	zeek_total_sessions_total	protocol	udp	6.0
1777921198.289331	zeek	counter	zeek_total_sessions_total	protocol	tcp	0.0
1777921198.289331	zeek	gauge	zeek_version_info	beta,commit,debug,major,minor,patch,version_number,version_string	false,0,false,8,1,2,80102,8.1.2	1.0
1777921198.289331	zeek	gauge	zeek_net_packet_lag_seconds	(empty)	(empty)	0.002516
1777921198.289331	zeek	gauge	zeek_net_timestamp_seconds	(empty)	(empty)	1777921198.289331
1777921198.289331	zeek	gauge	zeek_msgthread_active_threads	(empty)	(empty)	7.0
1777921198.289331	zeek	gauge	zeek_msgthread_pending_in_messages	(empty)	(empty)	0.0
1777921198.289331	zeek	gauge	zeek_msgthread_pending_out_messages	(empty)	(empty)	0.0
1777921198.289331	zeek	gauge	zeek_msgthread_pending_messages_in_buckets	leq	inf	7.0
1777921198.289331	zeek	gauge	zeek_msgthread_pending_messages_in_buckets	leq	10000	7.0
1777921198.289331	zeek	gauge	zeek_msgthread_pending_messages_in_buckets	leq	1000	7.0
1777921198.289331	zeek	gauge	zeek_msgthread_pending_messages_in_buckets	leq	100	7.0
1777921198.289331	zeek	gauge	zeek_msgthread_pending_messages_in_buckets	leq	10	7.0
1777921198.289331	zeek	gauge	zeek_msgthread_pending_messages_in_buckets	leq	1	7.0
1777921198.289331	zeek	gauge	zeek_msgthread_pending_messages_out_buckets	leq	inf	7.0
1777921198.289331	zeek	gauge	zeek_msgthread_pending_messages_out_buckets	leq	10000	7.0
1777921198.289331	zeek	gauge	zeek_msgthread_pending_messages_out_buckets	leq	1000	7.0
1777921198.289331	zeek	gauge	zeek_msgthread_pending_messages_out_buckets	leq	100	7.0
1777921198.289331	zeek	gauge	zeek_msgthread_pending_messages_out_buckets	leq	10	7.0
1777921198.289331	zeek	gauge	zeek_msgthread_pending_messages_out_buckets	leq	1	7.0
1777921198.289331	zeek	gauge	zeek_broker_peers	(empty)	(empty)	0.0
1777921198.289331	zeek	gauge	zeek_broker_stores	(empty)	(empty)	1.0
1777921198.289331	zeek	gauge	zeek_broker_pending_queries	(empty)	(empty)	0.0
1777921198.289331	zeek	gauge	zeek_timers_lag_time_seconds	(empty)	(empty)	0.000167
1777921198.289331	zeek	gauge	zeek_timers_pending	type	LogDelayExpire	0.0
1777921198.289331	zeek	gauge	zeek_timers_pending	type	ThreadHeartbeat	1.0
1777921198.289331	zeek	gauge	zeek_timers_pending	type	TimerMgrExpireTimer	0.0
1777921198.289331	zeek	gauge	zeek_timers_pending	type	ParentProcessIDCheck	0.0
1777921198.289331	zeek	gauge	zeek_timers_pending	type	FragTimer	0.0
1777921198.289331	zeek	gauge	zeek_timers_pending	type	RotateTimer	0.0
1777921198.289331	zeek	gauge	zeek_timers_pending	type	FlowWeirdTimer	0.0
1777921198.289331	zeek	gauge	zeek_timers_pending	type	FileAnalysisInactivityTimer	0.0
1777921198.289331	zeek	gauge	zeek_timers_pending	type	StorageExpire	1.0
1777921198.289331	zeek	gauge	zeek_timers_pending	type	ConnectionInactivityTimer	0.0
1777921198.289331	zeek	gauge	zeek_timers_pending	type	TCPConnectionExpireTimer	0.0
1777921198.289331	zeek	gauge	zeek_timers_pending	type	ConnectionStatusUpdateTimer	0.0
1777921198.289331	zeek	gauge	zeek_timers_pending	type	LogFlushWriteBufferTimer	1.0
1777921198.289331	zeek	gauge	zeek_timers_pending	type	NetWeirdTimer	0.0
1777921198.289331	zeek	gauge	zeek_timers_pending	type	InterconnTimer	0.0
1777921198.289331	zeek	gauge	zeek_timers_pending	type	IPTunnelInactivityTimer	0.0
1777921198.289331	zeek	gauge	zeek_timers_pending	type	DNSExpireTimer	0.0
1777921198.289331	zeek	gauge	zeek_timers_pending	type	UnknownProtocolExpire	0.0
1777921198.289331	zeek	gauge	zeek_timers_pending	type	ProfileTimer	0.0
1777921198.289331	zeek	gauge	zeek_timers_pending	type	ConnectionExpireTimer	0.0
1777921198.289331	zeek	gauge	zeek_timers_pending	type	BreakpointTimer	0.0
1777921198.289331	zeek	gauge	zeek_timers_pending	type	BackdoorTimer	0.0
1777921198.289331	zeek	gauge	zeek_timers_pending	type	NetbiosExpireTimer	0.0
1777921198.289331	zeek	gauge	zeek_timers_pending	type	NetworkTimer	0.0
1777921198.289331	zeek	gauge	zeek_timers_pending	type	RemoveConnection	0.0
1777921198.289331	zeek	gauge	zeek_timers_pending	type	TCPConnectionResetTimer	0.0
1777921198.289331	zeek	gauge	zeek_timers_pending	type	ConnTupleWeirdTimer	0.0
1777921198.289331	zeek	gauge	zeek_timers_pending	type	TCPConnectionDeleteTimer	0.0
1777921198.289331	zeek	gauge	zeek_timers_pending	type	ScheduleTimer	6.0
1777921198.289331	zeek	gauge	zeek_timers_pending	type	NTPExpireTimer	0.0
1777921198.289331	zeek	gauge	zeek_timers_pending	type	RPCExpireTimer	0.0
1777921198.289331	zeek	gauge	zeek_timers_pending	type	ConnectionDeleteTimer	0.0
1777921198.289331	zeek	gauge	zeek_timers_pending	type	TriggerTimer	0.0
1777921198.289331	zeek	gauge	zeek_timers_pending	type	TableValTimer	34.0
1777921198.289331	zeek	gauge	zeek_timers_pending	type	TCPConnectionAttemptTimer	0.0
1777921198.289331	zeek	gauge	zeek_timers_pending	type	TCPConnectionPartialClose	0.0
1777921198.289331	zeek	gauge	zeek_dnsmgr_pending_asyncs_requests	(empty)	(empty)	0.0
1777921198.289331	zeek	gauge	zeek_dnsmgr_cache_entries	type	text	0.0
1777921198.289331	zeek	gauge	zeek_dnsmgr_cache_entries	type	address	0.0
1777921198.289331	zeek	gauge	zeek_dnsmgr_cache_entries	type	host	0.0
1777921198.289331	zeek	gauge	zeek_pending_triggers	(empty)	(empty)	0.0
1777921198.289331	zeek	gauge	zeek_active_sessions	protocol	unknown	0.0
1777921198.289331	zeek	gauge	zeek_active_sessions	protocol	icmp	0.0
1777921198.289331	zeek	gauge	zeek_active_sessions	protocol	udp	0.0
1777921198.289331	zeek	gauge	zeek_active_sessions	protocol	tcp	0.0
1777921258.289650	zeek	counter	process_cpu_user_seconds_total	(empty)	(empty)	1.27
1777921258.289650	zeek	counter	process_cpu_system_seconds_total	(empty)	(empty)	0.59
1777921258.289650	zeek	gauge	process_resident_memory_bytes	(empty)	(empty)	284684288.0
1777921258.289650	zeek	gauge	process_virtual_memory_bytes	(empty)	(empty)	1543462912.0
1777921258.289650	zeek	gauge	process_open_fds	(empty)	(empty)	43.0
1777921258.289650	zeek	gauge	process_start_time_seconds	(empty)	(empty)	1777920597.582311
1777921258.289650	zeek	counter	zeek_log_stream_writes_total	module,stream	Conn,Conn::LOG	13.0
1777921258.289650	zeek	counter	zeek_log_stream_writes_total	module,stream	CaptureLoss,CaptureLoss::LOG	1.0
1777921258.289650	zeek	counter	zeek_log_stream_writes_total	module,stream	Notice,Notice::LOG	1.0
1777921258.289650	zeek	counter	zeek_log_stream_writes_total	module,stream	Stats,Stats::LOG	3.0
1777921258.289650	zeek	counter	zeek_log_stream_writes_total	module,stream	Telemetry,Telemetry::LOG	1578.0
1777921258.289650	zeek	counter	zeek_log_stream_writes_total	module,stream	LoadedScripts,LoadedScripts::LOG	538.0
1777921258.289650	zeek	counter	zeek_log_stream_writes_total	module,stream	PacketFilter,PacketFilter::LOG	1.0
1777921258.289650	zeek	counter	zeek_log_writer_writes_total	filter_name,module,path,stream,writer	default,Conn,conn,Conn::LOG,Log::WRITER_ASCII	13.0
1777921258.289650	zeek	counter	zeek_log_writer_writes_total	filter_name,module,path,stream,writer	default,CaptureLoss,capture_loss,CaptureLoss::LOG,Log::WRITER_ASCII	1.0
1777921258.289650	zeek	counter	zeek_log_writer_writes_total	filter_name,module,path,stream,writer	default,Notice,notice,Notice::LOG,Log::WRITER_ASCII	1.0
1777921258.289650	zeek	counter	zeek_log_writer_writes_total	filter_name,module,path,stream,writer	default,Stats,stats,Stats::LOG,Log::WRITER_ASCII	3.0
1777921258.289650	zeek	counter	zeek_log_writer_writes_total	filter_name,module,path,stream,writer	default,Telemetry,telemetry,Telemetry::LOG,Log::WRITER_ASCII	1578.0
1777921258.289650	zeek	counter	zeek_log_writer_writes_total	filter_name,module,path,stream,writer	default,LoadedScripts,loaded_scripts,LoadedScripts::LOG,Log::WRITER_ASCII	538.0
1777921258.289650	zeek	counter	zeek_log_writer_writes_total	filter_name,module,path,stream,writer	default,PacketFilter,packet_filter,PacketFilter::LOG,Log::WRITER_ASCII	1.0
1777921258.289650	zeek	counter	zeek_log_writer_discarded_writes_total	filter_name,module,path,stream,writer	default,Conn,conn,Conn::LOG,Log::WRITER_ASCII	0.0
1777921258.289650	zeek	counter	zeek_log_writer_discarded_writes_total	filter_name,module,path,stream,writer	default,CaptureLoss,capture_loss,CaptureLoss::LOG,Log::WRITER_ASCII	0.0
1777921258.289650	zeek	counter	zeek_log_writer_discarded_writes_total	filter_name,module,path,stream,writer	default,Notice,notice,Notice::LOG,Log::WRITER_ASCII	0.0
1777921258.289650	zeek	counter	zeek_log_writer_discarded_writes_total	filter_name,module,path,stream,writer	default,Stats,stats,Stats::LOG,Log::WRITER_ASCII	0.0
1777921258.289650	zeek	counter	zeek_log_writer_discarded_writes_total	filter_name,module,path,stream,writer	default,Telemetry,telemetry,Telemetry::LOG,Log::WRITER_ASCII	0.0
1777921258.289650	zeek	counter	zeek_log_writer_discarded_writes_total	filter_name,module,path,stream,writer	default,LoadedScripts,loaded_scripts,LoadedScripts::LOG,Log::WRITER_ASCII	0.0
1777921258.289650	zeek	counter	zeek_log_writer_discarded_writes_total	filter_name,module,path,stream,writer	default,PacketFilter,packet_filter,PacketFilter::LOG,Log::WRITER_ASCII	0.0
1777921258.289650	zeek	counter	zeek_log_writer_truncated_string_fields_total	filter_name,module,path,stream,writer	default,Conn,conn,Conn::LOG,Log::WRITER_ASCII	0.0
1777921258.289650	zeek	counter	zeek_log_writer_truncated_string_fields_total	filter_name,module,path,stream,writer	default,CaptureLoss,capture_loss,CaptureLoss::LOG,Log::WRITER_ASCII	0.0
1777921258.289650	zeek	counter	zeek_log_writer_truncated_string_fields_total	filter_name,module,path,stream,writer	default,Notice,notice,Notice::LOG,Log::WRITER_ASCII	0.0
1777921258.289650	zeek	counter	zeek_log_writer_truncated_string_fields_total	filter_name,module,path,stream,writer	default,Stats,stats,Stats::LOG,Log::WRITER_ASCII	0.0
1777921258.289650	zeek	counter	zeek_log_writer_truncated_string_fields_total	filter_name,module,path,stream,writer	default,Telemetry,telemetry,Telemetry::LOG,Log::WRITER_ASCII	0.0
1777921258.289650	zeek	counter	zeek_log_writer_truncated_string_fields_total	filter_name,module,path,stream,writer	default,LoadedScripts,loaded_scripts,LoadedScripts::LOG,Log::WRITER_ASCII	0.0
1777921258.289650	zeek	counter	zeek_log_writer_truncated_string_fields_total	filter_name,module,path,stream,writer	default,PacketFilter,packet_filter,PacketFilter::LOG,Log::WRITER_ASCII	0.0
1777921258.289650	zeek	counter	zeek_log_writer_truncated_containers_total	filter_name,module,path,stream,writer	default,Conn,conn,Conn::LOG,Log::WRITER_ASCII	0.0
1777921258.289650	zeek	counter	zeek_log_writer_truncated_containers_total	filter_name,module,path,stream,writer	default,CaptureLoss,capture_loss,CaptureLoss::LOG,Log::WRITER_ASCII	0.0
1777921258.289650	zeek	counter	zeek_log_writer_truncated_containers_total	filter_name,module,path,stream,writer	default,Notice,notice,Notice::LOG,Log::WRITER_ASCII	0.0
1777921258.289650	zeek	counter	zeek_log_writer_truncated_containers_total	filter_name,module,path,stream,writer	default,Stats,stats,Stats::LOG,Log::WRITER_ASCII	0.0
1777921258.289650	zeek	counter	zeek_log_writer_truncated_containers_total	filter_name,module,path,stream,writer	default,Telemetry,telemetry,Telemetry::LOG,Log::WRITER_ASCII	0.0
1777921258.289650	zeek	counter	zeek_log_writer_truncated_containers_total	filter_name,module,path,stream,writer	default,LoadedScripts,loaded_scripts,LoadedScripts::LOG,Log::WRITER_ASCII	0.0
1777921258.289650	zeek	counter	zeek_log_writer_truncated_containers_total	filter_name,module,path,stream,writer	default,PacketFilter,packet_filter,PacketFilter::LOG,Log::WRITER_ASCII	0.0
1777921258.289650	zeek	counter	zeek_net_received_bytes_total	(empty)	(empty)	4893.0
1777921258.289650	zeek	counter	zeek_net_received_packets_total	(empty)	(empty)	36.0
1777921258.289650	zeek	counter	zeek_net_dropped_packets_total	(empty)	(empty)	0.0
1777921258.289650	zeek	counter	zeek_net_link_packets_total	(empty)	(empty)	36.0
1777921258.289650	zeek	counter	zeek_msgthread_threads_total	(empty)	(empty)	7.0
1777921258.289650	zeek	counter	zeek_msgthread_in_messages_total	(empty)	(empty)	32.0
1777921258.289650	zeek	counter	zeek_msgthread_out_messages_total	(empty)	(empty)	0.0
1777921258.289650	zeek	counter	zeek_cluster_core_outgoing_events_total	(empty)	(empty)	0.0
1777921258.289650	zeek	counter	zeek_cluster_core_incoming_events_total	(empty)	(empty)	0.0
1777921258.289650	zeek	counter	zeek_broker_incoming_events_total	(empty)	(empty)	0.0
1777921258.289650	zeek	counter	zeek_broker_outgoing_events_total	(empty)	(empty)	0.0
1777921258.289650	zeek	counter	zeek_broker_incoming_logs_total	(empty)	(empty)	0.0
1777921258.289650	zeek	counter	zeek_broker_outgoing_logs_total	(empty)	(empty)	0.0
1777921258.289650	zeek	counter	zeek_broker_incoming_ids_total	(empty)	(empty)	0.0
1777921258.289650	zeek	counter	zeek_broker_outgoing_ids_total	(empty)	(empty)	0.0
1777921258.289650	zeek	counter	zeek_timers_total	(empty)	(empty)	4398.0
1777921258.289650	zeek	counter	zeek_dnsmgr_requests_total	(empty)	(empty)	0.0
1777921258.289650	zeek	counter	zeek_dnsmgr_successful_requests_total	(empty)	(empty)	0.0
1777921258.289650	zeek	counter	zeek_dnsmgr_failed_requests_total	(empty)	(empty)	0.0
1777921258.289650	zeek	counter	zeek_triggers_total	(empty)	(empty)	0.0
1777921258.289650	zeek	counter	zeek_ended_sessions_total	reason	inactivity	13.0
1777921258.289650	zeek	counter	zeek_event_handler_invocations_total	name	connection_state_remove	13.0
1777921258.289650	zeek	counter	zeek_event_handler_invocations_total	name	zeek_init	1.0
1777921258.289650	zeek	counter	zeek_event_handler_invocations_total	name	Telemetry::log	12.0
1777921258.289650	zeek	counter	zeek_event_handler_invocations_total	name	NetControl::init	1.0
1777921258.289650	zeek	counter	zeek_event_handler_invocations_total	name	ChecksumOffloading::check	2.0
1777921258.289650	zeek	counter	zeek_event_handler_invocations_total	name	grab_vulnerable_versions	2.0
1777921258.289650	zeek	counter	zeek_event_handler_invocations_total	name	filter_change_tracking	4.0
1777921258.289650	zeek	counter	zeek_event_handler_invocations_total	name	Broker::log_flush	660.0
1777921258.289650	zeek	counter	zeek_event_handler_invocations_total	name	zeek_script_loaded	538.0
1777921258.289650	zeek	counter	zeek_event_handler_invocations_total	name	new_connection	13.0
1777921258.289650	zeek	counter	zeek_event_handler_invocations_total	name	check_stats	3.0
1777921258.289650	zeek	counter	zeek_event_handler_invocations_total	name	CaptureLoss::take_measurement	2.0
1777921258.289650	zeek	counter	zeek_event_handler_invocations_total	name	net_stats_update	3.0
1777921258.289650	zeek	counter	zeek_event_handler_invocations_total	name	SumStats::finish_epoch	3.0
1777921258.289650	zeek	counter	zeek_total_sessions_total	protocol	unknown	1.0
1777921258.289650	zeek	counter	zeek_total_sessions_total	protocol	icmp	6.0
1777921258.289650	zeek	counter	zeek_total_sessions_total	protocol	udp	6.0
1777921258.289650	zeek	counter	zeek_total_sessions_total	protocol	tcp	0.0
1777921258.289650	zeek	gauge	zeek_version_info	beta,commit,debug,major,minor,patch,version_number,version_string	false,0,false,8,1,2,80102,8.1.2	1.0
1777921258.289650	zeek	gauge	zeek_net_packet_lag_seconds	(empty)	(empty)	0.002503
1777921258.289650	zeek	gauge	zeek_net_timestamp_seconds	(empty)	(empty)	1777921258.28965
1777921258.289650	zeek	gauge	zeek_msgthread_active_threads	(empty)	(empty)	7.0
1777921258.289650	zeek	gauge	zeek_msgthread_pending_in_messages	(empty)	(empty)	0.0
1777921258.289650	zeek	gauge	zeek_msgthread_pending_out_messages	(empty)	(empty)	0.0
1777921258.289650	zeek	gauge	zeek_msgthread_pending_messages_in_buckets	leq	inf	7.0
1777921258.289650	zeek	gauge	zeek_msgthread_pending_messages_in_buckets	leq	10000	7.0
1777921258.289650	zeek	gauge	zeek_msgthread_pending_messages_in_buckets	leq	1000	7.0
1777921258.289650	zeek	gauge	zeek_msgthread_pending_messages_in_buckets	leq	100	7.0
1777921258.289650	zeek	gauge	zeek_msgthread_pending_messages_in_buckets	leq	10	7.0
1777921258.289650	zeek	gauge	zeek_msgthread_pending_messages_in_buckets	leq	1	7.0
1777921258.289650	zeek	gauge	zeek_msgthread_pending_messages_out_buckets	leq	inf	7.0
1777921258.289650	zeek	gauge	zeek_msgthread_pending_messages_out_buckets	leq	10000	7.0
1777921258.289650	zeek	gauge	zeek_msgthread_pending_messages_out_buckets	leq	1000	7.0
1777921258.289650	zeek	gauge	zeek_msgthread_pending_messages_out_buckets	leq	100	7.0
1777921258.289650	zeek	gauge	zeek_msgthread_pending_messages_out_buckets	leq	10	7.0
1777921258.289650	zeek	gauge	zeek_msgthread_pending_messages_out_buckets	leq	1	7.0
1777921258.289650	zeek	gauge	zeek_broker_peers	(empty)	(empty)	0.0
1777921258.289650	zeek	gauge	zeek_broker_stores	(empty)	(empty)	1.0
1777921258.289650	zeek	gauge	zeek_broker_pending_queries	(empty)	(empty)	0.0
1777921258.289650	zeek	gauge	zeek_timers_lag_time_seconds	(empty)	(empty)	0.000319
1777921258.289650	zeek	gauge	zeek_timers_pending	type	LogDelayExpire	0.0
1777921258.289650	zeek	gauge	zeek_timers_pending	type	ThreadHeartbeat	1.0
1777921258.289650	zeek	gauge	zeek_timers_pending	type	TimerMgrExpireTimer	0.0
1777921258.289650	zeek	gauge	zeek_timers_pending	type	ParentProcessIDCheck	0.0
1777921258.289650	zeek	gauge	zeek_timers_pending	type	FragTimer	0.0
1777921258.289650	zeek	gauge	zeek_timers_pending	type	RotateTimer	0.0
1777921258.289650	zeek	gauge	zeek_timers_pending	type	FlowWeirdTimer	0.0
1777921258.289650	zeek	gauge	zeek_timers_pending	type	FileAnalysisInactivityTimer	0.0
1777921258.289650	zeek	gauge	zeek_timers_pending	type	StorageExpire	1.0
1777921258.289650	zeek	gauge	zeek_timers_pending	type	ConnectionInactivityTimer	0.0
1777921258.289650	zeek	gauge	zeek_timers_pending	type	TCPConnectionExpireTimer	0.0
1777921258.289650	zeek	gauge	zeek_timers_pending	type	ConnectionStatusUpdateTimer	0.0
1777921258.289650	zeek	gauge	zeek_timers_pending	type	LogFlushWriteBufferTimer	1.0
1777921258.289650	zeek	gauge	zeek_timers_pending	type	NetWeirdTimer	0.0
1777921258.289650	zeek	gauge	zeek_timers_pending	type	InterconnTimer	0.0
1777921258.289650	zeek	gauge	zeek_timers_pending	type	IPTunnelInactivityTimer	0.0
1777921258.289650	zeek	gauge	zeek_timers_pending	type	DNSExpireTimer	0.0
1777921258.289650	zeek	gauge	zeek_timers_pending	type	UnknownProtocolExpire	0.0
1777921258.289650	zeek	gauge	zeek_timers_pending	type	ProfileTimer	0.0
1777921258.289650	zeek	gauge	zeek_timers_pending	type	ConnectionExpireTimer	0.0
1777921258.289650	zeek	gauge	zeek_timers_pending	type	BreakpointTimer	0.0
1777921258.289650	zeek	gauge	zeek_timers_pending	type	BackdoorTimer	0.0
1777921258.289650	zeek	gauge	zeek_timers_pending	type	NetbiosExpireTimer	0.0
1777921258.289650	zeek	gauge	zeek_timers_pending	type	NetworkTimer	0.0
1777921258.289650	zeek	gauge	zeek_timers_pending	type	RemoveConnection	0.0
1777921258.289650	zeek	gauge	zeek_timers_pending	type	TCPConnectionResetTimer	0.0
1777921258.289650	zeek	gauge	zeek_timers_pending	type	ConnTupleWeirdTimer	0.0
1777921258.289650	zeek	gauge	zeek_timers_pending	type	TCPConnectionDeleteTimer	0.0
1777921258.289650	zeek	gauge	zeek_timers_pending	type	ScheduleTimer	6.0
1777921258.289650	zeek	gauge	zeek_timers_pending	type	NTPExpireTimer	0.0
1777921258.289650	zeek	gauge	zeek_timers_pending	type	RPCExpireTimer	0.0
1777921258.289650	zeek	gauge	zeek_timers_pending	type	ConnectionDeleteTimer	0.0
1777921258.289650	zeek	gauge	zeek_timers_pending	type	TriggerTimer	0.0
1777921258.289650	zeek	gauge	zeek_timers_pending	type	TableValTimer	34.0
1777921258.289650	zeek	gauge	zeek_timers_pending	type	TCPConnectionAttemptTimer	0.0
1777921258.289650	zeek	gauge	zeek_timers_pending	type	TCPConnectionPartialClose	0.0
1777921258.289650	zeek	gauge	zeek_dnsmgr_pending_asyncs_requests	(empty)	(empty)	0.0
1777921258.289650	zeek	gauge	zeek_dnsmgr_cache_entries	type	text	0.0
1777921258.289650	zeek	gauge	zeek_dnsmgr_cache_entries	type	address	0.0
1777921258.289650	zeek	gauge	zeek_dnsmgr_cache_entries	type	host	0.0
1777921258.289650	zeek	gauge	zeek_pending_triggers	(empty)	(empty)	0.0
1777921258.289650	zeek	gauge	zeek_active_sessions	protocol	unknown	0.0
1777921258.289650	zeek	gauge	zeek_active_sessions	protocol	icmp	0.0
1777921258.289650	zeek	gauge	zeek_active_sessions	protocol	udp	0.0
1777921258.289650	zeek	gauge	zeek_active_sessions	protocol	tcp	0.0
1777921318.289917	zeek	counter	process_cpu_user_seconds_total	(empty)	(empty)	1.37
1777921318.289917	zeek	counter	process_cpu_system_seconds_total	(empty)	(empty)	0.62
1777921318.289917	zeek	gauge	process_resident_memory_bytes	(empty)	(empty)	284684288.0
1777921318.289917	zeek	gauge	process_virtual_memory_bytes	(empty)	(empty)	1543462912.0
1777921318.289917	zeek	gauge	process_open_fds	(empty)	(empty)	43.0
1777921318.289917	zeek	gauge	process_start_time_seconds	(empty)	(empty)	1777920597.582311
1777921318.289917	zeek	counter	zeek_log_stream_writes_total	module,stream	Conn,Conn::LOG	13.0
1777921318.289917	zeek	counter	zeek_log_stream_writes_total	module,stream	CaptureLoss,CaptureLoss::LOG	1.0
1777921318.289917	zeek	counter	zeek_log_stream_writes_total	module,stream	Notice,Notice::LOG	1.0
1777921318.289917	zeek	counter	zeek_log_stream_writes_total	module,stream	Stats,Stats::LOG	3.0
1777921318.289917	zeek	counter	zeek_log_stream_writes_total	module,stream	Telemetry,Telemetry::LOG	1725.0
1777921318.289917	zeek	counter	zeek_log_stream_writes_total	module,stream	LoadedScripts,LoadedScripts::LOG	538.0
1777921318.289917	zeek	counter	zeek_log_stream_writes_total	module,stream	PacketFilter,PacketFilter::LOG	1.0
1777921318.289917	zeek	counter	zeek_log_writer_writes_total	filter_name,module,path,stream,writer	default,Conn,conn,Conn::LOG,Log::WRITER_ASCII	13.0
1777921318.289917	zeek	counter	zeek_log_writer_writes_total	filter_name,module,path,stream,writer	default,CaptureLoss,capture_loss,CaptureLoss::LOG,Log::WRITER_ASCII	1.0
1777921318.289917	zeek	counter	zeek_log_writer_writes_total	filter_name,module,path,stream,writer	default,Notice,notice,Notice::LOG,Log::WRITER_ASCII	1.0
1777921318.289917	zeek	counter	zeek_log_writer_writes_total	filter_name,module,path,stream,writer	default,Stats,stats,Stats::LOG,Log::WRITER_ASCII	3.0
1777921318.289917	zeek	counter	zeek_log_writer_writes_total	filter_name,module,path,stream,writer	default,Telemetry,telemetry,Telemetry::LOG,Log::WRITER_ASCII	1725.0
1777921318.289917	zeek	counter	zeek_log_writer_writes_total	filter_name,module,path,stream,writer	default,LoadedScripts,loaded_scripts,LoadedScripts::LOG,Log::WRITER_ASCII	538.0
1777921318.289917	zeek	counter	zeek_log_writer_writes_total	filter_name,module,path,stream,writer	default,PacketFilter,packet_filter,PacketFilter::LOG,Log::WRITER_ASCII	1.0
1777921318.289917	zeek	counter	zeek_log_writer_discarded_writes_total	filter_name,module,path,stream,writer	default,Conn,conn,Conn::LOG,Log::WRITER_ASCII	0.0
1777921318.289917	zeek	counter	zeek_log_writer_discarded_writes_total	filter_name,module,path,stream,writer	default,CaptureLoss,capture_loss,CaptureLoss::LOG,Log::WRITER_ASCII	0.0
1777921318.289917	zeek	counter	zeek_log_writer_discarded_writes_total	filter_name,module,path,stream,writer	default,Notice,notice,Notice::LOG,Log::WRITER_ASCII	0.0
1777921318.289917	zeek	counter	zeek_log_writer_discarded_writes_total	filter_name,module,path,stream,writer	default,Stats,stats,Stats::LOG,Log::WRITER_ASCII	0.0
1777921318.289917	zeek	counter	zeek_log_writer_discarded_writes_total	filter_name,module,path,stream,writer	default,Telemetry,telemetry,Telemetry::LOG,Log::WRITER_ASCII	0.0
1777921318.289917	zeek	counter	zeek_log_writer_discarded_writes_total	filter_name,module,path,stream,writer	default,LoadedScripts,loaded_scripts,LoadedScripts::LOG,Log::WRITER_ASCII	0.0
1777921318.289917	zeek	counter	zeek_log_writer_discarded_writes_total	filter_name,module,path,stream,writer	default,PacketFilter,packet_filter,PacketFilter::LOG,Log::WRITER_ASCII	0.0
1777921318.289917	zeek	counter	zeek_log_writer_truncated_string_fields_total	filter_name,module,path,stream,writer	default,Conn,conn,Conn::LOG,Log::WRITER_ASCII	0.0
1777921318.289917	zeek	counter	zeek_log_writer_truncated_string_fields_total	filter_name,module,path,stream,writer	default,CaptureLoss,capture_loss,CaptureLoss::LOG,Log::WRITER_ASCII	0.0
1777921318.289917	zeek	counter	zeek_log_writer_truncated_string_fields_total	filter_name,module,path,stream,writer	default,Notice,notice,Notice::LOG,Log::WRITER_ASCII	0.0
1777921318.289917	zeek	counter	zeek_log_writer_truncated_string_fields_total	filter_name,module,path,stream,writer	default,Stats,stats,Stats::LOG,Log::WRITER_ASCII	0.0
1777921318.289917	zeek	counter	zeek_log_writer_truncated_string_fields_total	filter_name,module,path,stream,writer	default,Telemetry,telemetry,Telemetry::LOG,Log::WRITER_ASCII	0.0
1777921318.289917	zeek	counter	zeek_log_writer_truncated_string_fields_total	filter_name,module,path,stream,writer	default,LoadedScripts,loaded_scripts,LoadedScripts::LOG,Log::WRITER_ASCII	0.0
1777921318.289917	zeek	counter	zeek_log_writer_truncated_string_fields_total	filter_name,module,path,stream,writer	default,PacketFilter,packet_filter,PacketFilter::LOG,Log::WRITER_ASCII	0.0
1777921318.289917	zeek	counter	zeek_log_writer_truncated_containers_total	filter_name,module,path,stream,writer	default,Conn,conn,Conn::LOG,Log::WRITER_ASCII	0.0
1777921318.289917	zeek	counter	zeek_log_writer_truncated_containers_total	filter_name,module,path,stream,writer	default,CaptureLoss,capture_loss,CaptureLoss::LOG,Log::WRITER_ASCII	0.0
1777921318.289917	zeek	counter	zeek_log_writer_truncated_containers_total	filter_name,module,path,stream,writer	default,Notice,notice,Notice::LOG,Log::WRITER_ASCII	0.0
1777921318.289917	zeek	counter	zeek_log_writer_truncated_containers_total	filter_name,module,path,stream,writer	default,Stats,stats,Stats::LOG,Log::WRITER_ASCII	0.0
1777921318.289917	zeek	counter	zeek_log_writer_truncated_containers_total	filter_name,module,path,stream,writer	default,Telemetry,telemetry,Telemetry::LOG,Log::WRITER_ASCII	0.0
1777921318.289917	zeek	counter	zeek_log_writer_truncated_containers_total	filter_name,module,path,stream,writer	default,LoadedScripts,loaded_scripts,LoadedScripts::LOG,Log::WRITER_ASCII	0.0
1777921318.289917	zeek	counter	zeek_log_writer_truncated_containers_total	filter_name,module,path,stream,writer	default,PacketFilter,packet_filter,PacketFilter::LOG,Log::WRITER_ASCII	0.0
1777921318.289917	zeek	counter	zeek_net_received_bytes_total	(empty)	(empty)	4893.0
1777921318.289917	zeek	counter	zeek_net_received_packets_total	(empty)	(empty)	36.0
1777921318.289917	zeek	counter	zeek_net_dropped_packets_total	(empty)	(empty)	0.0
1777921318.289917	zeek	counter	zeek_net_link_packets_total	(empty)	(empty)	36.0
1777921318.289917	zeek	counter	zeek_msgthread_threads_total	(empty)	(empty)	7.0
1777921318.289917	zeek	counter	zeek_msgthread_in_messages_total	(empty)	(empty)	33.0
1777921318.289917	zeek	counter	zeek_msgthread_out_messages_total	(empty)	(empty)	0.0
1777921318.289917	zeek	counter	zeek_cluster_core_outgoing_events_total	(empty)	(empty)	0.0
1777921318.289917	zeek	counter	zeek_cluster_core_incoming_events_total	(empty)	(empty)	0.0
1777921318.289917	zeek	counter	zeek_broker_incoming_events_total	(empty)	(empty)	0.0
1777921318.289917	zeek	counter	zeek_broker_outgoing_events_total	(empty)	(empty)	0.0
1777921318.289917	zeek	counter	zeek_broker_incoming_logs_total	(empty)	(empty)	0.0
1777921318.289917	zeek	counter	zeek_broker_outgoing_logs_total	(empty)	(empty)	0.0
1777921318.289917	zeek	counter	zeek_broker_incoming_ids_total	(empty)	(empty)	0.0
1777921318.289917	zeek	counter	zeek_broker_outgoing_ids_total	(empty)	(empty)	0.0
1777921318.289917	zeek	counter	zeek_timers_total	(empty)	(empty)	4787.0
1777921318.289917	zeek	counter	zeek_dnsmgr_requests_total	(empty)	(empty)	0.0
1777921318.289917	zeek	counter	zeek_dnsmgr_successful_requests_total	(empty)	(empty)	0.0
1777921318.289917	zeek	counter	zeek_dnsmgr_failed_requests_total	(empty)	(empty)	0.0
1777921318.289917	zeek	counter	zeek_triggers_total	(empty)	(empty)	0.0
1777921318.289917	zeek	counter	zeek_ended_sessions_total	reason	inactivity	13.0
1777921318.289917	zeek	counter	zeek_event_handler_invocations_total	name	connection_state_remove	13.0
1777921318.289917	zeek	counter	zeek_event_handler_invocations_total	name	zeek_init	1.0
1777921318.289917	zeek	counter	zeek_event_handler_invocations_total	name	Telemetry::log	13.0
1777921318.289917	zeek	counter	zeek_event_handler_invocations_total	name	NetControl::init	1.0
1777921318.289917	zeek	counter	zeek_event_handler_invocations_total	name	ChecksumOffloading::check	2.0
1777921318.289917	zeek	counter	zeek_event_handler_invocations_total	name	grab_vulnerable_versions	2.0
1777921318.289917	zeek	counter	zeek_event_handler_invocations_total	name	filter_change_tracking	4.0
1777921318.289917	zeek	counter	zeek_event_handler_invocations_total	name	Broker::log_flush	720.0
1777921318.289917	zeek	counter	zeek_event_handler_invocations_total	name	zeek_script_loaded	538.0
1777921318.289917	zeek	counter	zeek_event_handler_invocations_total	name	new_connection	13.0
1777921318.289917	zeek	counter	zeek_event_handler_invocations_total	name	check_stats	3.0
1777921318.289917	zeek	counter	zeek_event_handler_invocations_total	name	CaptureLoss::take_measurement	2.0
1777921318.289917	zeek	counter	zeek_event_handler_invocations_total	name	net_stats_update	3.0
1777921318.289917	zeek	counter	zeek_event_handler_invocations_total	name	SumStats::finish_epoch	3.0
1777921318.289917	zeek	counter	zeek_total_sessions_total	protocol	unknown	1.0
1777921318.289917	zeek	counter	zeek_total_sessions_total	protocol	icmp	6.0
1777921318.289917	zeek	counter	zeek_total_sessions_total	protocol	udp	6.0
1777921318.289917	zeek	counter	zeek_total_sessions_total	protocol	tcp	0.0
1777921318.289917	zeek	gauge	zeek_version_info	beta,commit,debug,major,minor,patch,version_number,version_string	false,0,false,8,1,2,80102,8.1.2	1.0
1777921318.289917	zeek	gauge	zeek_net_packet_lag_seconds	(empty)	(empty)	0.002587
1777921318.289917	zeek	gauge	zeek_net_timestamp_seconds	(empty)	(empty)	1777921318.289917
1777921318.289917	zeek	gauge	zeek_msgthread_active_threads	(empty)	(empty)	7.0
1777921318.289917	zeek	gauge	zeek_msgthread_pending_in_messages	(empty)	(empty)	0.0
1777921318.289917	zeek	gauge	zeek_msgthread_pending_out_messages	(empty)	(empty)	0.0
1777921318.289917	zeek	gauge	zeek_msgthread_pending_messages_in_buckets	leq	inf	7.0
1777921318.289917	zeek	gauge	zeek_msgthread_pending_messages_in_buckets	leq	10000	7.0
1777921318.289917	zeek	gauge	zeek_msgthread_pending_messages_in_buckets	leq	1000	7.0
1777921318.289917	zeek	gauge	zeek_msgthread_pending_messages_in_buckets	leq	100	7.0
1777921318.289917	zeek	gauge	zeek_msgthread_pending_messages_in_buckets	leq	10	7.0
1777921318.289917	zeek	gauge	zeek_msgthread_pending_messages_in_buckets	leq	1	7.0
1777921318.289917	zeek	gauge	zeek_msgthread_pending_messages_out_buckets	leq	inf	7.0
1777921318.289917	zeek	gauge	zeek_msgthread_pending_messages_out_buckets	leq	10000	7.0
1777921318.289917	zeek	gauge	zeek_msgthread_pending_messages_out_buckets	leq	1000	7.0
1777921318.289917	zeek	gauge	zeek_msgthread_pending_messages_out_buckets	leq	100	7.0
1777921318.289917	zeek	gauge	zeek_msgthread_pending_messages_out_buckets	leq	10	7.0
1777921318.289917	zeek	gauge	zeek_msgthread_pending_messages_out_buckets	leq	1	7.0
1777921318.289917	zeek	gauge	zeek_broker_peers	(empty)	(empty)	0.0
1777921318.289917	zeek	gauge	zeek_broker_stores	(empty)	(empty)	1.0
1777921318.289917	zeek	gauge	zeek_broker_pending_queries	(empty)	(empty)	0.0
1777921318.289917	zeek	gauge	zeek_timers_lag_time_seconds	(empty)	(empty)	0.000267
1777921318.289917	zeek	gauge	zeek_timers_pending	type	LogDelayExpire	0.0
1777921318.289917	zeek	gauge	zeek_timers_pending	type	ThreadHeartbeat	1.0
1777921318.289917	zeek	gauge	zeek_timers_pending	type	TimerMgrExpireTimer	0.0
1777921318.289917	zeek	gauge	zeek_timers_pending	type	ParentProcessIDCheck	0.0
1777921318.289917	zeek	gauge	zeek_timers_pending	type	FragTimer	0.0
1777921318.289917	zeek	gauge	zeek_timers_pending	type	RotateTimer	0.0
1777921318.289917	zeek	gauge	zeek_timers_pending	type	FlowWeirdTimer	0.0
1777921318.289917	zeek	gauge	zeek_timers_pending	type	FileAnalysisInactivityTimer	0.0
1777921318.289917	zeek	gauge	zeek_timers_pending	type	StorageExpire	1.0
1777921318.289917	zeek	gauge	zeek_timers_pending	type	ConnectionInactivityTimer	0.0
1777921318.289917	zeek	gauge	zeek_timers_pending	type	TCPConnectionExpireTimer	0.0
1777921318.289917	zeek	gauge	zeek_timers_pending	type	ConnectionStatusUpdateTimer	0.0
1777921318.289917	zeek	gauge	zeek_timers_pending	type	LogFlushWriteBufferTimer	1.0
1777921318.289917	zeek	gauge	zeek_timers_pending	type	NetWeirdTimer	0.0
1777921318.289917	zeek	gauge	zeek_timers_pending	type	InterconnTimer	0.0
1777921318.289917	zeek	gauge	zeek_timers_pending	type	IPTunnelInactivityTimer	0.0
1777921318.289917	zeek	gauge	zeek_timers_pending	type	DNSExpireTimer	0.0
1777921318.289917	zeek	gauge	zeek_timers_pending	type	UnknownProtocolExpire	0.0
1777921318.289917	zeek	gauge	zeek_timers_pending	type	ProfileTimer	0.0
1777921318.289917	zeek	gauge	zeek_timers_pending	type	ConnectionExpireTimer	0.0
1777921318.289917	zeek	gauge	zeek_timers_pending	type	BreakpointTimer	0.0
1777921318.289917	zeek	gauge	zeek_timers_pending	type	BackdoorTimer	0.0
1777921318.289917	zeek	gauge	zeek_timers_pending	type	NetbiosExpireTimer	0.0
1777921318.289917	zeek	gauge	zeek_timers_pending	type	NetworkTimer	0.0
1777921318.289917	zeek	gauge	zeek_timers_pending	type	RemoveConnection	0.0
1777921318.289917	zeek	gauge	zeek_timers_pending	type	TCPConnectionResetTimer	0.0
1777921318.289917	zeek	gauge	zeek_timers_pending	type	ConnTupleWeirdTimer	0.0
1777921318.289917	zeek	gauge	zeek_timers_pending	type	TCPConnectionDeleteTimer	0.0
1777921318.289917	zeek	gauge	zeek_timers_pending	type	ScheduleTimer	6.0
1777921318.289917	zeek	gauge	zeek_timers_pending	type	NTPExpireTimer	0.0
1777921318.289917	zeek	gauge	zeek_timers_pending	type	RPCExpireTimer	0.0
1777921318.289917	zeek	gauge	zeek_timers_pending	type	ConnectionDeleteTimer	0.0
1777921318.289917	zeek	gauge	zeek_timers_pending	type	TriggerTimer	0.0
1777921318.289917	zeek	gauge	zeek_timers_pending	type	TableValTimer	34.0
1777921318.289917	zeek	gauge	zeek_timers_pending	type	TCPConnectionAttemptTimer	0.0
1777921318.289917	zeek	gauge	zeek_timers_pending	type	TCPConnectionPartialClose	0.0
1777921318.289917	zeek	gauge	zeek_dnsmgr_pending_asyncs_requests	(empty)	(empty)	0.0
1777921318.289917	zeek	gauge	zeek_dnsmgr_cache_entries	type	text	0.0
1777921318.289917	zeek	gauge	zeek_dnsmgr_cache_entries	type	address	0.0
1777921318.289917	zeek	gauge	zeek_dnsmgr_cache_entries	type	host	0.0
1777921318.289917	zeek	gauge	zeek_pending_triggers	(empty)	(empty)	0.0
1777921318.289917	zeek	gauge	zeek_active_sessions	protocol	unknown	0.0
1777921318.289917	zeek	gauge	zeek_active_sessions	protocol	icmp	0.0
1777921318.289917	zeek	gauge	zeek_active_sessions	protocol	udp	0.0
1777921318.289917	zeek	gauge	zeek_active_sessions	protocol	tcp	0.0
1777921378.290121	zeek	counter	process_cpu_user_seconds_total	(empty)	(empty)	1.44
1777921378.290121	zeek	counter	process_cpu_system_seconds_total	(empty)	(empty)	0.69
1777921378.290121	zeek	gauge	process_resident_memory_bytes	(empty)	(empty)	284684288.0
1777921378.290121	zeek	gauge	process_virtual_memory_bytes	(empty)	(empty)	1543462912.0
1777921378.290121	zeek	gauge	process_open_fds	(empty)	(empty)	43.0
1777921378.290121	zeek	gauge	process_start_time_seconds	(empty)	(empty)	1777920597.582311
1777921378.290121	zeek	counter	zeek_log_stream_writes_total	module,stream	Conn,Conn::LOG	13.0
1777921378.290121	zeek	counter	zeek_log_stream_writes_total	module,stream	CaptureLoss,CaptureLoss::LOG	1.0
1777921378.290121	zeek	counter	zeek_log_stream_writes_total	module,stream	Notice,Notice::LOG	1.0
1777921378.290121	zeek	counter	zeek_log_stream_writes_total	module,stream	Stats,Stats::LOG	3.0
1777921378.290121	zeek	counter	zeek_log_stream_writes_total	module,stream	Telemetry,Telemetry::LOG	1872.0
1777921378.290121	zeek	counter	zeek_log_stream_writes_total	module,stream	LoadedScripts,LoadedScripts::LOG	538.0
1777921378.290121	zeek	counter	zeek_log_stream_writes_total	module,stream	PacketFilter,PacketFilter::LOG	1.0
1777921378.290121	zeek	counter	zeek_log_writer_writes_total	filter_name,module,path,stream,writer	default,Conn,conn,Conn::LOG,Log::WRITER_ASCII	13.0
1777921378.290121	zeek	counter	zeek_log_writer_writes_total	filter_name,module,path,stream,writer	default,CaptureLoss,capture_loss,CaptureLoss::LOG,Log::WRITER_ASCII	1.0
1777921378.290121	zeek	counter	zeek_log_writer_writes_total	filter_name,module,path,stream,writer	default,Notice,notice,Notice::LOG,Log::WRITER_ASCII	1.0
1777921378.290121	zeek	counter	zeek_log_writer_writes_total	filter_name,module,path,stream,writer	default,Stats,stats,Stats::LOG,Log::WRITER_ASCII	3.0
1777921378.290121	zeek	counter	zeek_log_writer_writes_total	filter_name,module,path,stream,writer	default,Telemetry,telemetry,Telemetry::LOG,Log::WRITER_ASCII	1872.0
1777921378.290121	zeek	counter	zeek_log_writer_writes_total	filter_name,module,path,stream,writer	default,LoadedScripts,loaded_scripts,LoadedScripts::LOG,Log::WRITER_ASCII	538.0
1777921378.290121	zeek	counter	zeek_log_writer_writes_total	filter_name,module,path,stream,writer	default,PacketFilter,packet_filter,PacketFilter::LOG,Log::WRITER_ASCII	1.0
1777921378.290121	zeek	counter	zeek_log_writer_discarded_writes_total	filter_name,module,path,stream,writer	default,Conn,conn,Conn::LOG,Log::WRITER_ASCII	0.0
1777921378.290121	zeek	counter	zeek_log_writer_discarded_writes_total	filter_name,module,path,stream,writer	default,CaptureLoss,capture_loss,CaptureLoss::LOG,Log::WRITER_ASCII	0.0
1777921378.290121	zeek	counter	zeek_log_writer_discarded_writes_total	filter_name,module,path,stream,writer	default,Notice,notice,Notice::LOG,Log::WRITER_ASCII	0.0
1777921378.290121	zeek	counter	zeek_log_writer_discarded_writes_total	filter_name,module,path,stream,writer	default,Stats,stats,Stats::LOG,Log::WRITER_ASCII	0.0
1777921378.290121	zeek	counter	zeek_log_writer_discarded_writes_total	filter_name,module,path,stream,writer	default,Telemetry,telemetry,Telemetry::LOG,Log::WRITER_ASCII	0.0
1777921378.290121	zeek	counter	zeek_log_writer_discarded_writes_total	filter_name,module,path,stream,writer	default,LoadedScripts,loaded_scripts,LoadedScripts::LOG,Log::WRITER_ASCII	0.0
1777921378.290121	zeek	counter	zeek_log_writer_discarded_writes_total	filter_name,module,path,stream,writer	default,PacketFilter,packet_filter,PacketFilter::LOG,Log::WRITER_ASCII	0.0
1777921378.290121	zeek	counter	zeek_log_writer_truncated_string_fields_total	filter_name,module,path,stream,writer	default,Conn,conn,Conn::LOG,Log::WRITER_ASCII	0.0
1777921378.290121	zeek	counter	zeek_log_writer_truncated_string_fields_total	filter_name,module,path,stream,writer	default,CaptureLoss,capture_loss,CaptureLoss::LOG,Log::WRITER_ASCII	0.0
1777921378.290121	zeek	counter	zeek_log_writer_truncated_string_fields_total	filter_name,module,path,stream,writer	default,Notice,notice,Notice::LOG,Log::WRITER_ASCII	0.0
1777921378.290121	zeek	counter	zeek_log_writer_truncated_string_fields_total	filter_name,module,path,stream,writer	default,Stats,stats,Stats::LOG,Log::WRITER_ASCII	0.0
1777921378.290121	zeek	counter	zeek_log_writer_truncated_string_fields_total	filter_name,module,path,stream,writer	default,Telemetry,telemetry,Telemetry::LOG,Log::WRITER_ASCII	0.0
1777921378.290121	zeek	counter	zeek_log_writer_truncated_string_fields_total	filter_name,module,path,stream,writer	default,LoadedScripts,loaded_scripts,LoadedScripts::LOG,Log::WRITER_ASCII	0.0
1777921378.290121	zeek	counter	zeek_log_writer_truncated_string_fields_total	filter_name,module,path,stream,writer	default,PacketFilter,packet_filter,PacketFilter::LOG,Log::WRITER_ASCII	0.0
1777921378.290121	zeek	counter	zeek_log_writer_truncated_containers_total	filter_name,module,path,stream,writer	default,Conn,conn,Conn::LOG,Log::WRITER_ASCII	0.0
1777921378.290121	zeek	counter	zeek_log_writer_truncated_containers_total	filter_name,module,path,stream,writer	default,CaptureLoss,capture_loss,CaptureLoss::LOG,Log::WRITER_ASCII	0.0
1777921378.290121	zeek	counter	zeek_log_writer_truncated_containers_total	filter_name,module,path,stream,writer	default,Notice,notice,Notice::LOG,Log::WRITER_ASCII	0.0
1777921378.290121	zeek	counter	zeek_log_writer_truncated_containers_total	filter_name,module,path,stream,writer	default,Stats,stats,Stats::LOG,Log::WRITER_ASCII	0.0
1777921378.290121	zeek	counter	zeek_log_writer_truncated_containers_total	filter_name,module,path,stream,writer	default,Telemetry,telemetry,Telemetry::LOG,Log::WRITER_ASCII	0.0
1777921378.290121	zeek	counter	zeek_log_writer_truncated_containers_total	filter_name,module,path,stream,writer	default,LoadedScripts,loaded_scripts,LoadedScripts::LOG,Log::WRITER_ASCII	0.0
1777921378.290121	zeek	counter	zeek_log_writer_truncated_containers_total	filter_name,module,path,stream,writer	default,PacketFilter,packet_filter,PacketFilter::LOG,Log::WRITER_ASCII	0.0
1777921378.290121	zeek	counter	zeek_net_received_bytes_total	(empty)	(empty)	4893.0
1777921378.290121	zeek	counter	zeek_net_received_packets_total	(empty)	(empty)	36.0
1777921378.290121	zeek	counter	zeek_net_dropped_packets_total	(empty)	(empty)	0.0
1777921378.290121	zeek	counter	zeek_net_link_packets_total	(empty)	(empty)	36.0
1777921378.290121	zeek	counter	zeek_msgthread_threads_total	(empty)	(empty)	7.0
1777921378.290121	zeek	counter	zeek_msgthread_in_messages_total	(empty)	(empty)	34.0
1777921378.290121	zeek	counter	zeek_msgthread_out_messages_total	(empty)	(empty)	0.0
1777921378.290121	zeek	counter	zeek_cluster_core_outgoing_events_total	(empty)	(empty)	0.0
1777921378.290121	zeek	counter	zeek_cluster_core_incoming_events_total	(empty)	(empty)	0.0
1777921378.290121	zeek	counter	zeek_broker_incoming_events_total	(empty)	(empty)	0.0
1777921378.290121	zeek	counter	zeek_broker_outgoing_events_total	(empty)	(empty)	0.0
1777921378.290121	zeek	counter	zeek_broker_incoming_logs_total	(empty)	(empty)	0.0
1777921378.290121	zeek	counter	zeek_broker_outgoing_logs_total	(empty)	(empty)	0.0
1777921378.290121	zeek	counter	zeek_broker_incoming_ids_total	(empty)	(empty)	0.0
1777921378.290121	zeek	counter	zeek_broker_outgoing_ids_total	(empty)	(empty)	0.0
1777921378.290121	zeek	counter	zeek_timers_total	(empty)	(empty)	5176.0
1777921378.290121	zeek	counter	zeek_dnsmgr_requests_total	(empty)	(empty)	0.0
1777921378.290121	zeek	counter	zeek_dnsmgr_successful_requests_total	(empty)	(empty)	0.0
1777921378.290121	zeek	counter	zeek_dnsmgr_failed_requests_total	(empty)	(empty)	0.0
1777921378.290121	zeek	counter	zeek_triggers_total	(empty)	(empty)	0.0
1777921378.290121	zeek	counter	zeek_ended_sessions_total	reason	inactivity	13.0
1777921378.290121	zeek	counter	zeek_event_handler_invocations_total	name	connection_state_remove	13.0
1777921378.290121	zeek	counter	zeek_event_handler_invocations_total	name	zeek_init	1.0
1777921378.290121	zeek	counter	zeek_event_handler_invocations_total	name	Telemetry::log	14.0
1777921378.290121	zeek	counter	zeek_event_handler_invocations_total	name	NetControl::init	1.0
1777921378.290121	zeek	counter	zeek_event_handler_invocations_total	name	ChecksumOffloading::check	2.0
1777921378.290121	zeek	counter	zeek_event_handler_invocations_total	name	grab_vulnerable_versions	2.0
1777921378.290121	zeek	counter	zeek_event_handler_invocations_total	name	filter_change_tracking	4.0
1777921378.290121	zeek	counter	zeek_event_handler_invocations_total	name	Broker::log_flush	780.0
1777921378.290121	zeek	counter	zeek_event_handler_invocations_total	name	zeek_script_loaded	538.0
1777921378.290121	zeek	counter	zeek_event_handler_invocations_total	name	new_connection	13.0
1777921378.290121	zeek	counter	zeek_event_handler_invocations_total	name	check_stats	3.0
1777921378.290121	zeek	counter	zeek_event_handler_invocations_total	name	CaptureLoss::take_measurement	2.0
1777921378.290121	zeek	counter	zeek_event_handler_invocations_total	name	net_stats_update	3.0
1777921378.290121	zeek	counter	zeek_event_handler_invocations_total	name	SumStats::finish_epoch	3.0
1777921378.290121	zeek	counter	zeek_total_sessions_total	protocol	unknown	1.0
1777921378.290121	zeek	counter	zeek_total_sessions_total	protocol	icmp	6.0
1777921378.290121	zeek	counter	zeek_total_sessions_total	protocol	udp	6.0
1777921378.290121	zeek	counter	zeek_total_sessions_total	protocol	tcp	0.0
1777921378.290121	zeek	gauge	zeek_version_info	beta,commit,debug,major,minor,patch,version_number,version_string	false,0,false,8,1,2,80102,8.1.2	1.0
1777921378.290121	zeek	gauge	zeek_net_packet_lag_seconds	(empty)	(empty)	0.002944
1777921378.290121	zeek	gauge	zeek_net_timestamp_seconds	(empty)	(empty)	1777921378.290121
1777921378.290121	zeek	gauge	zeek_msgthread_active_threads	(empty)	(empty)	7.0
1777921378.290121	zeek	gauge	zeek_msgthread_pending_in_messages	(empty)	(empty)	0.0
1777921378.290121	zeek	gauge	zeek_msgthread_pending_out_messages	(empty)	(empty)	0.0
1777921378.290121	zeek	gauge	zeek_msgthread_pending_messages_in_buckets	leq	inf	7.0
1777921378.290121	zeek	gauge	zeek_msgthread_pending_messages_in_buckets	leq	10000	7.0
1777921378.290121	zeek	gauge	zeek_msgthread_pending_messages_in_buckets	leq	1000	7.0
1777921378.290121	zeek	gauge	zeek_msgthread_pending_messages_in_buckets	leq	100	7.0
1777921378.290121	zeek	gauge	zeek_msgthread_pending_messages_in_buckets	leq	10	7.0
1777921378.290121	zeek	gauge	zeek_msgthread_pending_messages_in_buckets	leq	1	7.0
1777921378.290121	zeek	gauge	zeek_msgthread_pending_messages_out_buckets	leq	inf	7.0
1777921378.290121	zeek	gauge	zeek_msgthread_pending_messages_out_buckets	leq	10000	7.0
1777921378.290121	zeek	gauge	zeek_msgthread_pending_messages_out_buckets	leq	1000	7.0
1777921378.290121	zeek	gauge	zeek_msgthread_pending_messages_out_buckets	leq	100	7.0
1777921378.290121	zeek	gauge	zeek_msgthread_pending_messages_out_buckets	leq	10	7.0
1777921378.290121	zeek	gauge	zeek_msgthread_pending_messages_out_buckets	leq	1	7.0
1777921378.290121	zeek	gauge	zeek_broker_peers	(empty)	(empty)	0.0
1777921378.290121	zeek	gauge	zeek_broker_stores	(empty)	(empty)	1.0
1777921378.290121	zeek	gauge	zeek_broker_pending_queries	(empty)	(empty)	0.0
1777921378.290121	zeek	gauge	zeek_timers_lag_time_seconds	(empty)	(empty)	0.000204
1777921378.290121	zeek	gauge	zeek_timers_pending	type	LogDelayExpire	0.0
1777921378.290121	zeek	gauge	zeek_timers_pending	type	ThreadHeartbeat	1.0
1777921378.290121	zeek	gauge	zeek_timers_pending	type	TimerMgrExpireTimer	0.0
1777921378.290121	zeek	gauge	zeek_timers_pending	type	ParentProcessIDCheck	0.0
1777921378.290121	zeek	gauge	zeek_timers_pending	type	FragTimer	0.0
1777921378.290121	zeek	gauge	zeek_timers_pending	type	RotateTimer	0.0
1777921378.290121	zeek	gauge	zeek_timers_pending	type	FlowWeirdTimer	0.0
1777921378.290121	zeek	gauge	zeek_timers_pending	type	FileAnalysisInactivityTimer	0.0
1777921378.290121	zeek	gauge	zeek_timers_pending	type	StorageExpire	1.0
1777921378.290121	zeek	gauge	zeek_timers_pending	type	ConnectionInactivityTimer	0.0
1777921378.290121	zeek	gauge	zeek_timers_pending	type	TCPConnectionExpireTimer	0.0
1777921378.290121	zeek	gauge	zeek_timers_pending	type	ConnectionStatusUpdateTimer	0.0
1777921378.290121	zeek	gauge	zeek_timers_pending	type	LogFlushWriteBufferTimer	1.0
1777921378.290121	zeek	gauge	zeek_timers_pending	type	NetWeirdTimer	0.0
1777921378.290121	zeek	gauge	zeek_timers_pending	type	InterconnTimer	0.0
1777921378.290121	zeek	gauge	zeek_timers_pending	type	IPTunnelInactivityTimer	0.0
1777921378.290121	zeek	gauge	zeek_timers_pending	type	DNSExpireTimer	0.0
1777921378.290121	zeek	gauge	zeek_timers_pending	type	UnknownProtocolExpire	0.0
1777921378.290121	zeek	gauge	zeek_timers_pending	type	ProfileTimer	0.0
1777921378.290121	zeek	gauge	zeek_timers_pending	type	ConnectionExpireTimer	0.0
1777921378.290121	zeek	gauge	zeek_timers_pending	type	BreakpointTimer	0.0
1777921378.290121	zeek	gauge	zeek_timers_pending	type	BackdoorTimer	0.0
1777921378.290121	zeek	gauge	zeek_timers_pending	type	NetbiosExpireTimer	0.0
1777921378.290121	zeek	gauge	zeek_timers_pending	type	NetworkTimer	0.0
1777921378.290121	zeek	gauge	zeek_timers_pending	type	RemoveConnection	0.0
1777921378.290121	zeek	gauge	zeek_timers_pending	type	TCPConnectionResetTimer	0.0
1777921378.290121	zeek	gauge	zeek_timers_pending	type	ConnTupleWeirdTimer	0.0
1777921378.290121	zeek	gauge	zeek_timers_pending	type	TCPConnectionDeleteTimer	0.0
1777921378.290121	zeek	gauge	zeek_timers_pending	type	ScheduleTimer	6.0
1777921378.290121	zeek	gauge	zeek_timers_pending	type	NTPExpireTimer	0.0
1777921378.290121	zeek	gauge	zeek_timers_pending	type	RPCExpireTimer	0.0
1777921378.290121	zeek	gauge	zeek_timers_pending	type	ConnectionDeleteTimer	0.0
1777921378.290121	zeek	gauge	zeek_timers_pending	type	TriggerTimer	0.0
1777921378.290121	zeek	gauge	zeek_timers_pending	type	TableValTimer	34.0
1777921378.290121	zeek	gauge	zeek_timers_pending	type	TCPConnectionAttemptTimer	0.0
1777921378.290121	zeek	gauge	zeek_timers_pending	type	TCPConnectionPartialClose	0.0
1777921378.290121	zeek	gauge	zeek_dnsmgr_pending_asyncs_requests	(empty)	(empty)	0.0
1777921378.290121	zeek	gauge	zeek_dnsmgr_cache_entries	type	text	0.0
1777921378.290121	zeek	gauge	zeek_dnsmgr_cache_entries	type	address	0.0
1777921378.290121	zeek	gauge	zeek_dnsmgr_cache_entries	type	host	0.0
1777921378.290121	zeek	gauge	zeek_pending_triggers	(empty)	(empty)	0.0
1777921378.290121	zeek	gauge	zeek_active_sessions	protocol	unknown	0.0
1777921378.290121	zeek	gauge	zeek_active_sessions	protocol	icmp	0.0
1777921378.290121	zeek	gauge	zeek_active_sessions	protocol	udp	0.0
1777921378.290121	zeek	gauge	zeek_active_sessions	protocol	tcp	0.0
1777921438.290307	zeek	counter	process_cpu_user_seconds_total	(empty)	(empty)	1.54
1777921438.290307	zeek	counter	process_cpu_system_seconds_total	(empty)	(empty)	0.73
1777921438.290307	zeek	gauge	process_resident_memory_bytes	(empty)	(empty)	284684288.0
1777921438.290307	zeek	gauge	process_virtual_memory_bytes	(empty)	(empty)	1543462912.0
1777921438.290307	zeek	gauge	process_open_fds	(empty)	(empty)	43.0
1777921438.290307	zeek	gauge	process_start_time_seconds	(empty)	(empty)	1777920597.582311
1777921438.290307	zeek	counter	zeek_log_stream_writes_total	module,stream	Conn,Conn::LOG	13.0
1777921438.290307	zeek	counter	zeek_log_stream_writes_total	module,stream	CaptureLoss,CaptureLoss::LOG	1.0
1777921438.290307	zeek	counter	zeek_log_stream_writes_total	module,stream	Notice,Notice::LOG	1.0
1777921438.290307	zeek	counter	zeek_log_stream_writes_total	module,stream	Stats,Stats::LOG	3.0
1777921438.290307	zeek	counter	zeek_log_stream_writes_total	module,stream	Telemetry,Telemetry::LOG	2019.0
1777921438.290307	zeek	counter	zeek_log_stream_writes_total	module,stream	LoadedScripts,LoadedScripts::LOG	538.0
1777921438.290307	zeek	counter	zeek_log_stream_writes_total	module,stream	PacketFilter,PacketFilter::LOG	1.0
1777921438.290307	zeek	counter	zeek_log_writer_writes_total	filter_name,module,path,stream,writer	default,Conn,conn,Conn::LOG,Log::WRITER_ASCII	13.0
1777921438.290307	zeek	counter	zeek_log_writer_writes_total	filter_name,module,path,stream,writer	default,CaptureLoss,capture_loss,CaptureLoss::LOG,Log::WRITER_ASCII	1.0
1777921438.290307	zeek	counter	zeek_log_writer_writes_total	filter_name,module,path,stream,writer	default,Notice,notice,Notice::LOG,Log::WRITER_ASCII	1.0
1777921438.290307	zeek	counter	zeek_log_writer_writes_total	filter_name,module,path,stream,writer	default,Stats,stats,Stats::LOG,Log::WRITER_ASCII	3.0
1777921438.290307	zeek	counter	zeek_log_writer_writes_total	filter_name,module,path,stream,writer	default,Telemetry,telemetry,Telemetry::LOG,Log::WRITER_ASCII	2019.0
1777921438.290307	zeek	counter	zeek_log_writer_writes_total	filter_name,module,path,stream,writer	default,LoadedScripts,loaded_scripts,LoadedScripts::LOG,Log::WRITER_ASCII	538.0
1777921438.290307	zeek	counter	zeek_log_writer_writes_total	filter_name,module,path,stream,writer	default,PacketFilter,packet_filter,PacketFilter::LOG,Log::WRITER_ASCII	1.0
1777921438.290307	zeek	counter	zeek_log_writer_discarded_writes_total	filter_name,module,path,stream,writer	default,Conn,conn,Conn::LOG,Log::WRITER_ASCII	0.0
1777921438.290307	zeek	counter	zeek_log_writer_discarded_writes_total	filter_name,module,path,stream,writer	default,CaptureLoss,capture_loss,CaptureLoss::LOG,Log::WRITER_ASCII	0.0
1777921438.290307	zeek	counter	zeek_log_writer_discarded_writes_total	filter_name,module,path,stream,writer	default,Notice,notice,Notice::LOG,Log::WRITER_ASCII	0.0
1777921438.290307	zeek	counter	zeek_log_writer_discarded_writes_total	filter_name,module,path,stream,writer	default,Stats,stats,Stats::LOG,Log::WRITER_ASCII	0.0
1777921438.290307	zeek	counter	zeek_log_writer_discarded_writes_total	filter_name,module,path,stream,writer	default,Telemetry,telemetry,Telemetry::LOG,Log::WRITER_ASCII	0.0
1777921438.290307	zeek	counter	zeek_log_writer_discarded_writes_total	filter_name,module,path,stream,writer	default,LoadedScripts,loaded_scripts,LoadedScripts::LOG,Log::WRITER_ASCII	0.0
1777921438.290307	zeek	counter	zeek_log_writer_discarded_writes_total	filter_name,module,path,stream,writer	default,PacketFilter,packet_filter,PacketFilter::LOG,Log::WRITER_ASCII	0.0
1777921438.290307	zeek	counter	zeek_log_writer_truncated_string_fields_total	filter_name,module,path,stream,writer	default,Conn,conn,Conn::LOG,Log::WRITER_ASCII	0.0
1777921438.290307	zeek	counter	zeek_log_writer_truncated_string_fields_total	filter_name,module,path,stream,writer	default,CaptureLoss,capture_loss,CaptureLoss::LOG,Log::WRITER_ASCII	0.0
1777921438.290307	zeek	counter	zeek_log_writer_truncated_string_fields_total	filter_name,module,path,stream,writer	default,Notice,notice,Notice::LOG,Log::WRITER_ASCII	0.0
1777921438.290307	zeek	counter	zeek_log_writer_truncated_string_fields_total	filter_name,module,path,stream,writer	default,Stats,stats,Stats::LOG,Log::WRITER_ASCII	0.0
1777921438.290307	zeek	counter	zeek_log_writer_truncated_string_fields_total	filter_name,module,path,stream,writer	default,Telemetry,telemetry,Telemetry::LOG,Log::WRITER_ASCII	0.0
1777921438.290307	zeek	counter	zeek_log_writer_truncated_string_fields_total	filter_name,module,path,stream,writer	default,LoadedScripts,loaded_scripts,LoadedScripts::LOG,Log::WRITER_ASCII	0.0
1777921438.290307	zeek	counter	zeek_log_writer_truncated_string_fields_total	filter_name,module,path,stream,writer	default,PacketFilter,packet_filter,PacketFilter::LOG,Log::WRITER_ASCII	0.0
1777921438.290307	zeek	counter	zeek_log_writer_truncated_containers_total	filter_name,module,path,stream,writer	default,Conn,conn,Conn::LOG,Log::WRITER_ASCII	0.0
1777921438.290307	zeek	counter	zeek_log_writer_truncated_containers_total	filter_name,module,path,stream,writer	default,CaptureLoss,capture_loss,CaptureLoss::LOG,Log::WRITER_ASCII	0.0
1777921438.290307	zeek	counter	zeek_log_writer_truncated_containers_total	filter_name,module,path,stream,writer	default,Notice,notice,Notice::LOG,Log::WRITER_ASCII	0.0
1777921438.290307	zeek	counter	zeek_log_writer_truncated_containers_total	filter_name,module,path,stream,writer	default,Stats,stats,Stats::LOG,Log::WRITER_ASCII	0.0
1777921438.290307	zeek	counter	zeek_log_writer_truncated_containers_total	filter_name,module,path,stream,writer	default,Telemetry,telemetry,Telemetry::LOG,Log::WRITER_ASCII	0.0
1777921438.290307	zeek	counter	zeek_log_writer_truncated_containers_total	filter_name,module,path,stream,writer	default,LoadedScripts,loaded_scripts,LoadedScripts::LOG,Log::WRITER_ASCII	0.0
1777921438.290307	zeek	counter	zeek_log_writer_truncated_containers_total	filter_name,module,path,stream,writer	default,PacketFilter,packet_filter,PacketFilter::LOG,Log::WRITER_ASCII	0.0
1777921438.290307	zeek	counter	zeek_net_received_bytes_total	(empty)	(empty)	4893.0
1777921438.290307	zeek	counter	zeek_net_received_packets_total	(empty)	(empty)	36.0
1777921438.290307	zeek	counter	zeek_net_dropped_packets_total	(empty)	(empty)	0.0
1777921438.290307	zeek	counter	zeek_net_link_packets_total	(empty)	(empty)	36.0
1777921438.290307	zeek	counter	zeek_msgthread_threads_total	(empty)	(empty)	7.0
1777921438.290307	zeek	counter	zeek_msgthread_in_messages_total	(empty)	(empty)	35.0
1777921438.290307	zeek	counter	zeek_msgthread_out_messages_total	(empty)	(empty)	0.0
1777921438.290307	zeek	counter	zeek_cluster_core_outgoing_events_total	(empty)	(empty)	0.0
1777921438.290307	zeek	counter	zeek_cluster_core_incoming_events_total	(empty)	(empty)	0.0
1777921438.290307	zeek	counter	zeek_broker_incoming_events_total	(empty)	(empty)	0.0
1777921438.290307	zeek	counter	zeek_broker_outgoing_events_total	(empty)	(empty)	0.0
1777921438.290307	zeek	counter	zeek_broker_incoming_logs_total	(empty)	(empty)	0.0
1777921438.290307	zeek	counter	zeek_broker_outgoing_logs_total	(empty)	(empty)	0.0
1777921438.290307	zeek	counter	zeek_broker_incoming_ids_total	(empty)	(empty)	0.0
1777921438.290307	zeek	counter	zeek_broker_outgoing_ids_total	(empty)	(empty)	0.0
1777921438.290307	zeek	counter	zeek_timers_total	(empty)	(empty)	5565.0
1777921438.290307	zeek	counter	zeek_dnsmgr_requests_total	(empty)	(empty)	0.0
1777921438.290307	zeek	counter	zeek_dnsmgr_successful_requests_total	(empty)	(empty)	0.0
1777921438.290307	zeek	counter	zeek_dnsmgr_failed_requests_total	(empty)	(empty)	0.0
1777921438.290307	zeek	counter	zeek_triggers_total	(empty)	(empty)	0.0
1777921438.290307	zeek	counter	zeek_ended_sessions_total	reason	inactivity	13.0
1777921438.290307	zeek	counter	zeek_event_handler_invocations_total	name	connection_state_remove	13.0
1777921438.290307	zeek	counter	zeek_event_handler_invocations_total	name	zeek_init	1.0
1777921438.290307	zeek	counter	zeek_event_handler_invocations_total	name	Telemetry::log	15.0
1777921438.290307	zeek	counter	zeek_event_handler_invocations_total	name	NetControl::init	1.0
1777921438.290307	zeek	counter	zeek_event_handler_invocations_total	name	ChecksumOffloading::check	2.0
1777921438.290307	zeek	counter	zeek_event_handler_invocations_total	name	grab_vulnerable_versions	2.0
1777921438.290307	zeek	counter	zeek_event_handler_invocations_total	name	filter_change_tracking	4.0
1777921438.290307	zeek	counter	zeek_event_handler_invocations_total	name	Broker::log_flush	840.0
1777921438.290307	zeek	counter	zeek_event_handler_invocations_total	name	zeek_script_loaded	538.0
1777921438.290307	zeek	counter	zeek_event_handler_invocations_total	name	new_connection	13.0
1777921438.290307	zeek	counter	zeek_event_handler_invocations_total	name	check_stats	3.0
1777921438.290307	zeek	counter	zeek_event_handler_invocations_total	name	CaptureLoss::take_measurement	2.0
1777921438.290307	zeek	counter	zeek_event_handler_invocations_total	name	net_stats_update	3.0
1777921438.290307	zeek	counter	zeek_event_handler_invocations_total	name	SumStats::finish_epoch	3.0
1777921438.290307	zeek	counter	zeek_total_sessions_total	protocol	unknown	1.0
1777921438.290307	zeek	counter	zeek_total_sessions_total	protocol	icmp	6.0
1777921438.290307	zeek	counter	zeek_total_sessions_total	protocol	udp	6.0
1777921438.290307	zeek	counter	zeek_total_sessions_total	protocol	tcp	0.0
1777921438.290307	zeek	gauge	zeek_version_info	beta,commit,debug,major,minor,patch,version_number,version_string	false,0,false,8,1,2,80102,8.1.2	1.0
1777921438.290307	zeek	gauge	zeek_net_packet_lag_seconds	(empty)	(empty)	0.002564
1777921438.290307	zeek	gauge	zeek_net_timestamp_seconds	(empty)	(empty)	1777921438.290307
1777921438.290307	zeek	gauge	zeek_msgthread_active_threads	(empty)	(empty)	7.0
1777921438.290307	zeek	gauge	zeek_msgthread_pending_in_messages	(empty)	(empty)	0.0
1777921438.290307	zeek	gauge	zeek_msgthread_pending_out_messages	(empty)	(empty)	0.0
1777921438.290307	zeek	gauge	zeek_msgthread_pending_messages_in_buckets	leq	inf	7.0
1777921438.290307	zeek	gauge	zeek_msgthread_pending_messages_in_buckets	leq	10000	7.0
1777921438.290307	zeek	gauge	zeek_msgthread_pending_messages_in_buckets	leq	1000	7.0
1777921438.290307	zeek	gauge	zeek_msgthread_pending_messages_in_buckets	leq	100	7.0
1777921438.290307	zeek	gauge	zeek_msgthread_pending_messages_in_buckets	leq	10	7.0
1777921438.290307	zeek	gauge	zeek_msgthread_pending_messages_in_buckets	leq	1	7.0
1777921438.290307	zeek	gauge	zeek_msgthread_pending_messages_out_buckets	leq	inf	7.0
1777921438.290307	zeek	gauge	zeek_msgthread_pending_messages_out_buckets	leq	10000	7.0
1777921438.290307	zeek	gauge	zeek_msgthread_pending_messages_out_buckets	leq	1000	7.0
1777921438.290307	zeek	gauge	zeek_msgthread_pending_messages_out_buckets	leq	100	7.0
1777921438.290307	zeek	gauge	zeek_msgthread_pending_messages_out_buckets	leq	10	7.0
1777921438.290307	zeek	gauge	zeek_msgthread_pending_messages_out_buckets	leq	1	7.0
1777921438.290307	zeek	gauge	zeek_broker_peers	(empty)	(empty)	0.0
1777921438.290307	zeek	gauge	zeek_broker_stores	(empty)	(empty)	1.0
1777921438.290307	zeek	gauge	zeek_broker_pending_queries	(empty)	(empty)	0.0
1777921438.290307	zeek	gauge	zeek_timers_lag_time_seconds	(empty)	(empty)	0.000186
1777921438.290307	zeek	gauge	zeek_timers_pending	type	LogDelayExpire	0.0
1777921438.290307	zeek	gauge	zeek_timers_pending	type	ThreadHeartbeat	1.0
1777921438.290307	zeek	gauge	zeek_timers_pending	type	TimerMgrExpireTimer	0.0
1777921438.290307	zeek	gauge	zeek_timers_pending	type	ParentProcessIDCheck	0.0
1777921438.290307	zeek	gauge	zeek_timers_pending	type	FragTimer	0.0
1777921438.290307	zeek	gauge	zeek_timers_pending	type	RotateTimer	0.0
1777921438.290307	zeek	gauge	zeek_timers_pending	type	FlowWeirdTimer	0.0
1777921438.290307	zeek	gauge	zeek_timers_pending	type	FileAnalysisInactivityTimer	0.0
1777921438.290307	zeek	gauge	zeek_timers_pending	type	StorageExpire	1.0
1777921438.290307	zeek	gauge	zeek_timers_pending	type	ConnectionInactivityTimer	0.0
1777921438.290307	zeek	gauge	zeek_timers_pending	type	TCPConnectionExpireTimer	0.0
1777921438.290307	zeek	gauge	zeek_timers_pending	type	ConnectionStatusUpdateTimer	0.0
1777921438.290307	zeek	gauge	zeek_timers_pending	type	LogFlushWriteBufferTimer	1.0
1777921438.290307	zeek	gauge	zeek_timers_pending	type	NetWeirdTimer	0.0
1777921438.290307	zeek	gauge	zeek_timers_pending	type	InterconnTimer	0.0
1777921438.290307	zeek	gauge	zeek_timers_pending	type	IPTunnelInactivityTimer	0.0
1777921438.290307	zeek	gauge	zeek_timers_pending	type	DNSExpireTimer	0.0
1777921438.290307	zeek	gauge	zeek_timers_pending	type	UnknownProtocolExpire	0.0
1777921438.290307	zeek	gauge	zeek_timers_pending	type	ProfileTimer	0.0
1777921438.290307	zeek	gauge	zeek_timers_pending	type	ConnectionExpireTimer	0.0
1777921438.290307	zeek	gauge	zeek_timers_pending	type	BreakpointTimer	0.0
1777921438.290307	zeek	gauge	zeek_timers_pending	type	BackdoorTimer	0.0
1777921438.290307	zeek	gauge	zeek_timers_pending	type	NetbiosExpireTimer	0.0
1777921438.290307	zeek	gauge	zeek_timers_pending	type	NetworkTimer	0.0
1777921438.290307	zeek	gauge	zeek_timers_pending	type	RemoveConnection	0.0
1777921438.290307	zeek	gauge	zeek_timers_pending	type	TCPConnectionResetTimer	0.0
1777921438.290307	zeek	gauge	zeek_timers_pending	type	ConnTupleWeirdTimer	0.0
1777921438.290307	zeek	gauge	zeek_timers_pending	type	TCPConnectionDeleteTimer	0.0
1777921438.290307	zeek	gauge	zeek_timers_pending	type	ScheduleTimer	6.0
1777921438.290307	zeek	gauge	zeek_timers_pending	type	NTPExpireTimer	0.0
1777921438.290307	zeek	gauge	zeek_timers_pending	type	RPCExpireTimer	0.0
1777921438.290307	zeek	gauge	zeek_timers_pending	type	ConnectionDeleteTimer	0.0
1777921438.290307	zeek	gauge	zeek_timers_pending	type	TriggerTimer	0.0
1777921438.290307	zeek	gauge	zeek_timers_pending	type	TableValTimer	34.0
1777921438.290307	zeek	gauge	zeek_timers_pending	type	TCPConnectionAttemptTimer	0.0
1777921438.290307	zeek	gauge	zeek_timers_pending	type	TCPConnectionPartialClose	0.0
1777921438.290307	zeek	gauge	zeek_dnsmgr_pending_asyncs_requests	(empty)	(empty)	0.0
1777921438.290307	zeek	gauge	zeek_dnsmgr_cache_entries	type	text	0.0
1777921438.290307	zeek	gauge	zeek_dnsmgr_cache_entries	type	address	0.0
1777921438.290307	zeek	gauge	zeek_dnsmgr_cache_entries	type	host	0.0
1777921438.290307	zeek	gauge	zeek_pending_triggers	(empty)	(empty)	0.0
1777921438.290307	zeek	gauge	zeek_active_sessions	protocol	unknown	0.0
1777921438.290307	zeek	gauge	zeek_active_sessions	protocol	icmp	0.0
1777921438.290307	zeek	gauge	zeek_active_sessions	protocol	udp	0.0
1777921438.290307	zeek	gauge	zeek_active_sessions	protocol	tcp	0.0
1777921498.290437	zeek	counter	process_cpu_user_seconds_total	(empty)	(empty)	1.64
1777921498.290437	zeek	counter	process_cpu_system_seconds_total	(empty)	(empty)	0.78
1777921498.290437	zeek	gauge	process_resident_memory_bytes	(empty)	(empty)	284684288.0
1777921498.290437	zeek	gauge	process_virtual_memory_bytes	(empty)	(empty)	1543462912.0
1777921498.290437	zeek	gauge	process_open_fds	(empty)	(empty)	43.0
1777921498.290437	zeek	gauge	process_start_time_seconds	(empty)	(empty)	1777920597.582311
1777921498.290437	zeek	counter	zeek_log_stream_writes_total	module,stream	Conn,Conn::LOG	13.0
1777921498.290437	zeek	counter	zeek_log_stream_writes_total	module,stream	CaptureLoss,CaptureLoss::LOG	1.0
1777921498.290437	zeek	counter	zeek_log_stream_writes_total	module,stream	Notice,Notice::LOG	1.0
1777921498.290437	zeek	counter	zeek_log_stream_writes_total	module,stream	Stats,Stats::LOG	4.0
1777921498.290437	zeek	counter	zeek_log_stream_writes_total	module,stream	Telemetry,Telemetry::LOG	2166.0
1777921498.290437	zeek	counter	zeek_log_stream_writes_total	module,stream	LoadedScripts,LoadedScripts::LOG	538.0
1777921498.290437	zeek	counter	zeek_log_stream_writes_total	module,stream	PacketFilter,PacketFilter::LOG	1.0
1777921498.290437	zeek	counter	zeek_log_writer_writes_total	filter_name,module,path,stream,writer	default,Conn,conn,Conn::LOG,Log::WRITER_ASCII	13.0
1777921498.290437	zeek	counter	zeek_log_writer_writes_total	filter_name,module,path,stream,writer	default,CaptureLoss,capture_loss,CaptureLoss::LOG,Log::WRITER_ASCII	1.0
1777921498.290437	zeek	counter	zeek_log_writer_writes_total	filter_name,module,path,stream,writer	default,Notice,notice,Notice::LOG,Log::WRITER_ASCII	1.0
1777921498.290437	zeek	counter	zeek_log_writer_writes_total	filter_name,module,path,stream,writer	default,Stats,stats,Stats::LOG,Log::WRITER_ASCII	4.0
1777921498.290437	zeek	counter	zeek_log_writer_writes_total	filter_name,module,path,stream,writer	default,Telemetry,telemetry,Telemetry::LOG,Log::WRITER_ASCII	2166.0
1777921498.290437	zeek	counter	zeek_log_writer_writes_total	filter_name,module,path,stream,writer	default,LoadedScripts,loaded_scripts,LoadedScripts::LOG,Log::WRITER_ASCII	538.0
1777921498.290437	zeek	counter	zeek_log_writer_writes_total	filter_name,module,path,stream,writer	default,PacketFilter,packet_filter,PacketFilter::LOG,Log::WRITER_ASCII	1.0
1777921498.290437	zeek	counter	zeek_log_writer_discarded_writes_total	filter_name,module,path,stream,writer	default,Conn,conn,Conn::LOG,Log::WRITER_ASCII	0.0
1777921498.290437	zeek	counter	zeek_log_writer_discarded_writes_total	filter_name,module,path,stream,writer	default,CaptureLoss,capture_loss,CaptureLoss::LOG,Log::WRITER_ASCII	0.0
1777921498.290437	zeek	counter	zeek_log_writer_discarded_writes_total	filter_name,module,path,stream,writer	default,Notice,notice,Notice::LOG,Log::WRITER_ASCII	0.0
1777921498.290437	zeek	counter	zeek_log_writer_discarded_writes_total	filter_name,module,path,stream,writer	default,Stats,stats,Stats::LOG,Log::WRITER_ASCII	0.0
1777921498.290437	zeek	counter	zeek_log_writer_discarded_writes_total	filter_name,module,path,stream,writer	default,Telemetry,telemetry,Telemetry::LOG,Log::WRITER_ASCII	0.0
1777921498.290437	zeek	counter	zeek_log_writer_discarded_writes_total	filter_name,module,path,stream,writer	default,LoadedScripts,loaded_scripts,LoadedScripts::LOG,Log::WRITER_ASCII	0.0
1777921498.290437	zeek	counter	zeek_log_writer_discarded_writes_total	filter_name,module,path,stream,writer	default,PacketFilter,packet_filter,PacketFilter::LOG,Log::WRITER_ASCII	0.0
1777921498.290437	zeek	counter	zeek_log_writer_truncated_string_fields_total	filter_name,module,path,stream,writer	default,Conn,conn,Conn::LOG,Log::WRITER_ASCII	0.0
1777921498.290437	zeek	counter	zeek_log_writer_truncated_string_fields_total	filter_name,module,path,stream,writer	default,CaptureLoss,capture_loss,CaptureLoss::LOG,Log::WRITER_ASCII	0.0
1777921498.290437	zeek	counter	zeek_log_writer_truncated_string_fields_total	filter_name,module,path,stream,writer	default,Notice,notice,Notice::LOG,Log::WRITER_ASCII	0.0
1777921498.290437	zeek	counter	zeek_log_writer_truncated_string_fields_total	filter_name,module,path,stream,writer	default,Stats,stats,Stats::LOG,Log::WRITER_ASCII	0.0
1777921498.290437	zeek	counter	zeek_log_writer_truncated_string_fields_total	filter_name,module,path,stream,writer	default,Telemetry,telemetry,Telemetry::LOG,Log::WRITER_ASCII	0.0
1777921498.290437	zeek	counter	zeek_log_writer_truncated_string_fields_total	filter_name,module,path,stream,writer	default,LoadedScripts,loaded_scripts,LoadedScripts::LOG,Log::WRITER_ASCII	0.0
1777921498.290437	zeek	counter	zeek_log_writer_truncated_string_fields_total	filter_name,module,path,stream,writer	default,PacketFilter,packet_filter,PacketFilter::LOG,Log::WRITER_ASCII	0.0
1777921498.290437	zeek	counter	zeek_log_writer_truncated_containers_total	filter_name,module,path,stream,writer	default,Conn,conn,Conn::LOG,Log::WRITER_ASCII	0.0
1777921498.290437	zeek	counter	zeek_log_writer_truncated_containers_total	filter_name,module,path,stream,writer	default,CaptureLoss,capture_loss,CaptureLoss::LOG,Log::WRITER_ASCII	0.0
1777921498.290437	zeek	counter	zeek_log_writer_truncated_containers_total	filter_name,module,path,stream,writer	default,Notice,notice,Notice::LOG,Log::WRITER_ASCII	0.0
1777921498.290437	zeek	counter	zeek_log_writer_truncated_containers_total	filter_name,module,path,stream,writer	default,Stats,stats,Stats::LOG,Log::WRITER_ASCII	0.0
1777921498.290437	zeek	counter	zeek_log_writer_truncated_containers_total	filter_name,module,path,stream,writer	default,Telemetry,telemetry,Telemetry::LOG,Log::WRITER_ASCII	0.0
1777921498.290437	zeek	counter	zeek_log_writer_truncated_containers_total	filter_name,module,path,stream,writer	default,LoadedScripts,loaded_scripts,LoadedScripts::LOG,Log::WRITER_ASCII	0.0
1777921498.290437	zeek	counter	zeek_log_writer_truncated_containers_total	filter_name,module,path,stream,writer	default,PacketFilter,packet_filter,PacketFilter::LOG,Log::WRITER_ASCII	0.0
1777921498.290437	zeek	counter	zeek_net_received_bytes_total	(empty)	(empty)	4893.0
1777921498.290437	zeek	counter	zeek_net_received_packets_total	(empty)	(empty)	36.0
1777921498.290437	zeek	counter	zeek_net_dropped_packets_total	(empty)	(empty)	0.0
1777921498.290437	zeek	counter	zeek_net_link_packets_total	(empty)	(empty)	36.0
1777921498.290437	zeek	counter	zeek_msgthread_threads_total	(empty)	(empty)	7.0
1777921498.290437	zeek	counter	zeek_msgthread_in_messages_total	(empty)	(empty)	36.0
1777921498.290437	zeek	counter	zeek_msgthread_out_messages_total	(empty)	(empty)	0.0
1777921498.290437	zeek	counter	zeek_cluster_core_outgoing_events_total	(empty)	(empty)	0.0
1777921498.290437	zeek	counter	zeek_cluster_core_incoming_events_total	(empty)	(empty)	0.0
1777921498.290437	zeek	counter	zeek_broker_incoming_events_total	(empty)	(empty)	0.0
1777921498.290437	zeek	counter	zeek_broker_outgoing_events_total	(empty)	(empty)	0.0
1777921498.290437	zeek	counter	zeek_broker_incoming_logs_total	(empty)	(empty)	0.0
1777921498.290437	zeek	counter	zeek_broker_outgoing_logs_total	(empty)	(empty)	0.0
1777921498.290437	zeek	counter	zeek_broker_incoming_ids_total	(empty)	(empty)	0.0
1777921498.290437	zeek	counter	zeek_broker_outgoing_ids_total	(empty)	(empty)	0.0
1777921498.290437	zeek	counter	zeek_timers_total	(empty)	(empty)	5954.0
1777921498.290437	zeek	counter	zeek_dnsmgr_requests_total	(empty)	(empty)	0.0
1777921498.290437	zeek	counter	zeek_dnsmgr_successful_requests_total	(empty)	(empty)	0.0
1777921498.290437	zeek	counter	zeek_dnsmgr_failed_requests_total	(empty)	(empty)	0.0
1777921498.290437	zeek	counter	zeek_triggers_total	(empty)	(empty)	0.0
1777921498.290437	zeek	counter	zeek_ended_sessions_total	reason	inactivity	13.0
1777921498.290437	zeek	counter	zeek_event_handler_invocations_total	name	connection_state_remove	13.0
1777921498.290437	zeek	counter	zeek_event_handler_invocations_total	name	zeek_init	1.0
1777921498.290437	zeek	counter	zeek_event_handler_invocations_total	name	Telemetry::log	16.0
1777921498.290437	zeek	counter	zeek_event_handler_invocations_total	name	NetControl::init	1.0
1777921498.290437	zeek	counter	zeek_event_handler_invocations_total	name	ChecksumOffloading::check	2.0
1777921498.290437	zeek	counter	zeek_event_handler_invocations_total	name	grab_vulnerable_versions	2.0
1777921498.290437	zeek	counter	zeek_event_handler_invocations_total	name	filter_change_tracking	5.0
1777921498.290437	zeek	counter	zeek_event_handler_invocations_total	name	Broker::log_flush	899.0
1777921498.290437	zeek	counter	zeek_event_handler_invocations_total	name	zeek_script_loaded	538.0
1777921498.290437	zeek	counter	zeek_event_handler_invocations_total	name	new_connection	13.0
1777921498.290437	zeek	counter	zeek_event_handler_invocations_total	name	check_stats	4.0
1777921498.290437	zeek	counter	zeek_event_handler_invocations_total	name	CaptureLoss::take_measurement	2.0
1777921498.290437	zeek	counter	zeek_event_handler_invocations_total	name	net_stats_update	4.0
1777921498.290437	zeek	counter	zeek_event_handler_invocations_total	name	SumStats::finish_epoch	3.0
1777921498.290437	zeek	counter	zeek_total_sessions_total	protocol	unknown	1.0
1777921498.290437	zeek	counter	zeek_total_sessions_total	protocol	icmp	6.0
1777921498.290437	zeek	counter	zeek_total_sessions_total	protocol	udp	6.0
1777921498.290437	zeek	counter	zeek_total_sessions_total	protocol	tcp	0.0
1777921498.290437	zeek	gauge	zeek_version_info	beta,commit,debug,major,minor,patch,version_number,version_string	false,0,false,8,1,2,80102,8.1.2	1.0
1777921498.290437	zeek	gauge	zeek_net_packet_lag_seconds	(empty)	(empty)	0.00093
1777921498.290437	zeek	gauge	zeek_net_timestamp_seconds	(empty)	(empty)	1777921498.290437
1777921498.290437	zeek	gauge	zeek_msgthread_active_threads	(empty)	(empty)	7.0
1777921498.290437	zeek	gauge	zeek_msgthread_pending_in_messages	(empty)	(empty)	0.0
1777921498.290437	zeek	gauge	zeek_msgthread_pending_out_messages	(empty)	(empty)	0.0
1777921498.290437	zeek	gauge	zeek_msgthread_pending_messages_in_buckets	leq	inf	7.0
1777921498.290437	zeek	gauge	zeek_msgthread_pending_messages_in_buckets	leq	10000	7.0
1777921498.290437	zeek	gauge	zeek_msgthread_pending_messages_in_buckets	leq	1000	7.0
1777921498.290437	zeek	gauge	zeek_msgthread_pending_messages_in_buckets	leq	100	7.0
1777921498.290437	zeek	gauge	zeek_msgthread_pending_messages_in_buckets	leq	10	7.0
1777921498.290437	zeek	gauge	zeek_msgthread_pending_messages_in_buckets	leq	1	7.0
1777921498.290437	zeek	gauge	zeek_msgthread_pending_messages_out_buckets	leq	inf	7.0
1777921498.290437	zeek	gauge	zeek_msgthread_pending_messages_out_buckets	leq	10000	7.0
1777921498.290437	zeek	gauge	zeek_msgthread_pending_messages_out_buckets	leq	1000	7.0
1777921498.290437	zeek	gauge	zeek_msgthread_pending_messages_out_buckets	leq	100	7.0
1777921498.290437	zeek	gauge	zeek_msgthread_pending_messages_out_buckets	leq	10	7.0
1777921498.290437	zeek	gauge	zeek_msgthread_pending_messages_out_buckets	leq	1	7.0
1777921498.290437	zeek	gauge	zeek_broker_peers	(empty)	(empty)	0.0
1777921498.290437	zeek	gauge	zeek_broker_stores	(empty)	(empty)	1.0
1777921498.290437	zeek	gauge	zeek_broker_pending_queries	(empty)	(empty)	0.0
1777921498.290437	zeek	gauge	zeek_timers_lag_time_seconds	(empty)	(empty)	0.00013
1777921498.290437	zeek	gauge	zeek_timers_pending	type	LogDelayExpire	0.0
1777921498.290437	zeek	gauge	zeek_timers_pending	type	ThreadHeartbeat	1.0
1777921498.290437	zeek	gauge	zeek_timers_pending	type	TimerMgrExpireTimer	0.0
1777921498.290437	zeek	gauge	zeek_timers_pending	type	ParentProcessIDCheck	0.0
1777921498.290437	zeek	gauge	zeek_timers_pending	type	FragTimer	0.0
1777921498.290437	zeek	gauge	zeek_timers_pending	type	RotateTimer	0.0
1777921498.290437	zeek	gauge	zeek_timers_pending	type	FlowWeirdTimer	0.0
1777921498.290437	zeek	gauge	zeek_timers_pending	type	FileAnalysisInactivityTimer	0.0
1777921498.290437	zeek	gauge	zeek_timers_pending	type	StorageExpire	1.0
1777921498.290437	zeek	gauge	zeek_timers_pending	type	ConnectionInactivityTimer	0.0
1777921498.290437	zeek	gauge	zeek_timers_pending	type	TCPConnectionExpireTimer	0.0
1777921498.290437	zeek	gauge	zeek_timers_pending	type	ConnectionStatusUpdateTimer	0.0
1777921498.290437	zeek	gauge	zeek_timers_pending	type	LogFlushWriteBufferTimer	1.0
1777921498.290437	zeek	gauge	zeek_timers_pending	type	NetWeirdTimer	0.0
1777921498.290437	zeek	gauge	zeek_timers_pending	type	InterconnTimer	0.0
1777921498.290437	zeek	gauge	zeek_timers_pending	type	IPTunnelInactivityTimer	0.0
1777921498.290437	zeek	gauge	zeek_timers_pending	type	DNSExpireTimer	0.0
1777921498.290437	zeek	gauge	zeek_timers_pending	type	UnknownProtocolExpire	0.0
1777921498.290437	zeek	gauge	zeek_timers_pending	type	ProfileTimer	0.0
1777921498.290437	zeek	gauge	zeek_timers_pending	type	ConnectionExpireTimer	0.0
1777921498.290437	zeek	gauge	zeek_timers_pending	type	BreakpointTimer	0.0
1777921498.290437	zeek	gauge	zeek_timers_pending	type	BackdoorTimer	0.0
1777921498.290437	zeek	gauge	zeek_timers_pending	type	NetbiosExpireTimer	0.0
1777921498.290437	zeek	gauge	zeek_timers_pending	type	NetworkTimer	0.0
1777921498.290437	zeek	gauge	zeek_timers_pending	type	RemoveConnection	0.0
1777921498.290437	zeek	gauge	zeek_timers_pending	type	TCPConnectionResetTimer	0.0
1777921498.290437	zeek	gauge	zeek_timers_pending	type	ConnTupleWeirdTimer	0.0
1777921498.290437	zeek	gauge	zeek_timers_pending	type	TCPConnectionDeleteTimer	0.0
1777921498.290437	zeek	gauge	zeek_timers_pending	type	ScheduleTimer	6.0
1777921498.290437	zeek	gauge	zeek_timers_pending	type	NTPExpireTimer	0.0
1777921498.290437	zeek	gauge	zeek_timers_pending	type	RPCExpireTimer	0.0
1777921498.290437	zeek	gauge	zeek_timers_pending	type	ConnectionDeleteTimer	0.0
1777921498.290437	zeek	gauge	zeek_timers_pending	type	TriggerTimer	0.0
1777921498.290437	zeek	gauge	zeek_timers_pending	type	TableValTimer	34.0
1777921498.290437	zeek	gauge	zeek_timers_pending	type	TCPConnectionAttemptTimer	0.0
1777921498.290437	zeek	gauge	zeek_timers_pending	type	TCPConnectionPartialClose	0.0
1777921498.290437	zeek	gauge	zeek_dnsmgr_pending_asyncs_requests	(empty)	(empty)	0.0
1777921498.290437	zeek	gauge	zeek_dnsmgr_cache_entries	type	text	0.0
1777921498.290437	zeek	gauge	zeek_dnsmgr_cache_entries	type	address	0.0
1777921498.290437	zeek	gauge	zeek_dnsmgr_cache_entries	type	host	0.0
1777921498.290437	zeek	gauge	zeek_pending_triggers	(empty)	(empty)	0.0
1777921498.290437	zeek	gauge	zeek_active_sessions	protocol	unknown	0.0
1777921498.290437	zeek	gauge	zeek_active_sessions	protocol	icmp	0.0
1777921498.290437	zeek	gauge	zeek_active_sessions	protocol	udp	0.0
1777921498.290437	zeek	gauge	zeek_active_sessions	protocol	tcp	0.0
1777921558.290610	zeek	counter	process_cpu_user_seconds_total	(empty)	(empty)	1.73
1777921558.290610	zeek	counter	process_cpu_system_seconds_total	(empty)	(empty)	0.81
1777921558.290610	zeek	gauge	process_resident_memory_bytes	(empty)	(empty)	284684288.0
1777921558.290610	zeek	gauge	process_virtual_memory_bytes	(empty)	(empty)	1543462912.0
1777921558.290610	zeek	gauge	process_open_fds	(empty)	(empty)	43.0
1777921558.290610	zeek	gauge	process_start_time_seconds	(empty)	(empty)	1777920597.582311
1777921558.290610	zeek	counter	zeek_log_stream_writes_total	module,stream	Conn,Conn::LOG	13.0
1777921558.290610	zeek	counter	zeek_log_stream_writes_total	module,stream	CaptureLoss,CaptureLoss::LOG	2.0
1777921558.290610	zeek	counter	zeek_log_stream_writes_total	module,stream	Notice,Notice::LOG	2.0
1777921558.290610	zeek	counter	zeek_log_stream_writes_total	module,stream	Stats,Stats::LOG	4.0
1777921558.290610	zeek	counter	zeek_log_stream_writes_total	module,stream	Telemetry,Telemetry::LOG	2313.0
1777921558.290610	zeek	counter	zeek_log_stream_writes_total	module,stream	LoadedScripts,LoadedScripts::LOG	538.0
1777921558.290610	zeek	counter	zeek_log_stream_writes_total	module,stream	PacketFilter,PacketFilter::LOG	1.0
1777921558.290610	zeek	counter	zeek_log_writer_writes_total	filter_name,module,path,stream,writer	default,Conn,conn,Conn::LOG,Log::WRITER_ASCII	13.0
1777921558.290610	zeek	counter	zeek_log_writer_writes_total	filter_name,module,path,stream,writer	default,CaptureLoss,capture_loss,CaptureLoss::LOG,Log::WRITER_ASCII	2.0
1777921558.290610	zeek	counter	zeek_log_writer_writes_total	filter_name,module,path,stream,writer	default,Notice,notice,Notice::LOG,Log::WRITER_ASCII	2.0
1777921558.290610	zeek	counter	zeek_log_writer_writes_total	filter_name,module,path,stream,writer	default,Stats,stats,Stats::LOG,Log::WRITER_ASCII	4.0
1777921558.290610	zeek	counter	zeek_log_writer_writes_total	filter_name,module,path,stream,writer	default,Telemetry,telemetry,Telemetry::LOG,Log::WRITER_ASCII	2313.0
1777921558.290610	zeek	counter	zeek_log_writer_writes_total	filter_name,module,path,stream,writer	default,LoadedScripts,loaded_scripts,LoadedScripts::LOG,Log::WRITER_ASCII	538.0
1777921558.290610	zeek	counter	zeek_log_writer_writes_total	filter_name,module,path,stream,writer	default,PacketFilter,packet_filter,PacketFilter::LOG,Log::WRITER_ASCII	1.0
1777921558.290610	zeek	counter	zeek_log_writer_discarded_writes_total	filter_name,module,path,stream,writer	default,Conn,conn,Conn::LOG,Log::WRITER_ASCII	0.0
1777921558.290610	zeek	counter	zeek_log_writer_discarded_writes_total	filter_name,module,path,stream,writer	default,CaptureLoss,capture_loss,CaptureLoss::LOG,Log::WRITER_ASCII	0.0
1777921558.290610	zeek	counter	zeek_log_writer_discarded_writes_total	filter_name,module,path,stream,writer	default,Notice,notice,Notice::LOG,Log::WRITER_ASCII	0.0
1777921558.290610	zeek	counter	zeek_log_writer_discarded_writes_total	filter_name,module,path,stream,writer	default,Stats,stats,Stats::LOG,Log::WRITER_ASCII	0.0
1777921558.290610	zeek	counter	zeek_log_writer_discarded_writes_total	filter_name,module,path,stream,writer	default,Telemetry,telemetry,Telemetry::LOG,Log::WRITER_ASCII	0.0
1777921558.290610	zeek	counter	zeek_log_writer_discarded_writes_total	filter_name,module,path,stream,writer	default,LoadedScripts,loaded_scripts,LoadedScripts::LOG,Log::WRITER_ASCII	0.0
1777921558.290610	zeek	counter	zeek_log_writer_discarded_writes_total	filter_name,module,path,stream,writer	default,PacketFilter,packet_filter,PacketFilter::LOG,Log::WRITER_ASCII	0.0
1777921558.290610	zeek	counter	zeek_log_writer_truncated_string_fields_total	filter_name,module,path,stream,writer	default,Conn,conn,Conn::LOG,Log::WRITER_ASCII	0.0
1777921558.290610	zeek	counter	zeek_log_writer_truncated_string_fields_total	filter_name,module,path,stream,writer	default,CaptureLoss,capture_loss,CaptureLoss::LOG,Log::WRITER_ASCII	0.0
1777921558.290610	zeek	counter	zeek_log_writer_truncated_string_fields_total	filter_name,module,path,stream,writer	default,Notice,notice,Notice::LOG,Log::WRITER_ASCII	0.0
1777921558.290610	zeek	counter	zeek_log_writer_truncated_string_fields_total	filter_name,module,path,stream,writer	default,Stats,stats,Stats::LOG,Log::WRITER_ASCII	0.0
1777921558.290610	zeek	counter	zeek_log_writer_truncated_string_fields_total	filter_name,module,path,stream,writer	default,Telemetry,telemetry,Telemetry::LOG,Log::WRITER_ASCII	0.0
1777921558.290610	zeek	counter	zeek_log_writer_truncated_string_fields_total	filter_name,module,path,stream,writer	default,LoadedScripts,loaded_scripts,LoadedScripts::LOG,Log::WRITER_ASCII	0.0
1777921558.290610	zeek	counter	zeek_log_writer_truncated_string_fields_total	filter_name,module,path,stream,writer	default,PacketFilter,packet_filter,PacketFilter::LOG,Log::WRITER_ASCII	0.0
1777921558.290610	zeek	counter	zeek_log_writer_truncated_containers_total	filter_name,module,path,stream,writer	default,Conn,conn,Conn::LOG,Log::WRITER_ASCII	0.0
1777921558.290610	zeek	counter	zeek_log_writer_truncated_containers_total	filter_name,module,path,stream,writer	default,CaptureLoss,capture_loss,CaptureLoss::LOG,Log::WRITER_ASCII	0.0
1777921558.290610	zeek	counter	zeek_log_writer_truncated_containers_total	filter_name,module,path,stream,writer	default,Notice,notice,Notice::LOG,Log::WRITER_ASCII	0.0
1777921558.290610	zeek	counter	zeek_log_writer_truncated_containers_total	filter_name,module,path,stream,writer	default,Stats,stats,Stats::LOG,Log::WRITER_ASCII	0.0
1777921558.290610	zeek	counter	zeek_log_writer_truncated_containers_total	filter_name,module,path,stream,writer	default,Telemetry,telemetry,Telemetry::LOG,Log::WRITER_ASCII	0.0
1777921558.290610	zeek	counter	zeek_log_writer_truncated_containers_total	filter_name,module,path,stream,writer	default,LoadedScripts,loaded_scripts,LoadedScripts::LOG,Log::WRITER_ASCII	0.0
1777921558.290610	zeek	counter	zeek_log_writer_truncated_containers_total	filter_name,module,path,stream,writer	default,PacketFilter,packet_filter,PacketFilter::LOG,Log::WRITER_ASCII	0.0
1777921558.290610	zeek	counter	zeek_net_received_bytes_total	(empty)	(empty)	4963.0
1777921558.290610	zeek	counter	zeek_net_received_packets_total	(empty)	(empty)	37.0
1777921558.290610	zeek	counter	zeek_net_dropped_packets_total	(empty)	(empty)	0.0
1777921558.290610	zeek	counter	zeek_net_link_packets_total	(empty)	(empty)	37.0
1777921558.290610	zeek	counter	zeek_msgthread_threads_total	(empty)	(empty)	7.0
1777921558.290610	zeek	counter	zeek_msgthread_in_messages_total	(empty)	(empty)	38.0
1777921558.290610	zeek	counter	zeek_msgthread_out_messages_total	(empty)	(empty)	0.0
1777921558.290610	zeek	counter	zeek_cluster_core_outgoing_events_total	(empty)	(empty)	0.0
1777921558.290610	zeek	counter	zeek_cluster_core_incoming_events_total	(empty)	(empty)	0.0
1777921558.290610	zeek	counter	zeek_broker_incoming_events_total	(empty)	(empty)	0.0
1777921558.290610	zeek	counter	zeek_broker_outgoing_events_total	(empty)	(empty)	0.0
1777921558.290610	zeek	counter	zeek_broker_incoming_logs_total	(empty)	(empty)	0.0
1777921558.290610	zeek	counter	zeek_broker_outgoing_logs_total	(empty)	(empty)	0.0
1777921558.290610	zeek	counter	zeek_broker_incoming_ids_total	(empty)	(empty)	0.0
1777921558.290610	zeek	counter	zeek_broker_outgoing_ids_total	(empty)	(empty)	0.0
1777921558.290610	zeek	counter	zeek_timers_total	(empty)	(empty)	6345.0
1777921558.290610	zeek	counter	zeek_dnsmgr_requests_total	(empty)	(empty)	0.0
1777921558.290610	zeek	counter	zeek_dnsmgr_successful_requests_total	(empty)	(empty)	0.0
1777921558.290610	zeek	counter	zeek_dnsmgr_failed_requests_total	(empty)	(empty)	0.0
1777921558.290610	zeek	counter	zeek_triggers_total	(empty)	(empty)	0.0
1777921558.290610	zeek	counter	zeek_ended_sessions_total	reason	inactivity	13.0
1777921558.290610	zeek	counter	zeek_event_handler_invocations_total	name	connection_state_remove	13.0
1777921558.290610	zeek	counter	zeek_event_handler_invocations_total	name	zeek_init	1.0
1777921558.290610	zeek	counter	zeek_event_handler_invocations_total	name	Telemetry::log	17.0
1777921558.290610	zeek	counter	zeek_event_handler_invocations_total	name	NetControl::init	1.0
1777921558.290610	zeek	counter	zeek_event_handler_invocations_total	name	ChecksumOffloading::check	2.0
1777921558.290610	zeek	counter	zeek_event_handler_invocations_total	name	grab_vulnerable_versions	2.0
1777921558.290610	zeek	counter	zeek_event_handler_invocations_total	name	filter_change_tracking	5.0
1777921558.290610	zeek	counter	zeek_event_handler_invocations_total	name	Broker::log_flush	959.0
1777921558.290610	zeek	counter	zeek_event_handler_invocations_total	name	zeek_script_loaded	538.0
1777921558.290610	zeek	counter	zeek_event_handler_invocations_total	name	new_connection	14.0
1777921558.290610	zeek	counter	zeek_event_handler_invocations_total	name	check_stats	4.0
1777921558.290610	zeek	counter	zeek_event_handler_invocations_total	name	CaptureLoss::take_measurement	3.0
1777921558.290610	zeek	counter	zeek_event_handler_invocations_total	name	net_stats_update	4.0
1777921558.290610	zeek	counter	zeek_event_handler_invocations_total	name	SumStats::finish_epoch	3.0
1777921558.290610	zeek	counter	zeek_total_sessions_total	protocol	unknown	1.0
1777921558.290610	zeek	counter	zeek_total_sessions_total	protocol	icmp	7.0
1777921558.290610	zeek	counter	zeek_total_sessions_total	protocol	udp	6.0
1777921558.290610	zeek	counter	zeek_total_sessions_total	protocol	tcp	0.0
1777921558.290610	zeek	gauge	zeek_version_info	beta,commit,debug,major,minor,patch,version_number,version_string	false,0,false,8,1,2,80102,8.1.2	1.0
1777921558.290610	zeek	gauge	zeek_net_packet_lag_seconds	(empty)	(empty)	0.00251
1777921558.290610	zeek	gauge	zeek_net_timestamp_seconds	(empty)	(empty)	1777921558.29061
1777921558.290610	zeek	gauge	zeek_msgthread_active_threads	(empty)	(empty)	7.0
1777921558.290610	zeek	gauge	zeek_msgthread_pending_in_messages	(empty)	(empty)	0.0
1777921558.290610	zeek	gauge	zeek_msgthread_pending_out_messages	(empty)	(empty)	0.0
1777921558.290610	zeek	gauge	zeek_msgthread_pending_messages_in_buckets	leq	inf	7.0
1777921558.290610	zeek	gauge	zeek_msgthread_pending_messages_in_buckets	leq	10000	7.0
1777921558.290610	zeek	gauge	zeek_msgthread_pending_messages_in_buckets	leq	1000	7.0
1777921558.290610	zeek	gauge	zeek_msgthread_pending_messages_in_buckets	leq	100	7.0
1777921558.290610	zeek	gauge	zeek_msgthread_pending_messages_in_buckets	leq	10	7.0
1777921558.290610	zeek	gauge	zeek_msgthread_pending_messages_in_buckets	leq	1	7.0
1777921558.290610	zeek	gauge	zeek_msgthread_pending_messages_out_buckets	leq	inf	7.0
1777921558.290610	zeek	gauge	zeek_msgthread_pending_messages_out_buckets	leq	10000	7.0
1777921558.290610	zeek	gauge	zeek_msgthread_pending_messages_out_buckets	leq	1000	7.0
1777921558.290610	zeek	gauge	zeek_msgthread_pending_messages_out_buckets	leq	100	7.0
1777921558.290610	zeek	gauge	zeek_msgthread_pending_messages_out_buckets	leq	10	7.0
1777921558.290610	zeek	gauge	zeek_msgthread_pending_messages_out_buckets	leq	1	7.0
1777921558.290610	zeek	gauge	zeek_broker_peers	(empty)	(empty)	0.0
1777921558.290610	zeek	gauge	zeek_broker_stores	(empty)	(empty)	1.0
1777921558.290610	zeek	gauge	zeek_broker_pending_queries	(empty)	(empty)	0.0
1777921558.290610	zeek	gauge	zeek_timers_lag_time_seconds	(empty)	(empty)	0.000173
1777921558.290610	zeek	gauge	zeek_timers_pending	type	LogDelayExpire	0.0
1777921558.290610	zeek	gauge	zeek_timers_pending	type	ThreadHeartbeat	1.0
1777921558.290610	zeek	gauge	zeek_timers_pending	type	TimerMgrExpireTimer	0.0
1777921558.290610	zeek	gauge	zeek_timers_pending	type	ParentProcessIDCheck	0.0
1777921558.290610	zeek	gauge	zeek_timers_pending	type	FragTimer	0.0
1777921558.290610	zeek	gauge	zeek_timers_pending	type	RotateTimer	0.0
1777921558.290610	zeek	gauge	zeek_timers_pending	type	FlowWeirdTimer	0.0
1777921558.290610	zeek	gauge	zeek_timers_pending	type	FileAnalysisInactivityTimer	0.0
1777921558.290610	zeek	gauge	zeek_timers_pending	type	StorageExpire	1.0
1777921558.290610	zeek	gauge	zeek_timers_pending	type	ConnectionInactivityTimer	1.0
1777921558.290610	zeek	gauge	zeek_timers_pending	type	TCPConnectionExpireTimer	0.0
1777921558.290610	zeek	gauge	zeek_timers_pending	type	ConnectionStatusUpdateTimer	0.0
1777921558.290610	zeek	gauge	zeek_timers_pending	type	LogFlushWriteBufferTimer	1.0
1777921558.290610	zeek	gauge	zeek_timers_pending	type	NetWeirdTimer	0.0
1777921558.290610	zeek	gauge	zeek_timers_pending	type	InterconnTimer	0.0
1777921558.290610	zeek	gauge	zeek_timers_pending	type	IPTunnelInactivityTimer	0.0
1777921558.290610	zeek	gauge	zeek_timers_pending	type	DNSExpireTimer	0.0
1777921558.290610	zeek	gauge	zeek_timers_pending	type	UnknownProtocolExpire	0.0
1777921558.290610	zeek	gauge	zeek_timers_pending	type	ProfileTimer	0.0
1777921558.290610	zeek	gauge	zeek_timers_pending	type	ConnectionExpireTimer	0.0
1777921558.290610	zeek	gauge	zeek_timers_pending	type	BreakpointTimer	0.0
1777921558.290610	zeek	gauge	zeek_timers_pending	type	BackdoorTimer	0.0
1777921558.290610	zeek	gauge	zeek_timers_pending	type	NetbiosExpireTimer	0.0
1777921558.290610	zeek	gauge	zeek_timers_pending	type	NetworkTimer	0.0
1777921558.290610	zeek	gauge	zeek_timers_pending	type	RemoveConnection	0.0
1777921558.290610	zeek	gauge	zeek_timers_pending	type	TCPConnectionResetTimer	0.0
1777921558.290610	zeek	gauge	zeek_timers_pending	type	ConnTupleWeirdTimer	0.0
1777921558.290610	zeek	gauge	zeek_timers_pending	type	TCPConnectionDeleteTimer	0.0
1777921558.290610	zeek	gauge	zeek_timers_pending	type	ScheduleTimer	6.0
1777921558.290610	zeek	gauge	zeek_timers_pending	type	NTPExpireTimer	0.0
1777921558.290610	zeek	gauge	zeek_timers_pending	type	RPCExpireTimer	0.0
1777921558.290610	zeek	gauge	zeek_timers_pending	type	ConnectionDeleteTimer	0.0
1777921558.290610	zeek	gauge	zeek_timers_pending	type	TriggerTimer	0.0
1777921558.290610	zeek	gauge	zeek_timers_pending	type	TableValTimer	34.0
1777921558.290610	zeek	gauge	zeek_timers_pending	type	TCPConnectionAttemptTimer	0.0
1777921558.290610	zeek	gauge	zeek_timers_pending	type	TCPConnectionPartialClose	0.0
1777921558.290610	zeek	gauge	zeek_dnsmgr_pending_asyncs_requests	(empty)	(empty)	0.0
1777921558.290610	zeek	gauge	zeek_dnsmgr_cache_entries	type	text	0.0
1777921558.290610	zeek	gauge	zeek_dnsmgr_cache_entries	type	address	0.0
1777921558.290610	zeek	gauge	zeek_dnsmgr_cache_entries	type	host	0.0
1777921558.290610	zeek	gauge	zeek_pending_triggers	(empty)	(empty)	0.0
1777921558.290610	zeek	gauge	zeek_active_sessions	protocol	unknown	0.0
1777921558.290610	zeek	gauge	zeek_active_sessions	protocol	icmp	1.0
1777921558.290610	zeek	gauge	zeek_active_sessions	protocol	udp	0.0
1777921558.290610	zeek	gauge	zeek_active_sessions	protocol	tcp	0.0
1777921618.291616	zeek	counter	process_cpu_user_seconds_total	(empty)	(empty)	1.81
1777921618.291616	zeek	counter	process_cpu_system_seconds_total	(empty)	(empty)	0.87
1777921618.291616	zeek	gauge	process_resident_memory_bytes	(empty)	(empty)	284684288.0
1777921618.291616	zeek	gauge	process_virtual_memory_bytes	(empty)	(empty)	1543462912.0
1777921618.291616	zeek	gauge	process_open_fds	(empty)	(empty)	43.0
1777921618.291616	zeek	gauge	process_start_time_seconds	(empty)	(empty)	1777920597.582311
1777921618.291616	zeek	counter	zeek_log_stream_writes_total	module,stream	Conn,Conn::LOG	14.0
1777921618.291616	zeek	counter	zeek_log_stream_writes_total	module,stream	CaptureLoss,CaptureLoss::LOG	2.0
1777921618.291616	zeek	counter	zeek_log_stream_writes_total	module,stream	Notice,Notice::LOG	2.0
1777921618.291616	zeek	counter	zeek_log_stream_writes_total	module,stream	Stats,Stats::LOG	4.0
1777921618.291616	zeek	counter	zeek_log_stream_writes_total	module,stream	Telemetry,Telemetry::LOG	2460.0
1777921618.291616	zeek	counter	zeek_log_stream_writes_total	module,stream	LoadedScripts,LoadedScripts::LOG	538.0
1777921618.291616	zeek	counter	zeek_log_stream_writes_total	module,stream	PacketFilter,PacketFilter::LOG	1.0
1777921618.291616	zeek	counter	zeek_log_writer_writes_total	filter_name,module,path,stream,writer	default,Conn,conn,Conn::LOG,Log::WRITER_ASCII	14.0
1777921618.291616	zeek	counter	zeek_log_writer_writes_total	filter_name,module,path,stream,writer	default,CaptureLoss,capture_loss,CaptureLoss::LOG,Log::WRITER_ASCII	2.0
1777921618.291616	zeek	counter	zeek_log_writer_writes_total	filter_name,module,path,stream,writer	default,Notice,notice,Notice::LOG,Log::WRITER_ASCII	2.0
1777921618.291616	zeek	counter	zeek_log_writer_writes_total	filter_name,module,path,stream,writer	default,Stats,stats,Stats::LOG,Log::WRITER_ASCII	4.0
1777921618.291616	zeek	counter	zeek_log_writer_writes_total	filter_name,module,path,stream,writer	default,Telemetry,telemetry,Telemetry::LOG,Log::WRITER_ASCII	2460.0
1777921618.291616	zeek	counter	zeek_log_writer_writes_total	filter_name,module,path,stream,writer	default,LoadedScripts,loaded_scripts,LoadedScripts::LOG,Log::WRITER_ASCII	538.0
1777921618.291616	zeek	counter	zeek_log_writer_writes_total	filter_name,module,path,stream,writer	default,PacketFilter,packet_filter,PacketFilter::LOG,Log::WRITER_ASCII	1.0
1777921618.291616	zeek	counter	zeek_log_writer_discarded_writes_total	filter_name,module,path,stream,writer	default,Conn,conn,Conn::LOG,Log::WRITER_ASCII	0.0
1777921618.291616	zeek	counter	zeek_log_writer_discarded_writes_total	filter_name,module,path,stream,writer	default,CaptureLoss,capture_loss,CaptureLoss::LOG,Log::WRITER_ASCII	0.0
1777921618.291616	zeek	counter	zeek_log_writer_discarded_writes_total	filter_name,module,path,stream,writer	default,Notice,notice,Notice::LOG,Log::WRITER_ASCII	0.0
1777921618.291616	zeek	counter	zeek_log_writer_discarded_writes_total	filter_name,module,path,stream,writer	default,Stats,stats,Stats::LOG,Log::WRITER_ASCII	0.0
1777921618.291616	zeek	counter	zeek_log_writer_discarded_writes_total	filter_name,module,path,stream,writer	default,Telemetry,telemetry,Telemetry::LOG,Log::WRITER_ASCII	0.0
1777921618.291616	zeek	counter	zeek_log_writer_discarded_writes_total	filter_name,module,path,stream,writer	default,LoadedScripts,loaded_scripts,LoadedScripts::LOG,Log::WRITER_ASCII	0.0
1777921618.291616	zeek	counter	zeek_log_writer_discarded_writes_total	filter_name,module,path,stream,writer	default,PacketFilter,packet_filter,PacketFilter::LOG,Log::WRITER_ASCII	0.0
1777921618.291616	zeek	counter	zeek_log_writer_truncated_string_fields_total	filter_name,module,path,stream,writer	default,Conn,conn,Conn::LOG,Log::WRITER_ASCII	0.0
1777921618.291616	zeek	counter	zeek_log_writer_truncated_string_fields_total	filter_name,module,path,stream,writer	default,CaptureLoss,capture_loss,CaptureLoss::LOG,Log::WRITER_ASCII	0.0
1777921618.291616	zeek	counter	zeek_log_writer_truncated_string_fields_total	filter_name,module,path,stream,writer	default,Notice,notice,Notice::LOG,Log::WRITER_ASCII	0.0
1777921618.291616	zeek	counter	zeek_log_writer_truncated_string_fields_total	filter_name,module,path,stream,writer	default,Stats,stats,Stats::LOG,Log::WRITER_ASCII	0.0
1777921618.291616	zeek	counter	zeek_log_writer_truncated_string_fields_total	filter_name,module,path,stream,writer	default,Telemetry,telemetry,Telemetry::LOG,Log::WRITER_ASCII	0.0
1777921618.291616	zeek	counter	zeek_log_writer_truncated_string_fields_total	filter_name,module,path,stream,writer	default,LoadedScripts,loaded_scripts,LoadedScripts::LOG,Log::WRITER_ASCII	0.0
1777921618.291616	zeek	counter	zeek_log_writer_truncated_string_fields_total	filter_name,module,path,stream,writer	default,PacketFilter,packet_filter,PacketFilter::LOG,Log::WRITER_ASCII	0.0
1777921618.291616	zeek	counter	zeek_log_writer_truncated_containers_total	filter_name,module,path,stream,writer	default,Conn,conn,Conn::LOG,Log::WRITER_ASCII	0.0
1777921618.291616	zeek	counter	zeek_log_writer_truncated_containers_total	filter_name,module,path,stream,writer	default,CaptureLoss,capture_loss,CaptureLoss::LOG,Log::WRITER_ASCII	0.0
1777921618.291616	zeek	counter	zeek_log_writer_truncated_containers_total	filter_name,module,path,stream,writer	default,Notice,notice,Notice::LOG,Log::WRITER_ASCII	0.0
1777921618.291616	zeek	counter	zeek_log_writer_truncated_containers_total	filter_name,module,path,stream,writer	default,Stats,stats,Stats::LOG,Log::WRITER_ASCII	0.0
1777921618.291616	zeek	counter	zeek_log_writer_truncated_containers_total	filter_name,module,path,stream,writer	default,Telemetry,telemetry,Telemetry::LOG,Log::WRITER_ASCII	0.0
1777921618.291616	zeek	counter	zeek_log_writer_truncated_containers_total	filter_name,module,path,stream,writer	default,LoadedScripts,loaded_scripts,LoadedScripts::LOG,Log::WRITER_ASCII	0.0
1777921618.291616	zeek	counter	zeek_log_writer_truncated_containers_total	filter_name,module,path,stream,writer	default,PacketFilter,packet_filter,PacketFilter::LOG,Log::WRITER_ASCII	0.0
1777921618.291616	zeek	counter	zeek_net_received_bytes_total	(empty)	(empty)	4963.0
1777921618.291616	zeek	counter	zeek_net_received_packets_total	(empty)	(empty)	37.0
1777921618.291616	zeek	counter	zeek_net_dropped_packets_total	(empty)	(empty)	0.0
1777921618.291616	zeek	counter	zeek_net_link_packets_total	(empty)	(empty)	37.0
1777921618.291616	zeek	counter	zeek_msgthread_threads_total	(empty)	(empty)	7.0
1777921618.291616	zeek	counter	zeek_msgthread_in_messages_total	(empty)	(empty)	42.0
1777921618.291616	zeek	counter	zeek_msgthread_out_messages_total	(empty)	(empty)	0.0
1777921618.291616	zeek	counter	zeek_cluster_core_outgoing_events_total	(empty)	(empty)	0.0
1777921618.291616	zeek	counter	zeek_cluster_core_incoming_events_total	(empty)	(empty)	0.0
1777921618.291616	zeek	counter	zeek_broker_incoming_events_total	(empty)	(empty)	0.0
1777921618.291616	zeek	counter	zeek_broker_outgoing_events_total	(empty)	(empty)	0.0
1777921618.291616	zeek	counter	zeek_broker_incoming_logs_total	(empty)	(empty)	0.0
1777921618.291616	zeek	counter	zeek_broker_outgoing_logs_total	(empty)	(empty)	0.0
1777921618.291616	zeek	counter	zeek_broker_incoming_ids_total	(empty)	(empty)	0.0
1777921618.291616	zeek	counter	zeek_broker_outgoing_ids_total	(empty)	(empty)	0.0
1777921618.291616	zeek	counter	zeek_timers_total	(empty)	(empty)	6734.0
1777921618.291616	zeek	counter	zeek_dnsmgr_requests_total	(empty)	(empty)	0.0
1777921618.291616	zeek	counter	zeek_dnsmgr_successful_requests_total	(empty)	(empty)	0.0
1777921618.291616	zeek	counter	zeek_dnsmgr_failed_requests_total	(empty)	(empty)	0.0
1777921618.291616	zeek	counter	zeek_triggers_total	(empty)	(empty)	0.0
1777921618.291616	zeek	counter	zeek_ended_sessions_total	reason	inactivity	14.0
1777921618.291616	zeek	counter	zeek_event_handler_invocations_total	name	connection_state_remove	14.0
1777921618.291616	zeek	counter	zeek_event_handler_invocations_total	name	zeek_init	1.0
1777921618.291616	zeek	counter	zeek_event_handler_invocations_total	name	Telemetry::log	18.0
1777921618.291616	zeek	counter	zeek_event_handler_invocations_total	name	NetControl::init	1.0
1777921618.291616	zeek	counter	zeek_event_handler_invocations_total	name	ChecksumOffloading::check	2.0
1777921618.291616	zeek	counter	zeek_event_handler_invocations_total	name	grab_vulnerable_versions	2.0
1777921618.291616	zeek	counter	zeek_event_handler_invocations_total	name	filter_change_tracking	5.0
1777921618.291616	zeek	counter	zeek_event_handler_invocations_total	name	Broker::log_flush	1019.0
1777921618.291616	zeek	counter	zeek_event_handler_invocations_total	name	zeek_script_loaded	538.0
1777921618.291616	zeek	counter	zeek_event_handler_invocations_total	name	new_connection	14.0
1777921618.291616	zeek	counter	zeek_event_handler_invocations_total	name	check_stats	4.0
1777921618.291616	zeek	counter	zeek_event_handler_invocations_total	name	CaptureLoss::take_measurement	3.0
1777921618.291616	zeek	counter	zeek_event_handler_invocations_total	name	net_stats_update	4.0
1777921618.291616	zeek	counter	zeek_event_handler_invocations_total	name	SumStats::finish_epoch	3.0
1777921618.291616	zeek	counter	zeek_total_sessions_total	protocol	unknown	1.0
1777921618.291616	zeek	counter	zeek_total_sessions_total	protocol	icmp	7.0
1777921618.291616	zeek	counter	zeek_total_sessions_total	protocol	udp	6.0
1777921618.291616	zeek	counter	zeek_total_sessions_total	protocol	tcp	0.0
1777921618.291616	zeek	gauge	zeek_version_info	beta,commit,debug,major,minor,patch,version_number,version_string	false,0,false,8,1,2,80102,8.1.2	1.0
1777921618.291616	zeek	gauge	zeek_net_packet_lag_seconds	(empty)	(empty)	0.002477
1777921618.291616	zeek	gauge	zeek_net_timestamp_seconds	(empty)	(empty)	1777921618.291616
1777921618.291616	zeek	gauge	zeek_msgthread_active_threads	(empty)	(empty)	7.0
1777921618.291616	zeek	gauge	zeek_msgthread_pending_in_messages	(empty)	(empty)	0.0
1777921618.291616	zeek	gauge	zeek_msgthread_pending_out_messages	(empty)	(empty)	0.0
1777921618.291616	zeek	gauge	zeek_msgthread_pending_messages_in_buckets	leq	inf	7.0
1777921618.291616	zeek	gauge	zeek_msgthread_pending_messages_in_buckets	leq	10000	7.0
1777921618.291616	zeek	gauge	zeek_msgthread_pending_messages_in_buckets	leq	1000	7.0
1777921618.291616	zeek	gauge	zeek_msgthread_pending_messages_in_buckets	leq	100	7.0
1777921618.291616	zeek	gauge	zeek_msgthread_pending_messages_in_buckets	leq	10	7.0
1777921618.291616	zeek	gauge	zeek_msgthread_pending_messages_in_buckets	leq	1	7.0
1777921618.291616	zeek	gauge	zeek_msgthread_pending_messages_out_buckets	leq	inf	7.0
1777921618.291616	zeek	gauge	zeek_msgthread_pending_messages_out_buckets	leq	10000	7.0
1777921618.291616	zeek	gauge	zeek_msgthread_pending_messages_out_buckets	leq	1000	7.0
1777921618.291616	zeek	gauge	zeek_msgthread_pending_messages_out_buckets	leq	100	7.0
1777921618.291616	zeek	gauge	zeek_msgthread_pending_messages_out_buckets	leq	10	7.0
1777921618.291616	zeek	gauge	zeek_msgthread_pending_messages_out_buckets	leq	1	7.0
1777921618.291616	zeek	gauge	zeek_broker_peers	(empty)	(empty)	0.0
1777921618.291616	zeek	gauge	zeek_broker_stores	(empty)	(empty)	1.0
1777921618.291616	zeek	gauge	zeek_broker_pending_queries	(empty)	(empty)	0.0
1777921618.291616	zeek	gauge	zeek_timers_lag_time_seconds	(empty)	(empty)	0.001006
1777921618.291616	zeek	gauge	zeek_timers_pending	type	LogDelayExpire	0.0
1777921618.291616	zeek	gauge	zeek_timers_pending	type	ThreadHeartbeat	1.0
1777921618.291616	zeek	gauge	zeek_timers_pending	type	TimerMgrExpireTimer	0.0
1777921618.291616	zeek	gauge	zeek_timers_pending	type	ParentProcessIDCheck	0.0
1777921618.291616	zeek	gauge	zeek_timers_pending	type	FragTimer	0.0
1777921618.291616	zeek	gauge	zeek_timers_pending	type	RotateTimer	0.0
1777921618.291616	zeek	gauge	zeek_timers_pending	type	FlowWeirdTimer	0.0
1777921618.291616	zeek	gauge	zeek_timers_pending	type	FileAnalysisInactivityTimer	0.0
1777921618.291616	zeek	gauge	zeek_timers_pending	type	StorageExpire	1.0
1777921618.291616	zeek	gauge	zeek_timers_pending	type	ConnectionInactivityTimer	0.0
1777921618.291616	zeek	gauge	zeek_timers_pending	type	TCPConnectionExpireTimer	0.0
1777921618.291616	zeek	gauge	zeek_timers_pending	type	ConnectionStatusUpdateTimer	0.0
1777921618.291616	zeek	gauge	zeek_timers_pending	type	LogFlushWriteBufferTimer	1.0
1777921618.291616	zeek	gauge	zeek_timers_pending	type	NetWeirdTimer	0.0
1777921618.291616	zeek	gauge	zeek_timers_pending	type	InterconnTimer	0.0
1777921618.291616	zeek	gauge	zeek_timers_pending	type	IPTunnelInactivityTimer	0.0
1777921618.291616	zeek	gauge	zeek_timers_pending	type	DNSExpireTimer	0.0
1777921618.291616	zeek	gauge	zeek_timers_pending	type	UnknownProtocolExpire	0.0
1777921618.291616	zeek	gauge	zeek_timers_pending	type	ProfileTimer	0.0
1777921618.291616	zeek	gauge	zeek_timers_pending	type	ConnectionExpireTimer	0.0
1777921618.291616	zeek	gauge	zeek_timers_pending	type	BreakpointTimer	0.0
1777921618.291616	zeek	gauge	zeek_timers_pending	type	BackdoorTimer	0.0
1777921618.291616	zeek	gauge	zeek_timers_pending	type	NetbiosExpireTimer	0.0
1777921618.291616	zeek	gauge	zeek_timers_pending	type	NetworkTimer	0.0
1777921618.291616	zeek	gauge	zeek_timers_pending	type	RemoveConnection	0.0
1777921618.291616	zeek	gauge	zeek_timers_pending	type	TCPConnectionResetTimer	0.0
1777921618.291616	zeek	gauge	zeek_timers_pending	type	ConnTupleWeirdTimer	0.0
1777921618.291616	zeek	gauge	zeek_timers_pending	type	TCPConnectionDeleteTimer	0.0
1777921618.291616	zeek	gauge	zeek_timers_pending	type	ScheduleTimer	6.0
1777921618.291616	zeek	gauge	zeek_timers_pending	type	NTPExpireTimer	0.0
1777921618.291616	zeek	gauge	zeek_timers_pending	type	RPCExpireTimer	0.0
1777921618.291616	zeek	gauge	zeek_timers_pending	type	ConnectionDeleteTimer	0.0
1777921618.291616	zeek	gauge	zeek_timers_pending	type	TriggerTimer	0.0
1777921618.291616	zeek	gauge	zeek_timers_pending	type	TableValTimer	34.0
1777921618.291616	zeek	gauge	zeek_timers_pending	type	TCPConnectionAttemptTimer	0.0
1777921618.291616	zeek	gauge	zeek_timers_pending	type	TCPConnectionPartialClose	0.0
1777921618.291616	zeek	gauge	zeek_dnsmgr_pending_asyncs_requests	(empty)	(empty)	0.0
1777921618.291616	zeek	gauge	zeek_dnsmgr_cache_entries	type	text	0.0
1777921618.291616	zeek	gauge	zeek_dnsmgr_cache_entries	type	address	0.0
1777921618.291616	zeek	gauge	zeek_dnsmgr_cache_entries	type	host	0.0
1777921618.291616	zeek	gauge	zeek_pending_triggers	(empty)	(empty)	0.0
1777921618.291616	zeek	gauge	zeek_active_sessions	protocol	unknown	0.0
1777921618.291616	zeek	gauge	zeek_active_sessions	protocol	icmp	0.0
1777921618.291616	zeek	gauge	zeek_active_sessions	protocol	udp	0.0
1777921618.291616	zeek	gauge	zeek_active_sessions	protocol	tcp	0.0
1777921678.292551	zeek	counter	process_cpu_user_seconds_total	(empty)	(empty)	1.89
1777921678.292551	zeek	counter	process_cpu_system_seconds_total	(empty)	(empty)	0.92
1777921678.292551	zeek	gauge	process_resident_memory_bytes	(empty)	(empty)	284684288.0
1777921678.292551	zeek	gauge	process_virtual_memory_bytes	(empty)	(empty)	1543462912.0
1777921678.292551	zeek	gauge	process_open_fds	(empty)	(empty)	43.0
1777921678.292551	zeek	gauge	process_start_time_seconds	(empty)	(empty)	1777920597.582311
1777921678.292551	zeek	counter	zeek_log_stream_writes_total	module,stream	Conn,Conn::LOG	14.0
1777921678.292551	zeek	counter	zeek_log_stream_writes_total	module,stream	CaptureLoss,CaptureLoss::LOG	2.0
1777921678.292551	zeek	counter	zeek_log_stream_writes_total	module,stream	Notice,Notice::LOG	2.0
1777921678.292551	zeek	counter	zeek_log_stream_writes_total	module,stream	Stats,Stats::LOG	4.0
1777921678.292551	zeek	counter	zeek_log_stream_writes_total	module,stream	Telemetry,Telemetry::LOG	2607.0
1777921678.292551	zeek	counter	zeek_log_stream_writes_total	module,stream	LoadedScripts,LoadedScripts::LOG	538.0
1777921678.292551	zeek	counter	zeek_log_stream_writes_total	module,stream	PacketFilter,PacketFilter::LOG	1.0
1777921678.292551	zeek	counter	zeek_log_writer_writes_total	filter_name,module,path,stream,writer	default,Conn,conn,Conn::LOG,Log::WRITER_ASCII	14.0
1777921678.292551	zeek	counter	zeek_log_writer_writes_total	filter_name,module,path,stream,writer	default,CaptureLoss,capture_loss,CaptureLoss::LOG,Log::WRITER_ASCII	2.0
1777921678.292551	zeek	counter	zeek_log_writer_writes_total	filter_name,module,path,stream,writer	default,Notice,notice,Notice::LOG,Log::WRITER_ASCII	2.0
1777921678.292551	zeek	counter	zeek_log_writer_writes_total	filter_name,module,path,stream,writer	default,Stats,stats,Stats::LOG,Log::WRITER_ASCII	4.0
1777921678.292551	zeek	counter	zeek_log_writer_writes_total	filter_name,module,path,stream,writer	default,Telemetry,telemetry,Telemetry::LOG,Log::WRITER_ASCII	2607.0
1777921678.292551	zeek	counter	zeek_log_writer_writes_total	filter_name,module,path,stream,writer	default,LoadedScripts,loaded_scripts,LoadedScripts::LOG,Log::WRITER_ASCII	538.0
1777921678.292551	zeek	counter	zeek_log_writer_writes_total	filter_name,module,path,stream,writer	default,PacketFilter,packet_filter,PacketFilter::LOG,Log::WRITER_ASCII	1.0
1777921678.292551	zeek	counter	zeek_log_writer_discarded_writes_total	filter_name,module,path,stream,writer	default,Conn,conn,Conn::LOG,Log::WRITER_ASCII	0.0
1777921678.292551	zeek	counter	zeek_log_writer_discarded_writes_total	filter_name,module,path,stream,writer	default,CaptureLoss,capture_loss,CaptureLoss::LOG,Log::WRITER_ASCII	0.0
1777921678.292551	zeek	counter	zeek_log_writer_discarded_writes_total	filter_name,module,path,stream,writer	default,Notice,notice,Notice::LOG,Log::WRITER_ASCII	0.0
1777921678.292551	zeek	counter	zeek_log_writer_discarded_writes_total	filter_name,module,path,stream,writer	default,Stats,stats,Stats::LOG,Log::WRITER_ASCII	0.0
1777921678.292551	zeek	counter	zeek_log_writer_discarded_writes_total	filter_name,module,path,stream,writer	default,Telemetry,telemetry,Telemetry::LOG,Log::WRITER_ASCII	0.0
1777921678.292551	zeek	counter	zeek_log_writer_discarded_writes_total	filter_name,module,path,stream,writer	default,LoadedScripts,loaded_scripts,LoadedScripts::LOG,Log::WRITER_ASCII	0.0
1777921678.292551	zeek	counter	zeek_log_writer_discarded_writes_total	filter_name,module,path,stream,writer	default,PacketFilter,packet_filter,PacketFilter::LOG,Log::WRITER_ASCII	0.0
1777921678.292551	zeek	counter	zeek_log_writer_truncated_string_fields_total	filter_name,module,path,stream,writer	default,Conn,conn,Conn::LOG,Log::WRITER_ASCII	0.0
1777921678.292551	zeek	counter	zeek_log_writer_truncated_string_fields_total	filter_name,module,path,stream,writer	default,CaptureLoss,capture_loss,CaptureLoss::LOG,Log::WRITER_ASCII	0.0
1777921678.292551	zeek	counter	zeek_log_writer_truncated_string_fields_total	filter_name,module,path,stream,writer	default,Notice,notice,Notice::LOG,Log::WRITER_ASCII	0.0
1777921678.292551	zeek	counter	zeek_log_writer_truncated_string_fields_total	filter_name,module,path,stream,writer	default,Stats,stats,Stats::LOG,Log::WRITER_ASCII	0.0
1777921678.292551	zeek	counter	zeek_log_writer_truncated_string_fields_total	filter_name,module,path,stream,writer	default,Telemetry,telemetry,Telemetry::LOG,Log::WRITER_ASCII	0.0
1777921678.292551	zeek	counter	zeek_log_writer_truncated_string_fields_total	filter_name,module,path,stream,writer	default,LoadedScripts,loaded_scripts,LoadedScripts::LOG,Log::WRITER_ASCII	0.0
1777921678.292551	zeek	counter	zeek_log_writer_truncated_string_fields_total	filter_name,module,path,stream,writer	default,PacketFilter,packet_filter,PacketFilter::LOG,Log::WRITER_ASCII	0.0
1777921678.292551	zeek	counter	zeek_log_writer_truncated_containers_total	filter_name,module,path,stream,writer	default,Conn,conn,Conn::LOG,Log::WRITER_ASCII	0.0
1777921678.292551	zeek	counter	zeek_log_writer_truncated_containers_total	filter_name,module,path,stream,writer	default,CaptureLoss,capture_loss,CaptureLoss::LOG,Log::WRITER_ASCII	0.0
1777921678.292551	zeek	counter	zeek_log_writer_truncated_containers_total	filter_name,module,path,stream,writer	default,Notice,notice,Notice::LOG,Log::WRITER_ASCII	0.0
1777921678.292551	zeek	counter	zeek_log_writer_truncated_containers_total	filter_name,module,path,stream,writer	default,Stats,stats,Stats::LOG,Log::WRITER_ASCII	0.0
1777921678.292551	zeek	counter	zeek_log_writer_truncated_containers_total	filter_name,module,path,stream,writer	default,Telemetry,telemetry,Telemetry::LOG,Log::WRITER_ASCII	0.0
1777921678.292551	zeek	counter	zeek_log_writer_truncated_containers_total	filter_name,module,path,stream,writer	default,LoadedScripts,loaded_scripts,LoadedScripts::LOG,Log::WRITER_ASCII	0.0
1777921678.292551	zeek	counter	zeek_log_writer_truncated_containers_total	filter_name,module,path,stream,writer	default,PacketFilter,packet_filter,PacketFilter::LOG,Log::WRITER_ASCII	0.0
1777921678.292551	zeek	counter	zeek_net_received_bytes_total	(empty)	(empty)	4963.0
1777921678.292551	zeek	counter	zeek_net_received_packets_total	(empty)	(empty)	37.0
1777921678.292551	zeek	counter	zeek_net_dropped_packets_total	(empty)	(empty)	0.0
1777921678.292551	zeek	counter	zeek_net_link_packets_total	(empty)	(empty)	37.0
1777921678.292551	zeek	counter	zeek_msgthread_threads_total	(empty)	(empty)	7.0
1777921678.292551	zeek	counter	zeek_msgthread_in_messages_total	(empty)	(empty)	43.0
1777921678.292551	zeek	counter	zeek_msgthread_out_messages_total	(empty)	(empty)	0.0
1777921678.292551	zeek	counter	zeek_cluster_core_outgoing_events_total	(empty)	(empty)	0.0
1777921678.292551	zeek	counter	zeek_cluster_core_incoming_events_total	(empty)	(empty)	0.0
1777921678.292551	zeek	counter	zeek_broker_incoming_events_total	(empty)	(empty)	0.0
1777921678.292551	zeek	counter	zeek_broker_outgoing_events_total	(empty)	(empty)	0.0
1777921678.292551	zeek	counter	zeek_broker_incoming_logs_total	(empty)	(empty)	0.0
1777921678.292551	zeek	counter	zeek_broker_outgoing_logs_total	(empty)	(empty)	0.0
1777921678.292551	zeek	counter	zeek_broker_incoming_ids_total	(empty)	(empty)	0.0
1777921678.292551	zeek	counter	zeek_broker_outgoing_ids_total	(empty)	(empty)	0.0
1777921678.292551	zeek	counter	zeek_timers_total	(empty)	(empty)	7123.0
1777921678.292551	zeek	counter	zeek_dnsmgr_requests_total	(empty)	(empty)	0.0
1777921678.292551	zeek	counter	zeek_dnsmgr_successful_requests_total	(empty)	(empty)	0.0
1777921678.292551	zeek	counter	zeek_dnsmgr_failed_requests_total	(empty)	(empty)	0.0
1777921678.292551	zeek	counter	zeek_triggers_total	(empty)	(empty)	0.0
1777921678.292551	zeek	counter	zeek_ended_sessions_total	reason	inactivity	14.0
1777921678.292551	zeek	counter	zeek_event_handler_invocations_total	name	connection_state_remove	14.0
1777921678.292551	zeek	counter	zeek_event_handler_invocations_total	name	zeek_init	1.0
1777921678.292551	zeek	counter	zeek_event_handler_invocations_total	name	Telemetry::log	19.0
1777921678.292551	zeek	counter	zeek_event_handler_invocations_total	name	NetControl::init	1.0
1777921678.292551	zeek	counter	zeek_event_handler_invocations_total	name	ChecksumOffloading::check	2.0
1777921678.292551	zeek	counter	zeek_event_handler_invocations_total	name	grab_vulnerable_versions	2.0
1777921678.292551	zeek	counter	zeek_event_handler_invocations_total	name	filter_change_tracking	5.0
1777921678.292551	zeek	counter	zeek_event_handler_invocations_total	name	Broker::log_flush	1079.0
1777921678.292551	zeek	counter	zeek_event_handler_invocations_total	name	zeek_script_loaded	538.0
1777921678.292551	zeek	counter	zeek_event_handler_invocations_total	name	new_connection	14.0
1777921678.292551	zeek	counter	zeek_event_handler_invocations_total	name	check_stats	4.0
1777921678.292551	zeek	counter	zeek_event_handler_invocations_total	name	CaptureLoss::take_measurement	3.0
1777921678.292551	zeek	counter	zeek_event_handler_invocations_total	name	net_stats_update	4.0
1777921678.292551	zeek	counter	zeek_event_handler_invocations_total	name	SumStats::finish_epoch	3.0
1777921678.292551	zeek	counter	zeek_total_sessions_total	protocol	unknown	1.0
1777921678.292551	zeek	counter	zeek_total_sessions_total	protocol	icmp	7.0
1777921678.292551	zeek	counter	zeek_total_sessions_total	protocol	udp	6.0
1777921678.292551	zeek	counter	zeek_total_sessions_total	protocol	tcp	0.0
1777921678.292551	zeek	gauge	zeek_version_info	beta,commit,debug,major,minor,patch,version_number,version_string	false,0,false,8,1,2,80102,8.1.2	1.0
1777921678.292551	zeek	gauge	zeek_net_packet_lag_seconds	(empty)	(empty)	0.002624
1777921678.292551	zeek	gauge	zeek_net_timestamp_seconds	(empty)	(empty)	1777921678.292551
1777921678.292551	zeek	gauge	zeek_msgthread_active_threads	(empty)	(empty)	7.0
1777921678.292551	zeek	gauge	zeek_msgthread_pending_in_messages	(empty)	(empty)	0.0
1777921678.292551	zeek	gauge	zeek_msgthread_pending_out_messages	(empty)	(empty)	0.0
1777921678.292551	zeek	gauge	zeek_msgthread_pending_messages_in_buckets	leq	inf	7.0
1777921678.292551	zeek	gauge	zeek_msgthread_pending_messages_in_buckets	leq	10000	7.0
1777921678.292551	zeek	gauge	zeek_msgthread_pending_messages_in_buckets	leq	1000	7.0
1777921678.292551	zeek	gauge	zeek_msgthread_pending_messages_in_buckets	leq	100	7.0
1777921678.292551	zeek	gauge	zeek_msgthread_pending_messages_in_buckets	leq	10	7.0
1777921678.292551	zeek	gauge	zeek_msgthread_pending_messages_in_buckets	leq	1	7.0
1777921678.292551	zeek	gauge	zeek_msgthread_pending_messages_out_buckets	leq	inf	7.0
1777921678.292551	zeek	gauge	zeek_msgthread_pending_messages_out_buckets	leq	10000	7.0
1777921678.292551	zeek	gauge	zeek_msgthread_pending_messages_out_buckets	leq	1000	7.0
1777921678.292551	zeek	gauge	zeek_msgthread_pending_messages_out_buckets	leq	100	7.0
1777921678.292551	zeek	gauge	zeek_msgthread_pending_messages_out_buckets	leq	10	7.0
1777921678.292551	zeek	gauge	zeek_msgthread_pending_messages_out_buckets	leq	1	7.0
1777921678.292551	zeek	gauge	zeek_broker_peers	(empty)	(empty)	0.0
1777921678.292551	zeek	gauge	zeek_broker_stores	(empty)	(empty)	1.0
1777921678.292551	zeek	gauge	zeek_broker_pending_queries	(empty)	(empty)	0.0
1777921678.292551	zeek	gauge	zeek_timers_lag_time_seconds	(empty)	(empty)	0.000935
1777921678.292551	zeek	gauge	zeek_timers_pending	type	LogDelayExpire	0.0
1777921678.292551	zeek	gauge	zeek_timers_pending	type	ThreadHeartbeat	1.0
1777921678.292551	zeek	gauge	zeek_timers_pending	type	TimerMgrExpireTimer	0.0
1777921678.292551	zeek	gauge	zeek_timers_pending	type	ParentProcessIDCheck	0.0
1777921678.292551	zeek	gauge	zeek_timers_pending	type	FragTimer	0.0
1777921678.292551	zeek	gauge	zeek_timers_pending	type	RotateTimer	0.0
1777921678.292551	zeek	gauge	zeek_timers_pending	type	FlowWeirdTimer	0.0
1777921678.292551	zeek	gauge	zeek_timers_pending	type	FileAnalysisInactivityTimer	0.0
1777921678.292551	zeek	gauge	zeek_timers_pending	type	StorageExpire	1.0
1777921678.292551	zeek	gauge	zeek_timers_pending	type	ConnectionInactivityTimer	0.0
1777921678.292551	zeek	gauge	zeek_timers_pending	type	TCPConnectionExpireTimer	0.0
1777921678.292551	zeek	gauge	zeek_timers_pending	type	ConnectionStatusUpdateTimer	0.0
1777921678.292551	zeek	gauge	zeek_timers_pending	type	LogFlushWriteBufferTimer	1.0
1777921678.292551	zeek	gauge	zeek_timers_pending	type	NetWeirdTimer	0.0
1777921678.292551	zeek	gauge	zeek_timers_pending	type	InterconnTimer	0.0
1777921678.292551	zeek	gauge	zeek_timers_pending	type	IPTunnelInactivityTimer	0.0
1777921678.292551	zeek	gauge	zeek_timers_pending	type	DNSExpireTimer	0.0
1777921678.292551	zeek	gauge	zeek_timers_pending	type	UnknownProtocolExpire	0.0
1777921678.292551	zeek	gauge	zeek_timers_pending	type	ProfileTimer	0.0
1777921678.292551	zeek	gauge	zeek_timers_pending	type	ConnectionExpireTimer	0.0
1777921678.292551	zeek	gauge	zeek_timers_pending	type	BreakpointTimer	0.0
1777921678.292551	zeek	gauge	zeek_timers_pending	type	BackdoorTimer	0.0
1777921678.292551	zeek	gauge	zeek_timers_pending	type	NetbiosExpireTimer	0.0
1777921678.292551	zeek	gauge	zeek_timers_pending	type	NetworkTimer	0.0
1777921678.292551	zeek	gauge	zeek_timers_pending	type	RemoveConnection	0.0
1777921678.292551	zeek	gauge	zeek_timers_pending	type	TCPConnectionResetTimer	0.0
1777921678.292551	zeek	gauge	zeek_timers_pending	type	ConnTupleWeirdTimer	0.0
1777921678.292551	zeek	gauge	zeek_timers_pending	type	TCPConnectionDeleteTimer	0.0
1777921678.292551	zeek	gauge	zeek_timers_pending	type	ScheduleTimer	6.0
1777921678.292551	zeek	gauge	zeek_timers_pending	type	NTPExpireTimer	0.0
1777921678.292551	zeek	gauge	zeek_timers_pending	type	RPCExpireTimer	0.0
1777921678.292551	zeek	gauge	zeek_timers_pending	type	ConnectionDeleteTimer	0.0
1777921678.292551	zeek	gauge	zeek_timers_pending	type	TriggerTimer	0.0
1777921678.292551	zeek	gauge	zeek_timers_pending	type	TableValTimer	34.0
1777921678.292551	zeek	gauge	zeek_timers_pending	type	TCPConnectionAttemptTimer	0.0
1777921678.292551	zeek	gauge	zeek_timers_pending	type	TCPConnectionPartialClose	0.0
1777921678.292551	zeek	gauge	zeek_dnsmgr_pending_asyncs_requests	(empty)	(empty)	0.0
1777921678.292551	zeek	gauge	zeek_dnsmgr_cache_entries	type	text	0.0
1777921678.292551	zeek	gauge	zeek_dnsmgr_cache_entries	type	address	0.0
1777921678.292551	zeek	gauge	zeek_dnsmgr_cache_entries	type	host	0.0
1777921678.292551	zeek	gauge	zeek_pending_triggers	(empty)	(empty)	0.0
1777921678.292551	zeek	gauge	zeek_active_sessions	protocol	unknown	0.0
1777921678.292551	zeek	gauge	zeek_active_sessions	protocol	icmp	0.0
1777921678.292551	zeek	gauge	zeek_active_sessions	protocol	udp	0.0
1777921678.292551	zeek	gauge	zeek_active_sessions	protocol	tcp	0.0
1777921738.293383	zeek	counter	process_cpu_user_seconds_total	(empty)	(empty)	1.99
1777921738.293383	zeek	counter	process_cpu_system_seconds_total	(empty)	(empty)	0.96
1777921738.293383	zeek	gauge	process_resident_memory_bytes	(empty)	(empty)	284684288.0
1777921738.293383	zeek	gauge	process_virtual_memory_bytes	(empty)	(empty)	1543462912.0
1777921738.293383	zeek	gauge	process_open_fds	(empty)	(empty)	43.0
1777921738.293383	zeek	gauge	process_start_time_seconds	(empty)	(empty)	1777920597.582311
1777921738.293383	zeek	counter	zeek_log_stream_writes_total	module,stream	Conn,Conn::LOG	14.0
1777921738.293383	zeek	counter	zeek_log_stream_writes_total	module,stream	CaptureLoss,CaptureLoss::LOG	2.0
1777921738.293383	zeek	counter	zeek_log_stream_writes_total	module,stream	Notice,Notice::LOG	2.0
1777921738.293383	zeek	counter	zeek_log_stream_writes_total	module,stream	Stats,Stats::LOG	4.0
1777921738.293383	zeek	counter	zeek_log_stream_writes_total	module,stream	Telemetry,Telemetry::LOG	2754.0
1777921738.293383	zeek	counter	zeek_log_stream_writes_total	module,stream	LoadedScripts,LoadedScripts::LOG	538.0
1777921738.293383	zeek	counter	zeek_log_stream_writes_total	module,stream	PacketFilter,PacketFilter::LOG	1.0
1777921738.293383	zeek	counter	zeek_log_writer_writes_total	filter_name,module,path,stream,writer	default,Conn,conn,Conn::LOG,Log::WRITER_ASCII	14.0
1777921738.293383	zeek	counter	zeek_log_writer_writes_total	filter_name,module,path,stream,writer	default,CaptureLoss,capture_loss,CaptureLoss::LOG,Log::WRITER_ASCII	2.0
1777921738.293383	zeek	counter	zeek_log_writer_writes_total	filter_name,module,path,stream,writer	default,Notice,notice,Notice::LOG,Log::WRITER_ASCII	2.0
1777921738.293383	zeek	counter	zeek_log_writer_writes_total	filter_name,module,path,stream,writer	default,Stats,stats,Stats::LOG,Log::WRITER_ASCII	4.0
1777921738.293383	zeek	counter	zeek_log_writer_writes_total	filter_name,module,path,stream,writer	default,Telemetry,telemetry,Telemetry::LOG,Log::WRITER_ASCII	2754.0
1777921738.293383	zeek	counter	zeek_log_writer_writes_total	filter_name,module,path,stream,writer	default,LoadedScripts,loaded_scripts,LoadedScripts::LOG,Log::WRITER_ASCII	538.0
1777921738.293383	zeek	counter	zeek_log_writer_writes_total	filter_name,module,path,stream,writer	default,PacketFilter,packet_filter,PacketFilter::LOG,Log::WRITER_ASCII	1.0
1777921738.293383	zeek	counter	zeek_log_writer_discarded_writes_total	filter_name,module,path,stream,writer	default,Conn,conn,Conn::LOG,Log::WRITER_ASCII	0.0
1777921738.293383	zeek	counter	zeek_log_writer_discarded_writes_total	filter_name,module,path,stream,writer	default,CaptureLoss,capture_loss,CaptureLoss::LOG,Log::WRITER_ASCII	0.0
1777921738.293383	zeek	counter	zeek_log_writer_discarded_writes_total	filter_name,module,path,stream,writer	default,Notice,notice,Notice::LOG,Log::WRITER_ASCII	0.0
1777921738.293383	zeek	counter	zeek_log_writer_discarded_writes_total	filter_name,module,path,stream,writer	default,Stats,stats,Stats::LOG,Log::WRITER_ASCII	0.0
1777921738.293383	zeek	counter	zeek_log_writer_discarded_writes_total	filter_name,module,path,stream,writer	default,Telemetry,telemetry,Telemetry::LOG,Log::WRITER_ASCII	0.0
1777921738.293383	zeek	counter	zeek_log_writer_discarded_writes_total	filter_name,module,path,stream,writer	default,LoadedScripts,loaded_scripts,LoadedScripts::LOG,Log::WRITER_ASCII	0.0
1777921738.293383	zeek	counter	zeek_log_writer_discarded_writes_total	filter_name,module,path,stream,writer	default,PacketFilter,packet_filter,PacketFilter::LOG,Log::WRITER_ASCII	0.0
1777921738.293383	zeek	counter	zeek_log_writer_truncated_string_fields_total	filter_name,module,path,stream,writer	default,Conn,conn,Conn::LOG,Log::WRITER_ASCII	0.0
1777921738.293383	zeek	counter	zeek_log_writer_truncated_string_fields_total	filter_name,module,path,stream,writer	default,CaptureLoss,capture_loss,CaptureLoss::LOG,Log::WRITER_ASCII	0.0
1777921738.293383	zeek	counter	zeek_log_writer_truncated_string_fields_total	filter_name,module,path,stream,writer	default,Notice,notice,Notice::LOG,Log::WRITER_ASCII	0.0
1777921738.293383	zeek	counter	zeek_log_writer_truncated_string_fields_total	filter_name,module,path,stream,writer	default,Stats,stats,Stats::LOG,Log::WRITER_ASCII	0.0
1777921738.293383	zeek	counter	zeek_log_writer_truncated_string_fields_total	filter_name,module,path,stream,writer	default,Telemetry,telemetry,Telemetry::LOG,Log::WRITER_ASCII	0.0
1777921738.293383	zeek	counter	zeek_log_writer_truncated_string_fields_total	filter_name,module,path,stream,writer	default,LoadedScripts,loaded_scripts,LoadedScripts::LOG,Log::WRITER_ASCII	0.0
1777921738.293383	zeek	counter	zeek_log_writer_truncated_string_fields_total	filter_name,module,path,stream,writer	default,PacketFilter,packet_filter,PacketFilter::LOG,Log::WRITER_ASCII	0.0
1777921738.293383	zeek	counter	zeek_log_writer_truncated_containers_total	filter_name,module,path,stream,writer	default,Conn,conn,Conn::LOG,Log::WRITER_ASCII	0.0
1777921738.293383	zeek	counter	zeek_log_writer_truncated_containers_total	filter_name,module,path,stream,writer	default,CaptureLoss,capture_loss,CaptureLoss::LOG,Log::WRITER_ASCII	0.0
1777921738.293383	zeek	counter	zeek_log_writer_truncated_containers_total	filter_name,module,path,stream,writer	default,Notice,notice,Notice::LOG,Log::WRITER_ASCII	0.0
1777921738.293383	zeek	counter	zeek_log_writer_truncated_containers_total	filter_name,module,path,stream,writer	default,Stats,stats,Stats::LOG,Log::WRITER_ASCII	0.0
1777921738.293383	zeek	counter	zeek_log_writer_truncated_containers_total	filter_name,module,path,stream,writer	default,Telemetry,telemetry,Telemetry::LOG,Log::WRITER_ASCII	0.0
1777921738.293383	zeek	counter	zeek_log_writer_truncated_containers_total	filter_name,module,path,stream,writer	default,LoadedScripts,loaded_scripts,LoadedScripts::LOG,Log::WRITER_ASCII	0.0
1777921738.293383	zeek	counter	zeek_log_writer_truncated_containers_total	filter_name,module,path,stream,writer	default,PacketFilter,packet_filter,PacketFilter::LOG,Log::WRITER_ASCII	0.0
1777921738.293383	zeek	counter	zeek_net_received_bytes_total	(empty)	(empty)	4963.0
1777921738.293383	zeek	counter	zeek_net_received_packets_total	(empty)	(empty)	37.0
1777921738.293383	zeek	counter	zeek_net_dropped_packets_total	(empty)	(empty)	0.0
1777921738.293383	zeek	counter	zeek_net_link_packets_total	(empty)	(empty)	37.0
1777921738.293383	zeek	counter	zeek_msgthread_threads_total	(empty)	(empty)	7.0
1777921738.293383	zeek	counter	zeek_msgthread_in_messages_total	(empty)	(empty)	44.0
1777921738.293383	zeek	counter	zeek_msgthread_out_messages_total	(empty)	(empty)	0.0
1777921738.293383	zeek	counter	zeek_cluster_core_outgoing_events_total	(empty)	(empty)	0.0
1777921738.293383	zeek	counter	zeek_cluster_core_incoming_events_total	(empty)	(empty)	0.0
1777921738.293383	zeek	counter	zeek_broker_incoming_events_total	(empty)	(empty)	0.0
1777921738.293383	zeek	counter	zeek_broker_outgoing_events_total	(empty)	(empty)	0.0
1777921738.293383	zeek	counter	zeek_broker_incoming_logs_total	(empty)	(empty)	0.0
1777921738.293383	zeek	counter	zeek_broker_outgoing_logs_total	(empty)	(empty)	0.0
1777921738.293383	zeek	counter	zeek_broker_incoming_ids_total	(empty)	(empty)	0.0
1777921738.293383	zeek	counter	zeek_broker_outgoing_ids_total	(empty)	(empty)	0.0
1777921738.293383	zeek	counter	zeek_timers_total	(empty)	(empty)	7512.0
1777921738.293383	zeek	counter	zeek_dnsmgr_requests_total	(empty)	(empty)	0.0
1777921738.293383	zeek	counter	zeek_dnsmgr_successful_requests_total	(empty)	(empty)	0.0
1777921738.293383	zeek	counter	zeek_dnsmgr_failed_requests_total	(empty)	(empty)	0.0
1777921738.293383	zeek	counter	zeek_triggers_total	(empty)	(empty)	0.0
1777921738.293383	zeek	counter	zeek_ended_sessions_total	reason	inactivity	14.0
1777921738.293383	zeek	counter	zeek_event_handler_invocations_total	name	connection_state_remove	14.0
1777921738.293383	zeek	counter	zeek_event_handler_invocations_total	name	zeek_init	1.0
1777921738.293383	zeek	counter	zeek_event_handler_invocations_total	name	Telemetry::log	20.0
1777921738.293383	zeek	counter	zeek_event_handler_invocations_total	name	NetControl::init	1.0
1777921738.293383	zeek	counter	zeek_event_handler_invocations_total	name	ChecksumOffloading::check	2.0
1777921738.293383	zeek	counter	zeek_event_handler_invocations_total	name	grab_vulnerable_versions	2.0
1777921738.293383	zeek	counter	zeek_event_handler_invocations_total	name	filter_change_tracking	5.0
1777921738.293383	zeek	counter	zeek_event_handler_invocations_total	name	Broker::log_flush	1139.0
1777921738.293383	zeek	counter	zeek_event_handler_invocations_total	name	zeek_script_loaded	538.0
1777921738.293383	zeek	counter	zeek_event_handler_invocations_total	name	new_connection	14.0
1777921738.293383	zeek	counter	zeek_event_handler_invocations_total	name	check_stats	4.0
1777921738.293383	zeek	counter	zeek_event_handler_invocations_total	name	CaptureLoss::take_measurement	3.0
1777921738.293383	zeek	counter	zeek_event_handler_invocations_total	name	net_stats_update	4.0
1777921738.293383	zeek	counter	zeek_event_handler_invocations_total	name	SumStats::finish_epoch	3.0
1777921738.293383	zeek	counter	zeek_total_sessions_total	protocol	unknown	1.0
1777921738.293383	zeek	counter	zeek_total_sessions_total	protocol	icmp	7.0
1777921738.293383	zeek	counter	zeek_total_sessions_total	protocol	udp	6.0
1777921738.293383	zeek	counter	zeek_total_sessions_total	protocol	tcp	0.0
1777921738.293383	zeek	gauge	zeek_version_info	beta,commit,debug,major,minor,patch,version_number,version_string	false,0,false,8,1,2,80102,8.1.2	1.0
1777921738.293383	zeek	gauge	zeek_net_packet_lag_seconds	(empty)	(empty)	0.002628
1777921738.293383	zeek	gauge	zeek_net_timestamp_seconds	(empty)	(empty)	1777921738.293383
1777921738.293383	zeek	gauge	zeek_msgthread_active_threads	(empty)	(empty)	7.0
1777921738.293383	zeek	gauge	zeek_msgthread_pending_in_messages	(empty)	(empty)	0.0
1777921738.293383	zeek	gauge	zeek_msgthread_pending_out_messages	(empty)	(empty)	0.0
1777921738.293383	zeek	gauge	zeek_msgthread_pending_messages_in_buckets	leq	inf	7.0
1777921738.293383	zeek	gauge	zeek_msgthread_pending_messages_in_buckets	leq	10000	7.0
1777921738.293383	zeek	gauge	zeek_msgthread_pending_messages_in_buckets	leq	1000	7.0
1777921738.293383	zeek	gauge	zeek_msgthread_pending_messages_in_buckets	leq	100	7.0
1777921738.293383	zeek	gauge	zeek_msgthread_pending_messages_in_buckets	leq	10	7.0
1777921738.293383	zeek	gauge	zeek_msgthread_pending_messages_in_buckets	leq	1	7.0
1777921738.293383	zeek	gauge	zeek_msgthread_pending_messages_out_buckets	leq	inf	7.0
1777921738.293383	zeek	gauge	zeek_msgthread_pending_messages_out_buckets	leq	10000	7.0
1777921738.293383	zeek	gauge	zeek_msgthread_pending_messages_out_buckets	leq	1000	7.0
1777921738.293383	zeek	gauge	zeek_msgthread_pending_messages_out_buckets	leq	100	7.0
1777921738.293383	zeek	gauge	zeek_msgthread_pending_messages_out_buckets	leq	10	7.0
1777921738.293383	zeek	gauge	zeek_msgthread_pending_messages_out_buckets	leq	1	7.0
1777921738.293383	zeek	gauge	zeek_broker_peers	(empty)	(empty)	0.0
1777921738.293383	zeek	gauge	zeek_broker_stores	(empty)	(empty)	1.0
1777921738.293383	zeek	gauge	zeek_broker_pending_queries	(empty)	(empty)	0.0
1777921738.293383	zeek	gauge	zeek_timers_lag_time_seconds	(empty)	(empty)	0.000832
1777921738.293383	zeek	gauge	zeek_timers_pending	type	LogDelayExpire	0.0
1777921738.293383	zeek	gauge	zeek_timers_pending	type	ThreadHeartbeat	1.0
1777921738.293383	zeek	gauge	zeek_timers_pending	type	TimerMgrExpireTimer	0.0
1777921738.293383	zeek	gauge	zeek_timers_pending	type	ParentProcessIDCheck	0.0
1777921738.293383	zeek	gauge	zeek_timers_pending	type	FragTimer	0.0
1777921738.293383	zeek	gauge	zeek_timers_pending	type	RotateTimer	0.0
1777921738.293383	zeek	gauge	zeek_timers_pending	type	FlowWeirdTimer	0.0
1777921738.293383	zeek	gauge	zeek_timers_pending	type	FileAnalysisInactivityTimer	0.0
1777921738.293383	zeek	gauge	zeek_timers_pending	type	StorageExpire	1.0
1777921738.293383	zeek	gauge	zeek_timers_pending	type	ConnectionInactivityTimer	0.0
1777921738.293383	zeek	gauge	zeek_timers_pending	type	TCPConnectionExpireTimer	0.0
1777921738.293383	zeek	gauge	zeek_timers_pending	type	ConnectionStatusUpdateTimer	0.0
1777921738.293383	zeek	gauge	zeek_timers_pending	type	LogFlushWriteBufferTimer	1.0
1777921738.293383	zeek	gauge	zeek_timers_pending	type	NetWeirdTimer	0.0
1777921738.293383	zeek	gauge	zeek_timers_pending	type	InterconnTimer	0.0
1777921738.293383	zeek	gauge	zeek_timers_pending	type	IPTunnelInactivityTimer	0.0
1777921738.293383	zeek	gauge	zeek_timers_pending	type	DNSExpireTimer	0.0
1777921738.293383	zeek	gauge	zeek_timers_pending	type	UnknownProtocolExpire	0.0
1777921738.293383	zeek	gauge	zeek_timers_pending	type	ProfileTimer	0.0
1777921738.293383	zeek	gauge	zeek_timers_pending	type	ConnectionExpireTimer	0.0
1777921738.293383	zeek	gauge	zeek_timers_pending	type	BreakpointTimer	0.0
1777921738.293383	zeek	gauge	zeek_timers_pending	type	BackdoorTimer	0.0
1777921738.293383	zeek	gauge	zeek_timers_pending	type	NetbiosExpireTimer	0.0
1777921738.293383	zeek	gauge	zeek_timers_pending	type	NetworkTimer	0.0
1777921738.293383	zeek	gauge	zeek_timers_pending	type	RemoveConnection	0.0
1777921738.293383	zeek	gauge	zeek_timers_pending	type	TCPConnectionResetTimer	0.0
1777921738.293383	zeek	gauge	zeek_timers_pending	type	ConnTupleWeirdTimer	0.0
1777921738.293383	zeek	gauge	zeek_timers_pending	type	TCPConnectionDeleteTimer	0.0
1777921738.293383	zeek	gauge	zeek_timers_pending	type	ScheduleTimer	6.0
1777921738.293383	zeek	gauge	zeek_timers_pending	type	NTPExpireTimer	0.0
1777921738.293383	zeek	gauge	zeek_timers_pending	type	RPCExpireTimer	0.0
1777921738.293383	zeek	gauge	zeek_timers_pending	type	ConnectionDeleteTimer	0.0
1777921738.293383	zeek	gauge	zeek_timers_pending	type	TriggerTimer	0.0
1777921738.293383	zeek	gauge	zeek_timers_pending	type	TableValTimer	34.0
1777921738.293383	zeek	gauge	zeek_timers_pending	type	TCPConnectionAttemptTimer	0.0
1777921738.293383	zeek	gauge	zeek_timers_pending	type	TCPConnectionPartialClose	0.0
1777921738.293383	zeek	gauge	zeek_dnsmgr_pending_asyncs_requests	(empty)	(empty)	0.0
1777921738.293383	zeek	gauge	zeek_dnsmgr_cache_entries	type	text	0.0
1777921738.293383	zeek	gauge	zeek_dnsmgr_cache_entries	type	address	0.0
1777921738.293383	zeek	gauge	zeek_dnsmgr_cache_entries	type	host	0.0
1777921738.293383	zeek	gauge	zeek_pending_triggers	(empty)	(empty)	0.0
1777921738.293383	zeek	gauge	zeek_active_sessions	protocol	unknown	0.0
1777921738.293383	zeek	gauge	zeek_active_sessions	protocol	icmp	0.0
1777921738.293383	zeek	gauge	zeek_active_sessions	protocol	udp	0.0
1777921738.293383	zeek	gauge	zeek_active_sessions	protocol	tcp	0.0
1777921798.293544	zeek	counter	process_cpu_user_seconds_total	(empty)	(empty)	2.08
1777921798.293544	zeek	counter	process_cpu_system_seconds_total	(empty)	(empty)	1.01
1777921798.293544	zeek	gauge	process_resident_memory_bytes	(empty)	(empty)	284684288.0
1777921798.293544	zeek	gauge	process_virtual_memory_bytes	(empty)	(empty)	1543462912.0
1777921798.293544	zeek	gauge	process_open_fds	(empty)	(empty)	43.0
1777921798.293544	zeek	gauge	process_start_time_seconds	(empty)	(empty)	1777920597.582311
1777921798.293544	zeek	counter	zeek_log_stream_writes_total	module,stream	Conn,Conn::LOG	14.0
1777921798.293544	zeek	counter	zeek_log_stream_writes_total	module,stream	CaptureLoss,CaptureLoss::LOG	2.0
1777921798.293544	zeek	counter	zeek_log_stream_writes_total	module,stream	Notice,Notice::LOG	2.0
1777921798.293544	zeek	counter	zeek_log_stream_writes_total	module,stream	Stats,Stats::LOG	5.0
1777921798.293544	zeek	counter	zeek_log_stream_writes_total	module,stream	Telemetry,Telemetry::LOG	2901.0
1777921798.293544	zeek	counter	zeek_log_stream_writes_total	module,stream	LoadedScripts,LoadedScripts::LOG	538.0
1777921798.293544	zeek	counter	zeek_log_stream_writes_total	module,stream	PacketFilter,PacketFilter::LOG	1.0
1777921798.293544	zeek	counter	zeek_log_writer_writes_total	filter_name,module,path,stream,writer	default,Conn,conn,Conn::LOG,Log::WRITER_ASCII	14.0
1777921798.293544	zeek	counter	zeek_log_writer_writes_total	filter_name,module,path,stream,writer	default,CaptureLoss,capture_loss,CaptureLoss::LOG,Log::WRITER_ASCII	2.0
1777921798.293544	zeek	counter	zeek_log_writer_writes_total	filter_name,module,path,stream,writer	default,Notice,notice,Notice::LOG,Log::WRITER_ASCII	2.0
1777921798.293544	zeek	counter	zeek_log_writer_writes_total	filter_name,module,path,stream,writer	default,Stats,stats,Stats::LOG,Log::WRITER_ASCII	5.0
1777921798.293544	zeek	counter	zeek_log_writer_writes_total	filter_name,module,path,stream,writer	default,Telemetry,telemetry,Telemetry::LOG,Log::WRITER_ASCII	2901.0
1777921798.293544	zeek	counter	zeek_log_writer_writes_total	filter_name,module,path,stream,writer	default,LoadedScripts,loaded_scripts,LoadedScripts::LOG,Log::WRITER_ASCII	538.0
1777921798.293544	zeek	counter	zeek_log_writer_writes_total	filter_name,module,path,stream,writer	default,PacketFilter,packet_filter,PacketFilter::LOG,Log::WRITER_ASCII	1.0
1777921798.293544	zeek	counter	zeek_log_writer_discarded_writes_total	filter_name,module,path,stream,writer	default,Conn,conn,Conn::LOG,Log::WRITER_ASCII	0.0
1777921798.293544	zeek	counter	zeek_log_writer_discarded_writes_total	filter_name,module,path,stream,writer	default,CaptureLoss,capture_loss,CaptureLoss::LOG,Log::WRITER_ASCII	0.0
1777921798.293544	zeek	counter	zeek_log_writer_discarded_writes_total	filter_name,module,path,stream,writer	default,Notice,notice,Notice::LOG,Log::WRITER_ASCII	0.0
1777921798.293544	zeek	counter	zeek_log_writer_discarded_writes_total	filter_name,module,path,stream,writer	default,Stats,stats,Stats::LOG,Log::WRITER_ASCII	0.0
1777921798.293544	zeek	counter	zeek_log_writer_discarded_writes_total	filter_name,module,path,stream,writer	default,Telemetry,telemetry,Telemetry::LOG,Log::WRITER_ASCII	0.0
1777921798.293544	zeek	counter	zeek_log_writer_discarded_writes_total	filter_name,module,path,stream,writer	default,LoadedScripts,loaded_scripts,LoadedScripts::LOG,Log::WRITER_ASCII	0.0
1777921798.293544	zeek	counter	zeek_log_writer_discarded_writes_total	filter_name,module,path,stream,writer	default,PacketFilter,packet_filter,PacketFilter::LOG,Log::WRITER_ASCII	0.0
1777921798.293544	zeek	counter	zeek_log_writer_truncated_string_fields_total	filter_name,module,path,stream,writer	default,Conn,conn,Conn::LOG,Log::WRITER_ASCII	0.0
1777921798.293544	zeek	counter	zeek_log_writer_truncated_string_fields_total	filter_name,module,path,stream,writer	default,CaptureLoss,capture_loss,CaptureLoss::LOG,Log::WRITER_ASCII	0.0
1777921798.293544	zeek	counter	zeek_log_writer_truncated_string_fields_total	filter_name,module,path,stream,writer	default,Notice,notice,Notice::LOG,Log::WRITER_ASCII	0.0
1777921798.293544	zeek	counter	zeek_log_writer_truncated_string_fields_total	filter_name,module,path,stream,writer	default,Stats,stats,Stats::LOG,Log::WRITER_ASCII	0.0
1777921798.293544	zeek	counter	zeek_log_writer_truncated_string_fields_total	filter_name,module,path,stream,writer	default,Telemetry,telemetry,Telemetry::LOG,Log::WRITER_ASCII	0.0
1777921798.293544	zeek	counter	zeek_log_writer_truncated_string_fields_total	filter_name,module,path,stream,writer	default,LoadedScripts,loaded_scripts,LoadedScripts::LOG,Log::WRITER_ASCII	0.0
1777921798.293544	zeek	counter	zeek_log_writer_truncated_string_fields_total	filter_name,module,path,stream,writer	default,PacketFilter,packet_filter,PacketFilter::LOG,Log::WRITER_ASCII	0.0
1777921798.293544	zeek	counter	zeek_log_writer_truncated_containers_total	filter_name,module,path,stream,writer	default,Conn,conn,Conn::LOG,Log::WRITER_ASCII	0.0
1777921798.293544	zeek	counter	zeek_log_writer_truncated_containers_total	filter_name,module,path,stream,writer	default,CaptureLoss,capture_loss,CaptureLoss::LOG,Log::WRITER_ASCII	0.0
1777921798.293544	zeek	counter	zeek_log_writer_truncated_containers_total	filter_name,module,path,stream,writer	default,Notice,notice,Notice::LOG,Log::WRITER_ASCII	0.0
1777921798.293544	zeek	counter	zeek_log_writer_truncated_containers_total	filter_name,module,path,stream,writer	default,Stats,stats,Stats::LOG,Log::WRITER_ASCII	0.0
1777921798.293544	zeek	counter	zeek_log_writer_truncated_containers_total	filter_name,module,path,stream,writer	default,Telemetry,telemetry,Telemetry::LOG,Log::WRITER_ASCII	0.0
1777921798.293544	zeek	counter	zeek_log_writer_truncated_containers_total	filter_name,module,path,stream,writer	default,LoadedScripts,loaded_scripts,LoadedScripts::LOG,Log::WRITER_ASCII	0.0
1777921798.293544	zeek	counter	zeek_log_writer_truncated_containers_total	filter_name,module,path,stream,writer	default,PacketFilter,packet_filter,PacketFilter::LOG,Log::WRITER_ASCII	0.0
1777921798.293544	zeek	counter	zeek_net_received_bytes_total	(empty)	(empty)	4963.0
1777921798.293544	zeek	counter	zeek_net_received_packets_total	(empty)	(empty)	37.0
1777921798.293544	zeek	counter	zeek_net_dropped_packets_total	(empty)	(empty)	0.0
1777921798.293544	zeek	counter	zeek_net_link_packets_total	(empty)	(empty)	37.0
1777921798.293544	zeek	counter	zeek_msgthread_threads_total	(empty)	(empty)	7.0
1777921798.293544	zeek	counter	zeek_msgthread_in_messages_total	(empty)	(empty)	45.0
1777921798.293544	zeek	counter	zeek_msgthread_out_messages_total	(empty)	(empty)	0.0
1777921798.293544	zeek	counter	zeek_cluster_core_outgoing_events_total	(empty)	(empty)	0.0
1777921798.293544	zeek	counter	zeek_cluster_core_incoming_events_total	(empty)	(empty)	0.0
1777921798.293544	zeek	counter	zeek_broker_incoming_events_total	(empty)	(empty)	0.0
1777921798.293544	zeek	counter	zeek_broker_outgoing_events_total	(empty)	(empty)	0.0
1777921798.293544	zeek	counter	zeek_broker_incoming_logs_total	(empty)	(empty)	0.0
1777921798.293544	zeek	counter	zeek_broker_outgoing_logs_total	(empty)	(empty)	0.0
1777921798.293544	zeek	counter	zeek_broker_incoming_ids_total	(empty)	(empty)	0.0
1777921798.293544	zeek	counter	zeek_broker_outgoing_ids_total	(empty)	(empty)	0.0
1777921798.293544	zeek	counter	zeek_timers_total	(empty)	(empty)	7904.0
1777921798.293544	zeek	counter	zeek_dnsmgr_requests_total	(empty)	(empty)	0.0
1777921798.293544	zeek	counter	zeek_dnsmgr_successful_requests_total	(empty)	(empty)	0.0
1777921798.293544	zeek	counter	zeek_dnsmgr_failed_requests_total	(empty)	(empty)	0.0
1777921798.293544	zeek	counter	zeek_triggers_total	(empty)	(empty)	0.0
1777921798.293544	zeek	counter	zeek_ended_sessions_total	reason	inactivity	14.0
1777921798.293544	zeek	counter	zeek_event_handler_invocations_total	name	connection_state_remove	14.0
1777921798.293544	zeek	counter	zeek_event_handler_invocations_total	name	zeek_init	1.0
1777921798.293544	zeek	counter	zeek_event_handler_invocations_total	name	Telemetry::log	21.0
1777921798.293544	zeek	counter	zeek_event_handler_invocations_total	name	NetControl::init	1.0
1777921798.293544	zeek	counter	zeek_event_handler_invocations_total	name	ChecksumOffloading::check	2.0
1777921798.293544	zeek	counter	zeek_event_handler_invocations_total	name	grab_vulnerable_versions	2.0
1777921798.293544	zeek	counter	zeek_event_handler_invocations_total	name	filter_change_tracking	6.0
1777921798.293544	zeek	counter	zeek_event_handler_invocations_total	name	Broker::log_flush	1199.0
1777921798.293544	zeek	counter	zeek_event_handler_invocations_total	name	zeek_script_loaded	538.0
1777921798.293544	zeek	counter	zeek_event_handler_invocations_total	name	new_connection	14.0
1777921798.293544	zeek	counter	zeek_event_handler_invocations_total	name	check_stats	5.0
1777921798.293544	zeek	counter	zeek_event_handler_invocations_total	name	CaptureLoss::take_measurement	3.0
1777921798.293544	zeek	counter	zeek_event_handler_invocations_total	name	net_stats_update	5.0
1777921798.293544	zeek	counter	zeek_event_handler_invocations_total	name	SumStats::finish_epoch	3.0
1777921798.293544	zeek	counter	zeek_total_sessions_total	protocol	unknown	1.0
1777921798.293544	zeek	counter	zeek_total_sessions_total	protocol	icmp	7.0
1777921798.293544	zeek	counter	zeek_total_sessions_total	protocol	udp	6.0
1777921798.293544	zeek	counter	zeek_total_sessions_total	protocol	tcp	0.0
1777921798.293544	zeek	gauge	zeek_version_info	beta,commit,debug,major,minor,patch,version_number,version_string	false,0,false,8,1,2,80102,8.1.2	1.0
1777921798.293544	zeek	gauge	zeek_net_packet_lag_seconds	(empty)	(empty)	0.002468
1777921798.293544	zeek	gauge	zeek_net_timestamp_seconds	(empty)	(empty)	1777921798.293544
1777921798.293544	zeek	gauge	zeek_msgthread_active_threads	(empty)	(empty)	7.0
1777921798.293544	zeek	gauge	zeek_msgthread_pending_in_messages	(empty)	(empty)	0.0
1777921798.293544	zeek	gauge	zeek_msgthread_pending_out_messages	(empty)	(empty)	0.0
1777921798.293544	zeek	gauge	zeek_msgthread_pending_messages_in_buckets	leq	inf	7.0
1777921798.293544	zeek	gauge	zeek_msgthread_pending_messages_in_buckets	leq	10000	7.0
1777921798.293544	zeek	gauge	zeek_msgthread_pending_messages_in_buckets	leq	1000	7.0
1777921798.293544	zeek	gauge	zeek_msgthread_pending_messages_in_buckets	leq	100	7.0
1777921798.293544	zeek	gauge	zeek_msgthread_pending_messages_in_buckets	leq	10	7.0
1777921798.293544	zeek	gauge	zeek_msgthread_pending_messages_in_buckets	leq	1	7.0
1777921798.293544	zeek	gauge	zeek_msgthread_pending_messages_out_buckets	leq	inf	7.0
1777921798.293544	zeek	gauge	zeek_msgthread_pending_messages_out_buckets	leq	10000	7.0
1777921798.293544	zeek	gauge	zeek_msgthread_pending_messages_out_buckets	leq	1000	7.0
1777921798.293544	zeek	gauge	zeek_msgthread_pending_messages_out_buckets	leq	100	7.0
1777921798.293544	zeek	gauge	zeek_msgthread_pending_messages_out_buckets	leq	10	7.0
1777921798.293544	zeek	gauge	zeek_msgthread_pending_messages_out_buckets	leq	1	7.0
1777921798.293544	zeek	gauge	zeek_broker_peers	(empty)	(empty)	0.0
1777921798.293544	zeek	gauge	zeek_broker_stores	(empty)	(empty)	1.0
1777921798.293544	zeek	gauge	zeek_broker_pending_queries	(empty)	(empty)	0.0
1777921798.293544	zeek	gauge	zeek_timers_lag_time_seconds	(empty)	(empty)	0.000161
1777921798.293544	zeek	gauge	zeek_timers_pending	type	LogDelayExpire	0.0
1777921798.293544	zeek	gauge	zeek_timers_pending	type	ThreadHeartbeat	1.0
1777921798.293544	zeek	gauge	zeek_timers_pending	type	TimerMgrExpireTimer	0.0
1777921798.293544	zeek	gauge	zeek_timers_pending	type	ParentProcessIDCheck	0.0
1777921798.293544	zeek	gauge	zeek_timers_pending	type	FragTimer	0.0
1777921798.293544	zeek	gauge	zeek_timers_pending	type	RotateTimer	0.0
1777921798.293544	zeek	gauge	zeek_timers_pending	type	FlowWeirdTimer	0.0
1777921798.293544	zeek	gauge	zeek_timers_pending	type	FileAnalysisInactivityTimer	0.0
1777921798.293544	zeek	gauge	zeek_timers_pending	type	StorageExpire	1.0
1777921798.293544	zeek	gauge	zeek_timers_pending	type	ConnectionInactivityTimer	0.0
1777921798.293544	zeek	gauge	zeek_timers_pending	type	TCPConnectionExpireTimer	0.0
1777921798.293544	zeek	gauge	zeek_timers_pending	type	ConnectionStatusUpdateTimer	0.0
1777921798.293544	zeek	gauge	zeek_timers_pending	type	LogFlushWriteBufferTimer	1.0
1777921798.293544	zeek	gauge	zeek_timers_pending	type	NetWeirdTimer	0.0
1777921798.293544	zeek	gauge	zeek_timers_pending	type	InterconnTimer	0.0
1777921798.293544	zeek	gauge	zeek_timers_pending	type	IPTunnelInactivityTimer	0.0
1777921798.293544	zeek	gauge	zeek_timers_pending	type	DNSExpireTimer	0.0
1777921798.293544	zeek	gauge	zeek_timers_pending	type	UnknownProtocolExpire	0.0
1777921798.293544	zeek	gauge	zeek_timers_pending	type	ProfileTimer	0.0
1777921798.293544	zeek	gauge	zeek_timers_pending	type	ConnectionExpireTimer	0.0
1777921798.293544	zeek	gauge	zeek_timers_pending	type	BreakpointTimer	0.0
1777921798.293544	zeek	gauge	zeek_timers_pending	type	BackdoorTimer	0.0
1777921798.293544	zeek	gauge	zeek_timers_pending	type	NetbiosExpireTimer	0.0
1777921798.293544	zeek	gauge	zeek_timers_pending	type	NetworkTimer	0.0
1777921798.293544	zeek	gauge	zeek_timers_pending	type	RemoveConnection	0.0
1777921798.293544	zeek	gauge	zeek_timers_pending	type	TCPConnectionResetTimer	0.0
1777921798.293544	zeek	gauge	zeek_timers_pending	type	ConnTupleWeirdTimer	0.0
1777921798.293544	zeek	gauge	zeek_timers_pending	type	TCPConnectionDeleteTimer	0.0
1777921798.293544	zeek	gauge	zeek_timers_pending	type	ScheduleTimer	6.0
1777921798.293544	zeek	gauge	zeek_timers_pending	type	NTPExpireTimer	0.0
1777921798.293544	zeek	gauge	zeek_timers_pending	type	RPCExpireTimer	0.0
1777921798.293544	zeek	gauge	zeek_timers_pending	type	ConnectionDeleteTimer	0.0
1777921798.293544	zeek	gauge	zeek_timers_pending	type	TriggerTimer	0.0
1777921798.293544	zeek	gauge	zeek_timers_pending	type	TableValTimer	34.0
1777921798.293544	zeek	gauge	zeek_timers_pending	type	TCPConnectionAttemptTimer	0.0
1777921798.293544	zeek	gauge	zeek_timers_pending	type	TCPConnectionPartialClose	0.0
1777921798.293544	zeek	gauge	zeek_dnsmgr_pending_asyncs_requests	(empty)	(empty)	0.0
1777921798.293544	zeek	gauge	zeek_dnsmgr_cache_entries	type	text	0.0
1777921798.293544	zeek	gauge	zeek_dnsmgr_cache_entries	type	address	0.0
1777921798.293544	zeek	gauge	zeek_dnsmgr_cache_entries	type	host	0.0
1777921798.293544	zeek	gauge	zeek_pending_triggers	(empty)	(empty)	0.0
1777921798.293544	zeek	gauge	zeek_active_sessions	protocol	unknown	0.0
1777921798.293544	zeek	gauge	zeek_active_sessions	protocol	icmp	0.0
1777921798.293544	zeek	gauge	zeek_active_sessions	protocol	udp	0.0
1777921798.293544	zeek	gauge	zeek_active_sessions	protocol	tcp	0.0
1777921858.294341	zeek	counter	process_cpu_user_seconds_total	(empty)	(empty)	2.17
1777921858.294341	zeek	counter	process_cpu_system_seconds_total	(empty)	(empty)	1.06
1777921858.294341	zeek	gauge	process_resident_memory_bytes	(empty)	(empty)	284684288.0
1777921858.294341	zeek	gauge	process_virtual_memory_bytes	(empty)	(empty)	1543462912.0
1777921858.294341	zeek	gauge	process_open_fds	(empty)	(empty)	43.0
1777921858.294341	zeek	gauge	process_start_time_seconds	(empty)	(empty)	1777920597.582311
1777921858.294341	zeek	counter	zeek_log_stream_writes_total	module,stream	Conn,Conn::LOG	14.0
1777921858.294341	zeek	counter	zeek_log_stream_writes_total	module,stream	CaptureLoss,CaptureLoss::LOG	2.0
1777921858.294341	zeek	counter	zeek_log_stream_writes_total	module,stream	Notice,Notice::LOG	2.0
1777921858.294341	zeek	counter	zeek_log_stream_writes_total	module,stream	Stats,Stats::LOG	5.0
1777921858.294341	zeek	counter	zeek_log_stream_writes_total	module,stream	Telemetry,Telemetry::LOG	3048.0
1777921858.294341	zeek	counter	zeek_log_stream_writes_total	module,stream	LoadedScripts,LoadedScripts::LOG	538.0
1777921858.294341	zeek	counter	zeek_log_stream_writes_total	module,stream	PacketFilter,PacketFilter::LOG	1.0
1777921858.294341	zeek	counter	zeek_log_writer_writes_total	filter_name,module,path,stream,writer	default,Conn,conn,Conn::LOG,Log::WRITER_ASCII	14.0
1777921858.294341	zeek	counter	zeek_log_writer_writes_total	filter_name,module,path,stream,writer	default,CaptureLoss,capture_loss,CaptureLoss::LOG,Log::WRITER_ASCII	2.0
1777921858.294341	zeek	counter	zeek_log_writer_writes_total	filter_name,module,path,stream,writer	default,Notice,notice,Notice::LOG,Log::WRITER_ASCII	2.0
1777921858.294341	zeek	counter	zeek_log_writer_writes_total	filter_name,module,path,stream,writer	default,Stats,stats,Stats::LOG,Log::WRITER_ASCII	5.0
1777921858.294341	zeek	counter	zeek_log_writer_writes_total	filter_name,module,path,stream,writer	default,Telemetry,telemetry,Telemetry::LOG,Log::WRITER_ASCII	3048.0
1777921858.294341	zeek	counter	zeek_log_writer_writes_total	filter_name,module,path,stream,writer	default,LoadedScripts,loaded_scripts,LoadedScripts::LOG,Log::WRITER_ASCII	538.0
1777921858.294341	zeek	counter	zeek_log_writer_writes_total	filter_name,module,path,stream,writer	default,PacketFilter,packet_filter,PacketFilter::LOG,Log::WRITER_ASCII	1.0
1777921858.294341	zeek	counter	zeek_log_writer_discarded_writes_total	filter_name,module,path,stream,writer	default,Conn,conn,Conn::LOG,Log::WRITER_ASCII	0.0
1777921858.294341	zeek	counter	zeek_log_writer_discarded_writes_total	filter_name,module,path,stream,writer	default,CaptureLoss,capture_loss,CaptureLoss::LOG,Log::WRITER_ASCII	0.0
1777921858.294341	zeek	counter	zeek_log_writer_discarded_writes_total	filter_name,module,path,stream,writer	default,Notice,notice,Notice::LOG,Log::WRITER_ASCII	0.0
1777921858.294341	zeek	counter	zeek_log_writer_discarded_writes_total	filter_name,module,path,stream,writer	default,Stats,stats,Stats::LOG,Log::WRITER_ASCII	0.0
1777921858.294341	zeek	counter	zeek_log_writer_discarded_writes_total	filter_name,module,path,stream,writer	default,Telemetry,telemetry,Telemetry::LOG,Log::WRITER_ASCII	0.0
1777921858.294341	zeek	counter	zeek_log_writer_discarded_writes_total	filter_name,module,path,stream,writer	default,LoadedScripts,loaded_scripts,LoadedScripts::LOG,Log::WRITER_ASCII	0.0
1777921858.294341	zeek	counter	zeek_log_writer_discarded_writes_total	filter_name,module,path,stream,writer	default,PacketFilter,packet_filter,PacketFilter::LOG,Log::WRITER_ASCII	0.0
1777921858.294341	zeek	counter	zeek_log_writer_truncated_string_fields_total	filter_name,module,path,stream,writer	default,Conn,conn,Conn::LOG,Log::WRITER_ASCII	0.0
1777921858.294341	zeek	counter	zeek_log_writer_truncated_string_fields_total	filter_name,module,path,stream,writer	default,CaptureLoss,capture_loss,CaptureLoss::LOG,Log::WRITER_ASCII	0.0
1777921858.294341	zeek	counter	zeek_log_writer_truncated_string_fields_total	filter_name,module,path,stream,writer	default,Notice,notice,Notice::LOG,Log::WRITER_ASCII	0.0
1777921858.294341	zeek	counter	zeek_log_writer_truncated_string_fields_total	filter_name,module,path,stream,writer	default,Stats,stats,Stats::LOG,Log::WRITER_ASCII	0.0
1777921858.294341	zeek	counter	zeek_log_writer_truncated_string_fields_total	filter_name,module,path,stream,writer	default,Telemetry,telemetry,Telemetry::LOG,Log::WRITER_ASCII	0.0
1777921858.294341	zeek	counter	zeek_log_writer_truncated_string_fields_total	filter_name,module,path,stream,writer	default,LoadedScripts,loaded_scripts,LoadedScripts::LOG,Log::WRITER_ASCII	0.0
1777921858.294341	zeek	counter	zeek_log_writer_truncated_string_fields_total	filter_name,module,path,stream,writer	default,PacketFilter,packet_filter,PacketFilter::LOG,Log::WRITER_ASCII	0.0
1777921858.294341	zeek	counter	zeek_log_writer_truncated_containers_total	filter_name,module,path,stream,writer	default,Conn,conn,Conn::LOG,Log::WRITER_ASCII	0.0
1777921858.294341	zeek	counter	zeek_log_writer_truncated_containers_total	filter_name,module,path,stream,writer	default,CaptureLoss,capture_loss,CaptureLoss::LOG,Log::WRITER_ASCII	0.0
1777921858.294341	zeek	counter	zeek_log_writer_truncated_containers_total	filter_name,module,path,stream,writer	default,Notice,notice,Notice::LOG,Log::WRITER_ASCII	0.0
1777921858.294341	zeek	counter	zeek_log_writer_truncated_containers_total	filter_name,module,path,stream,writer	default,Stats,stats,Stats::LOG,Log::WRITER_ASCII	0.0
1777921858.294341	zeek	counter	zeek_log_writer_truncated_containers_total	filter_name,module,path,stream,writer	default,Telemetry,telemetry,Telemetry::LOG,Log::WRITER_ASCII	0.0
1777921858.294341	zeek	counter	zeek_log_writer_truncated_containers_total	filter_name,module,path,stream,writer	default,LoadedScripts,loaded_scripts,LoadedScripts::LOG,Log::WRITER_ASCII	0.0
1777921858.294341	zeek	counter	zeek_log_writer_truncated_containers_total	filter_name,module,path,stream,writer	default,PacketFilter,packet_filter,PacketFilter::LOG,Log::WRITER_ASCII	0.0
1777921858.294341	zeek	counter	zeek_net_received_bytes_total	(empty)	(empty)	4963.0
1777921858.294341	zeek	counter	zeek_net_received_packets_total	(empty)	(empty)	37.0
1777921858.294341	zeek	counter	zeek_net_dropped_packets_total	(empty)	(empty)	0.0
1777921858.294341	zeek	counter	zeek_net_link_packets_total	(empty)	(empty)	37.0
1777921858.294341	zeek	counter	zeek_msgthread_threads_total	(empty)	(empty)	7.0
1777921858.294341	zeek	counter	zeek_msgthread_in_messages_total	(empty)	(empty)	47.0
1777921858.294341	zeek	counter	zeek_msgthread_out_messages_total	(empty)	(empty)	0.0
1777921858.294341	zeek	counter	zeek_cluster_core_outgoing_events_total	(empty)	(empty)	0.0
1777921858.294341	zeek	counter	zeek_cluster_core_incoming_events_total	(empty)	(empty)	0.0
1777921858.294341	zeek	counter	zeek_broker_incoming_events_total	(empty)	(empty)	0.0
1777921858.294341	zeek	counter	zeek_broker_outgoing_events_total	(empty)	(empty)	0.0
1777921858.294341	zeek	counter	zeek_broker_incoming_logs_total	(empty)	(empty)	0.0
1777921858.294341	zeek	counter	zeek_broker_outgoing_logs_total	(empty)	(empty)	0.0
1777921858.294341	zeek	counter	zeek_broker_incoming_ids_total	(empty)	(empty)	0.0
1777921858.294341	zeek	counter	zeek_broker_outgoing_ids_total	(empty)	(empty)	0.0
1777921858.294341	zeek	counter	zeek_timers_total	(empty)	(empty)	8293.0
1777921858.294341	zeek	counter	zeek_dnsmgr_requests_total	(empty)	(empty)	0.0
1777921858.294341	zeek	counter	zeek_dnsmgr_successful_requests_total	(empty)	(empty)	0.0
1777921858.294341	zeek	counter	zeek_dnsmgr_failed_requests_total	(empty)	(empty)	0.0
1777921858.294341	zeek	counter	zeek_triggers_total	(empty)	(empty)	0.0
1777921858.294341	zeek	counter	zeek_ended_sessions_total	reason	inactivity	14.0
1777921858.294341	zeek	counter	zeek_event_handler_invocations_total	name	connection_state_remove	14.0
1777921858.294341	zeek	counter	zeek_event_handler_invocations_total	name	zeek_init	1.0
1777921858.294341	zeek	counter	zeek_event_handler_invocations_total	name	Telemetry::log	22.0
1777921858.294341	zeek	counter	zeek_event_handler_invocations_total	name	NetControl::init	1.0
1777921858.294341	zeek	counter	zeek_event_handler_invocations_total	name	ChecksumOffloading::check	2.0
1777921858.294341	zeek	counter	zeek_event_handler_invocations_total	name	grab_vulnerable_versions	2.0
1777921858.294341	zeek	counter	zeek_event_handler_invocations_total	name	filter_change_tracking	6.0
1777921858.294341	zeek	counter	zeek_event_handler_invocations_total	name	Broker::log_flush	1259.0
1777921858.294341	zeek	counter	zeek_event_handler_invocations_total	name	zeek_script_loaded	538.0
1777921858.294341	zeek	counter	zeek_event_handler_invocations_total	name	new_connection	14.0
1777921858.294341	zeek	counter	zeek_event_handler_invocations_total	name	check_stats	5.0
1777921858.294341	zeek	counter	zeek_event_handler_invocations_total	name	CaptureLoss::take_measurement	3.0
1777921858.294341	zeek	counter	zeek_event_handler_invocations_total	name	net_stats_update	5.0
1777921858.294341	zeek	counter	zeek_event_handler_invocations_total	name	SumStats::finish_epoch	3.0
1777921858.294341	zeek	counter	zeek_total_sessions_total	protocol	unknown	1.0
1777921858.294341	zeek	counter	zeek_total_sessions_total	protocol	icmp	7.0
1777921858.294341	zeek	counter	zeek_total_sessions_total	protocol	udp	6.0
1777921858.294341	zeek	counter	zeek_total_sessions_total	protocol	tcp	0.0
1777921858.294341	zeek	gauge	zeek_version_info	beta,commit,debug,major,minor,patch,version_number,version_string	false,0,false,8,1,2,80102,8.1.2	1.0
1777921858.294341	zeek	gauge	zeek_net_packet_lag_seconds	(empty)	(empty)	0.002652
1777921858.294341	zeek	gauge	zeek_net_timestamp_seconds	(empty)	(empty)	1777921858.294341
1777921858.294341	zeek	gauge	zeek_msgthread_active_threads	(empty)	(empty)	7.0
1777921858.294341	zeek	gauge	zeek_msgthread_pending_in_messages	(empty)	(empty)	0.0
1777921858.294341	zeek	gauge	zeek_msgthread_pending_out_messages	(empty)	(empty)	0.0
1777921858.294341	zeek	gauge	zeek_msgthread_pending_messages_in_buckets	leq	inf	7.0
1777921858.294341	zeek	gauge	zeek_msgthread_pending_messages_in_buckets	leq	10000	7.0
1777921858.294341	zeek	gauge	zeek_msgthread_pending_messages_in_buckets	leq	1000	7.0
1777921858.294341	zeek	gauge	zeek_msgthread_pending_messages_in_buckets	leq	100	7.0
1777921858.294341	zeek	gauge	zeek_msgthread_pending_messages_in_buckets	leq	10	7.0
1777921858.294341	zeek	gauge	zeek_msgthread_pending_messages_in_buckets	leq	1	7.0
1777921858.294341	zeek	gauge	zeek_msgthread_pending_messages_out_buckets	leq	inf	7.0
1777921858.294341	zeek	gauge	zeek_msgthread_pending_messages_out_buckets	leq	10000	7.0
1777921858.294341	zeek	gauge	zeek_msgthread_pending_messages_out_buckets	leq	1000	7.0
1777921858.294341	zeek	gauge	zeek_msgthread_pending_messages_out_buckets	leq	100	7.0
1777921858.294341	zeek	gauge	zeek_msgthread_pending_messages_out_buckets	leq	10	7.0
1777921858.294341	zeek	gauge	zeek_msgthread_pending_messages_out_buckets	leq	1	7.0
1777921858.294341	zeek	gauge	zeek_broker_peers	(empty)	(empty)	0.0
1777921858.294341	zeek	gauge	zeek_broker_stores	(empty)	(empty)	1.0
1777921858.294341	zeek	gauge	zeek_broker_pending_queries	(empty)	(empty)	0.0
1777921858.294341	zeek	gauge	zeek_timers_lag_time_seconds	(empty)	(empty)	0.000797
1777921858.294341	zeek	gauge	zeek_timers_pending	type	LogDelayExpire	0.0
1777921858.294341	zeek	gauge	zeek_timers_pending	type	ThreadHeartbeat	1.0
1777921858.294341	zeek	gauge	zeek_timers_pending	type	TimerMgrExpireTimer	0.0
1777921858.294341	zeek	gauge	zeek_timers_pending	type	ParentProcessIDCheck	0.0
1777921858.294341	zeek	gauge	zeek_timers_pending	type	FragTimer	0.0
1777921858.294341	zeek	gauge	zeek_timers_pending	type	RotateTimer	0.0
1777921858.294341	zeek	gauge	zeek_timers_pending	type	FlowWeirdTimer	0.0
1777921858.294341	zeek	gauge	zeek_timers_pending	type	FileAnalysisInactivityTimer	0.0
1777921858.294341	zeek	gauge	zeek_timers_pending	type	StorageExpire	1.0
1777921858.294341	zeek	gauge	zeek_timers_pending	type	ConnectionInactivityTimer	0.0
1777921858.294341	zeek	gauge	zeek_timers_pending	type	TCPConnectionExpireTimer	0.0
1777921858.294341	zeek	gauge	zeek_timers_pending	type	ConnectionStatusUpdateTimer	0.0
1777921858.294341	zeek	gauge	zeek_timers_pending	type	LogFlushWriteBufferTimer	1.0
1777921858.294341	zeek	gauge	zeek_timers_pending	type	NetWeirdTimer	0.0
1777921858.294341	zeek	gauge	zeek_timers_pending	type	InterconnTimer	0.0
1777921858.294341	zeek	gauge	zeek_timers_pending	type	IPTunnelInactivityTimer	0.0
1777921858.294341	zeek	gauge	zeek_timers_pending	type	DNSExpireTimer	0.0
1777921858.294341	zeek	gauge	zeek_timers_pending	type	UnknownProtocolExpire	0.0
1777921858.294341	zeek	gauge	zeek_timers_pending	type	ProfileTimer	0.0
1777921858.294341	zeek	gauge	zeek_timers_pending	type	ConnectionExpireTimer	0.0
1777921858.294341	zeek	gauge	zeek_timers_pending	type	BreakpointTimer	0.0
1777921858.294341	zeek	gauge	zeek_timers_pending	type	BackdoorTimer	0.0
1777921858.294341	zeek	gauge	zeek_timers_pending	type	NetbiosExpireTimer	0.0
1777921858.294341	zeek	gauge	zeek_timers_pending	type	NetworkTimer	0.0
1777921858.294341	zeek	gauge	zeek_timers_pending	type	RemoveConnection	0.0
1777921858.294341	zeek	gauge	zeek_timers_pending	type	TCPConnectionResetTimer	0.0
1777921858.294341	zeek	gauge	zeek_timers_pending	type	ConnTupleWeirdTimer	0.0
1777921858.294341	zeek	gauge	zeek_timers_pending	type	TCPConnectionDeleteTimer	0.0
1777921858.294341	zeek	gauge	zeek_timers_pending	type	ScheduleTimer	6.0
1777921858.294341	zeek	gauge	zeek_timers_pending	type	NTPExpireTimer	0.0
1777921858.294341	zeek	gauge	zeek_timers_pending	type	RPCExpireTimer	0.0
1777921858.294341	zeek	gauge	zeek_timers_pending	type	ConnectionDeleteTimer	0.0
1777921858.294341	zeek	gauge	zeek_timers_pending	type	TriggerTimer	0.0
1777921858.294341	zeek	gauge	zeek_timers_pending	type	TableValTimer	34.0
1777921858.294341	zeek	gauge	zeek_timers_pending	type	TCPConnectionAttemptTimer	0.0
1777921858.294341	zeek	gauge	zeek_timers_pending	type	TCPConnectionPartialClose	0.0
1777921858.294341	zeek	gauge	zeek_dnsmgr_pending_asyncs_requests	(empty)	(empty)	0.0
1777921858.294341	zeek	gauge	zeek_dnsmgr_cache_entries	type	text	0.0
1777921858.294341	zeek	gauge	zeek_dnsmgr_cache_entries	type	address	0.0
1777921858.294341	zeek	gauge	zeek_dnsmgr_cache_entries	type	host	0.0
1777921858.294341	zeek	gauge	zeek_pending_triggers	(empty)	(empty)	0.0
1777921858.294341	zeek	gauge	zeek_active_sessions	protocol	unknown	0.0
1777921858.294341	zeek	gauge	zeek_active_sessions	protocol	icmp	0.0
1777921858.294341	zeek	gauge	zeek_active_sessions	protocol	udp	0.0
1777921858.294341	zeek	gauge	zeek_active_sessions	protocol	tcp	0.0
1777921918.295071	zeek	counter	process_cpu_user_seconds_total	(empty)	(empty)	2.25
1777921918.295071	zeek	counter	process_cpu_system_seconds_total	(empty)	(empty)	1.12
1777921918.295071	zeek	gauge	process_resident_memory_bytes	(empty)	(empty)	284684288.0
1777921918.295071	zeek	gauge	process_virtual_memory_bytes	(empty)	(empty)	1543462912.0
1777921918.295071	zeek	gauge	process_open_fds	(empty)	(empty)	43.0
1777921918.295071	zeek	gauge	process_start_time_seconds	(empty)	(empty)	1777920597.582311
1777921918.295071	zeek	counter	zeek_log_stream_writes_total	module,stream	Conn,Conn::LOG	14.0
1777921918.295071	zeek	counter	zeek_log_stream_writes_total	module,stream	CaptureLoss,CaptureLoss::LOG	2.0
1777921918.295071	zeek	counter	zeek_log_stream_writes_total	module,stream	Notice,Notice::LOG	2.0
1777921918.295071	zeek	counter	zeek_log_stream_writes_total	module,stream	Stats,Stats::LOG	5.0
1777921918.295071	zeek	counter	zeek_log_stream_writes_total	module,stream	Telemetry,Telemetry::LOG	3195.0
1777921918.295071	zeek	counter	zeek_log_stream_writes_total	module,stream	LoadedScripts,LoadedScripts::LOG	538.0
1777921918.295071	zeek	counter	zeek_log_stream_writes_total	module,stream	PacketFilter,PacketFilter::LOG	1.0
1777921918.295071	zeek	counter	zeek_log_writer_writes_total	filter_name,module,path,stream,writer	default,Conn,conn,Conn::LOG,Log::WRITER_ASCII	14.0
1777921918.295071	zeek	counter	zeek_log_writer_writes_total	filter_name,module,path,stream,writer	default,CaptureLoss,capture_loss,CaptureLoss::LOG,Log::WRITER_ASCII	2.0
1777921918.295071	zeek	counter	zeek_log_writer_writes_total	filter_name,module,path,stream,writer	default,Notice,notice,Notice::LOG,Log::WRITER_ASCII	2.0
1777921918.295071	zeek	counter	zeek_log_writer_writes_total	filter_name,module,path,stream,writer	default,Stats,stats,Stats::LOG,Log::WRITER_ASCII	5.0
1777921918.295071	zeek	counter	zeek_log_writer_writes_total	filter_name,module,path,stream,writer	default,Telemetry,telemetry,Telemetry::LOG,Log::WRITER_ASCII	3195.0
1777921918.295071	zeek	counter	zeek_log_writer_writes_total	filter_name,module,path,stream,writer	default,LoadedScripts,loaded_scripts,LoadedScripts::LOG,Log::WRITER_ASCII	538.0
1777921918.295071	zeek	counter	zeek_log_writer_writes_total	filter_name,module,path,stream,writer	default,PacketFilter,packet_filter,PacketFilter::LOG,Log::WRITER_ASCII	1.0
1777921918.295071	zeek	counter	zeek_log_writer_discarded_writes_total	filter_name,module,path,stream,writer	default,Conn,conn,Conn::LOG,Log::WRITER_ASCII	0.0
1777921918.295071	zeek	counter	zeek_log_writer_discarded_writes_total	filter_name,module,path,stream,writer	default,CaptureLoss,capture_loss,CaptureLoss::LOG,Log::WRITER_ASCII	0.0
1777921918.295071	zeek	counter	zeek_log_writer_discarded_writes_total	filter_name,module,path,stream,writer	default,Notice,notice,Notice::LOG,Log::WRITER_ASCII	0.0
1777921918.295071	zeek	counter	zeek_log_writer_discarded_writes_total	filter_name,module,path,stream,writer	default,Stats,stats,Stats::LOG,Log::WRITER_ASCII	0.0
1777921918.295071	zeek	counter	zeek_log_writer_discarded_writes_total	filter_name,module,path,stream,writer	default,Telemetry,telemetry,Telemetry::LOG,Log::WRITER_ASCII	0.0
1777921918.295071	zeek	counter	zeek_log_writer_discarded_writes_total	filter_name,module,path,stream,writer	default,LoadedScripts,loaded_scripts,LoadedScripts::LOG,Log::WRITER_ASCII	0.0
1777921918.295071	zeek	counter	zeek_log_writer_discarded_writes_total	filter_name,module,path,stream,writer	default,PacketFilter,packet_filter,PacketFilter::LOG,Log::WRITER_ASCII	0.0
1777921918.295071	zeek	counter	zeek_log_writer_truncated_string_fields_total	filter_name,module,path,stream,writer	default,Conn,conn,Conn::LOG,Log::WRITER_ASCII	0.0
1777921918.295071	zeek	counter	zeek_log_writer_truncated_string_fields_total	filter_name,module,path,stream,writer	default,CaptureLoss,capture_loss,CaptureLoss::LOG,Log::WRITER_ASCII	0.0
1777921918.295071	zeek	counter	zeek_log_writer_truncated_string_fields_total	filter_name,module,path,stream,writer	default,Notice,notice,Notice::LOG,Log::WRITER_ASCII	0.0
1777921918.295071	zeek	counter	zeek_log_writer_truncated_string_fields_total	filter_name,module,path,stream,writer	default,Stats,stats,Stats::LOG,Log::WRITER_ASCII	0.0
1777921918.295071	zeek	counter	zeek_log_writer_truncated_string_fields_total	filter_name,module,path,stream,writer	default,Telemetry,telemetry,Telemetry::LOG,Log::WRITER_ASCII	0.0
1777921918.295071	zeek	counter	zeek_log_writer_truncated_string_fields_total	filter_name,module,path,stream,writer	default,LoadedScripts,loaded_scripts,LoadedScripts::LOG,Log::WRITER_ASCII	0.0
1777921918.295071	zeek	counter	zeek_log_writer_truncated_string_fields_total	filter_name,module,path,stream,writer	default,PacketFilter,packet_filter,PacketFilter::LOG,Log::WRITER_ASCII	0.0
1777921918.295071	zeek	counter	zeek_log_writer_truncated_containers_total	filter_name,module,path,stream,writer	default,Conn,conn,Conn::LOG,Log::WRITER_ASCII	0.0
1777921918.295071	zeek	counter	zeek_log_writer_truncated_containers_total	filter_name,module,path,stream,writer	default,CaptureLoss,capture_loss,CaptureLoss::LOG,Log::WRITER_ASCII	0.0
1777921918.295071	zeek	counter	zeek_log_writer_truncated_containers_total	filter_name,module,path,stream,writer	default,Notice,notice,Notice::LOG,Log::WRITER_ASCII	0.0
1777921918.295071	zeek	counter	zeek_log_writer_truncated_containers_total	filter_name,module,path,stream,writer	default,Stats,stats,Stats::LOG,Log::WRITER_ASCII	0.0
1777921918.295071	zeek	counter	zeek_log_writer_truncated_containers_total	filter_name,module,path,stream,writer	default,Telemetry,telemetry,Telemetry::LOG,Log::WRITER_ASCII	0.0
1777921918.295071	zeek	counter	zeek_log_writer_truncated_containers_total	filter_name,module,path,stream,writer	default,LoadedScripts,loaded_scripts,LoadedScripts::LOG,Log::WRITER_ASCII	0.0
1777921918.295071	zeek	counter	zeek_log_writer_truncated_containers_total	filter_name,module,path,stream,writer	default,PacketFilter,packet_filter,PacketFilter::LOG,Log::WRITER_ASCII	0.0
1777921918.295071	zeek	counter	zeek_net_received_bytes_total	(empty)	(empty)	4963.0
1777921918.295071	zeek	counter	zeek_net_received_packets_total	(empty)	(empty)	37.0
1777921918.295071	zeek	counter	zeek_net_dropped_packets_total	(empty)	(empty)	0.0
1777921918.295071	zeek	counter	zeek_net_link_packets_total	(empty)	(empty)	37.0
1777921918.295071	zeek	counter	zeek_msgthread_threads_total	(empty)	(empty)	7.0
1777921918.295071	zeek	counter	zeek_msgthread_in_messages_total	(empty)	(empty)	48.0
1777921918.295071	zeek	counter	zeek_msgthread_out_messages_total	(empty)	(empty)	0.0
1777921918.295071	zeek	counter	zeek_cluster_core_outgoing_events_total	(empty)	(empty)	0.0
1777921918.295071	zeek	counter	zeek_cluster_core_incoming_events_total	(empty)	(empty)	0.0
1777921918.295071	zeek	counter	zeek_broker_incoming_events_total	(empty)	(empty)	0.0
1777921918.295071	zeek	counter	zeek_broker_outgoing_events_total	(empty)	(empty)	0.0
1777921918.295071	zeek	counter	zeek_broker_incoming_logs_total	(empty)	(empty)	0.0
1777921918.295071	zeek	counter	zeek_broker_outgoing_logs_total	(empty)	(empty)	0.0
1777921918.295071	zeek	counter	zeek_broker_incoming_ids_total	(empty)	(empty)	0.0
1777921918.295071	zeek	counter	zeek_broker_outgoing_ids_total	(empty)	(empty)	0.0
1777921918.295071	zeek	counter	zeek_timers_total	(empty)	(empty)	8682.0
1777921918.295071	zeek	counter	zeek_dnsmgr_requests_total	(empty)	(empty)	0.0
1777921918.295071	zeek	counter	zeek_dnsmgr_successful_requests_total	(empty)	(empty)	0.0
1777921918.295071	zeek	counter	zeek_dnsmgr_failed_requests_total	(empty)	(empty)	0.0
1777921918.295071	zeek	counter	zeek_triggers_total	(empty)	(empty)	0.0
1777921918.295071	zeek	counter	zeek_ended_sessions_total	reason	inactivity	14.0
1777921918.295071	zeek	counter	zeek_event_handler_invocations_total	name	connection_state_remove	14.0
1777921918.295071	zeek	counter	zeek_event_handler_invocations_total	name	zeek_init	1.0
1777921918.295071	zeek	counter	zeek_event_handler_invocations_total	name	Telemetry::log	23.0
1777921918.295071	zeek	counter	zeek_event_handler_invocations_total	name	NetControl::init	1.0
1777921918.295071	zeek	counter	zeek_event_handler_invocations_total	name	ChecksumOffloading::check	2.0
1777921918.295071	zeek	counter	zeek_event_handler_invocations_total	name	grab_vulnerable_versions	2.0
1777921918.295071	zeek	counter	zeek_event_handler_invocations_total	name	filter_change_tracking	6.0
1777921918.295071	zeek	counter	zeek_event_handler_invocations_total	name	Broker::log_flush	1319.0
1777921918.295071	zeek	counter	zeek_event_handler_invocations_total	name	zeek_script_loaded	538.0
1777921918.295071	zeek	counter	zeek_event_handler_invocations_total	name	new_connection	14.0
1777921918.295071	zeek	counter	zeek_event_handler_invocations_total	name	check_stats	5.0
1777921918.295071	zeek	counter	zeek_event_handler_invocations_total	name	CaptureLoss::take_measurement	3.0
1777921918.295071	zeek	counter	zeek_event_handler_invocations_total	name	net_stats_update	5.0
1777921918.295071	zeek	counter	zeek_event_handler_invocations_total	name	SumStats::finish_epoch	3.0
1777921918.295071	zeek	counter	zeek_total_sessions_total	protocol	unknown	1.0
1777921918.295071	zeek	counter	zeek_total_sessions_total	protocol	icmp	7.0
1777921918.295071	zeek	counter	zeek_total_sessions_total	protocol	udp	6.0
1777921918.295071	zeek	counter	zeek_total_sessions_total	protocol	tcp	0.0
1777921918.295071	zeek	gauge	zeek_version_info	beta,commit,debug,major,minor,patch,version_number,version_string	false,0,false,8,1,2,80102,8.1.2	1.0
1777921918.295071	zeek	gauge	zeek_net_packet_lag_seconds	(empty)	(empty)	0.00263
1777921918.295071	zeek	gauge	zeek_net_timestamp_seconds	(empty)	(empty)	1777921918.295071
1777921918.295071	zeek	gauge	zeek_msgthread_active_threads	(empty)	(empty)	7.0
1777921918.295071	zeek	gauge	zeek_msgthread_pending_in_messages	(empty)	(empty)	0.0
1777921918.295071	zeek	gauge	zeek_msgthread_pending_out_messages	(empty)	(empty)	0.0
1777921918.295071	zeek	gauge	zeek_msgthread_pending_messages_in_buckets	leq	inf	7.0
1777921918.295071	zeek	gauge	zeek_msgthread_pending_messages_in_buckets	leq	10000	7.0
1777921918.295071	zeek	gauge	zeek_msgthread_pending_messages_in_buckets	leq	1000	7.0
1777921918.295071	zeek	gauge	zeek_msgthread_pending_messages_in_buckets	leq	100	7.0
1777921918.295071	zeek	gauge	zeek_msgthread_pending_messages_in_buckets	leq	10	7.0
1777921918.295071	zeek	gauge	zeek_msgthread_pending_messages_in_buckets	leq	1	7.0
1777921918.295071	zeek	gauge	zeek_msgthread_pending_messages_out_buckets	leq	inf	7.0
1777921918.295071	zeek	gauge	zeek_msgthread_pending_messages_out_buckets	leq	10000	7.0
1777921918.295071	zeek	gauge	zeek_msgthread_pending_messages_out_buckets	leq	1000	7.0
1777921918.295071	zeek	gauge	zeek_msgthread_pending_messages_out_buckets	leq	100	7.0
1777921918.295071	zeek	gauge	zeek_msgthread_pending_messages_out_buckets	leq	10	7.0
1777921918.295071	zeek	gauge	zeek_msgthread_pending_messages_out_buckets	leq	1	7.0
1777921918.295071	zeek	gauge	zeek_broker_peers	(empty)	(empty)	0.0
1777921918.295071	zeek	gauge	zeek_broker_stores	(empty)	(empty)	1.0
1777921918.295071	zeek	gauge	zeek_broker_pending_queries	(empty)	(empty)	0.0
1777921918.295071	zeek	gauge	zeek_timers_lag_time_seconds	(empty)	(empty)	0.00073
1777921918.295071	zeek	gauge	zeek_timers_pending	type	LogDelayExpire	0.0
1777921918.295071	zeek	gauge	zeek_timers_pending	type	ThreadHeartbeat	1.0
1777921918.295071	zeek	gauge	zeek_timers_pending	type	TimerMgrExpireTimer	0.0
1777921918.295071	zeek	gauge	zeek_timers_pending	type	ParentProcessIDCheck	0.0
1777921918.295071	zeek	gauge	zeek_timers_pending	type	FragTimer	0.0
1777921918.295071	zeek	gauge	zeek_timers_pending	type	RotateTimer	0.0
1777921918.295071	zeek	gauge	zeek_timers_pending	type	FlowWeirdTimer	0.0
1777921918.295071	zeek	gauge	zeek_timers_pending	type	FileAnalysisInactivityTimer	0.0
1777921918.295071	zeek	gauge	zeek_timers_pending	type	StorageExpire	1.0
1777921918.295071	zeek	gauge	zeek_timers_pending	type	ConnectionInactivityTimer	0.0
1777921918.295071	zeek	gauge	zeek_timers_pending	type	TCPConnectionExpireTimer	0.0
1777921918.295071	zeek	gauge	zeek_timers_pending	type	ConnectionStatusUpdateTimer	0.0
1777921918.295071	zeek	gauge	zeek_timers_pending	type	LogFlushWriteBufferTimer	1.0
1777921918.295071	zeek	gauge	zeek_timers_pending	type	NetWeirdTimer	0.0
1777921918.295071	zeek	gauge	zeek_timers_pending	type	InterconnTimer	0.0
1777921918.295071	zeek	gauge	zeek_timers_pending	type	IPTunnelInactivityTimer	0.0
1777921918.295071	zeek	gauge	zeek_timers_pending	type	DNSExpireTimer	0.0
1777921918.295071	zeek	gauge	zeek_timers_pending	type	UnknownProtocolExpire	0.0
1777921918.295071	zeek	gauge	zeek_timers_pending	type	ProfileTimer	0.0
1777921918.295071	zeek	gauge	zeek_timers_pending	type	ConnectionExpireTimer	0.0
1777921918.295071	zeek	gauge	zeek_timers_pending	type	BreakpointTimer	0.0
1777921918.295071	zeek	gauge	zeek_timers_pending	type	BackdoorTimer	0.0
1777921918.295071	zeek	gauge	zeek_timers_pending	type	NetbiosExpireTimer	0.0
1777921918.295071	zeek	gauge	zeek_timers_pending	type	NetworkTimer	0.0
1777921918.295071	zeek	gauge	zeek_timers_pending	type	RemoveConnection	0.0
1777921918.295071	zeek	gauge	zeek_timers_pending	type	TCPConnectionResetTimer	0.0
1777921918.295071	zeek	gauge	zeek_timers_pending	type	ConnTupleWeirdTimer	0.0
1777921918.295071	zeek	gauge	zeek_timers_pending	type	TCPConnectionDeleteTimer	0.0
1777921918.295071	zeek	gauge	zeek_timers_pending	type	ScheduleTimer	6.0
1777921918.295071	zeek	gauge	zeek_timers_pending	type	NTPExpireTimer	0.0
1777921918.295071	zeek	gauge	zeek_timers_pending	type	RPCExpireTimer	0.0
1777921918.295071	zeek	gauge	zeek_timers_pending	type	ConnectionDeleteTimer	0.0
1777921918.295071	zeek	gauge	zeek_timers_pending	type	TriggerTimer	0.0
1777921918.295071	zeek	gauge	zeek_timers_pending	type	TableValTimer	34.0
1777921918.295071	zeek	gauge	zeek_timers_pending	type	TCPConnectionAttemptTimer	0.0
1777921918.295071	zeek	gauge	zeek_timers_pending	type	TCPConnectionPartialClose	0.0
1777921918.295071	zeek	gauge	zeek_dnsmgr_pending_asyncs_requests	(empty)	(empty)	0.0
1777921918.295071	zeek	gauge	zeek_dnsmgr_cache_entries	type	text	0.0
1777921918.295071	zeek	gauge	zeek_dnsmgr_cache_entries	type	address	0.0
1777921918.295071	zeek	gauge	zeek_dnsmgr_cache_entries	type	host	0.0
1777921918.295071	zeek	gauge	zeek_pending_triggers	(empty)	(empty)	0.0
1777921918.295071	zeek	gauge	zeek_active_sessions	protocol	unknown	0.0
1777921918.295071	zeek	gauge	zeek_active_sessions	protocol	icmp	0.0
1777921918.295071	zeek	gauge	zeek_active_sessions	protocol	udp	0.0
1777921918.295071	zeek	gauge	zeek_active_sessions	protocol	tcp	0.0
1777921978.295752	zeek	counter	process_cpu_user_seconds_total	(empty)	(empty)	2.33
1777921978.295752	zeek	counter	process_cpu_system_seconds_total	(empty)	(empty)	1.18
1777921978.295752	zeek	gauge	process_resident_memory_bytes	(empty)	(empty)	284684288.0
1777921978.295752	zeek	gauge	process_virtual_memory_bytes	(empty)	(empty)	1543462912.0
1777921978.295752	zeek	gauge	process_open_fds	(empty)	(empty)	43.0
1777921978.295752	zeek	gauge	process_start_time_seconds	(empty)	(empty)	1777920597.582311
1777921978.295752	zeek	counter	zeek_log_stream_writes_total	module,stream	Conn,Conn::LOG	14.0
1777921978.295752	zeek	counter	zeek_log_stream_writes_total	module,stream	CaptureLoss,CaptureLoss::LOG	2.0
1777921978.295752	zeek	counter	zeek_log_stream_writes_total	module,stream	Notice,Notice::LOG	2.0
1777921978.295752	zeek	counter	zeek_log_stream_writes_total	module,stream	Stats,Stats::LOG	5.0
1777921978.295752	zeek	counter	zeek_log_stream_writes_total	module,stream	Telemetry,Telemetry::LOG	3342.0
1777921978.295752	zeek	counter	zeek_log_stream_writes_total	module,stream	LoadedScripts,LoadedScripts::LOG	538.0
1777921978.295752	zeek	counter	zeek_log_stream_writes_total	module,stream	PacketFilter,PacketFilter::LOG	1.0
1777921978.295752	zeek	counter	zeek_log_writer_writes_total	filter_name,module,path,stream,writer	default,Conn,conn,Conn::LOG,Log::WRITER_ASCII	14.0
1777921978.295752	zeek	counter	zeek_log_writer_writes_total	filter_name,module,path,stream,writer	default,CaptureLoss,capture_loss,CaptureLoss::LOG,Log::WRITER_ASCII	2.0
1777921978.295752	zeek	counter	zeek_log_writer_writes_total	filter_name,module,path,stream,writer	default,Notice,notice,Notice::LOG,Log::WRITER_ASCII	2.0
1777921978.295752	zeek	counter	zeek_log_writer_writes_total	filter_name,module,path,stream,writer	default,Stats,stats,Stats::LOG,Log::WRITER_ASCII	5.0
1777921978.295752	zeek	counter	zeek_log_writer_writes_total	filter_name,module,path,stream,writer	default,Telemetry,telemetry,Telemetry::LOG,Log::WRITER_ASCII	3342.0
1777921978.295752	zeek	counter	zeek_log_writer_writes_total	filter_name,module,path,stream,writer	default,LoadedScripts,loaded_scripts,LoadedScripts::LOG,Log::WRITER_ASCII	538.0
1777921978.295752	zeek	counter	zeek_log_writer_writes_total	filter_name,module,path,stream,writer	default,PacketFilter,packet_filter,PacketFilter::LOG,Log::WRITER_ASCII	1.0
1777921978.295752	zeek	counter	zeek_log_writer_discarded_writes_total	filter_name,module,path,stream,writer	default,Conn,conn,Conn::LOG,Log::WRITER_ASCII	0.0
1777921978.295752	zeek	counter	zeek_log_writer_discarded_writes_total	filter_name,module,path,stream,writer	default,CaptureLoss,capture_loss,CaptureLoss::LOG,Log::WRITER_ASCII	0.0
1777921978.295752	zeek	counter	zeek_log_writer_discarded_writes_total	filter_name,module,path,stream,writer	default,Notice,notice,Notice::LOG,Log::WRITER_ASCII	0.0
1777921978.295752	zeek	counter	zeek_log_writer_discarded_writes_total	filter_name,module,path,stream,writer	default,Stats,stats,Stats::LOG,Log::WRITER_ASCII	0.0
1777921978.295752	zeek	counter	zeek_log_writer_discarded_writes_total	filter_name,module,path,stream,writer	default,Telemetry,telemetry,Telemetry::LOG,Log::WRITER_ASCII	0.0
1777921978.295752	zeek	counter	zeek_log_writer_discarded_writes_total	filter_name,module,path,stream,writer	default,LoadedScripts,loaded_scripts,LoadedScripts::LOG,Log::WRITER_ASCII	0.0
1777921978.295752	zeek	counter	zeek_log_writer_discarded_writes_total	filter_name,module,path,stream,writer	default,PacketFilter,packet_filter,PacketFilter::LOG,Log::WRITER_ASCII	0.0
1777921978.295752	zeek	counter	zeek_log_writer_truncated_string_fields_total	filter_name,module,path,stream,writer	default,Conn,conn,Conn::LOG,Log::WRITER_ASCII	0.0
1777921978.295752	zeek	counter	zeek_log_writer_truncated_string_fields_total	filter_name,module,path,stream,writer	default,CaptureLoss,capture_loss,CaptureLoss::LOG,Log::WRITER_ASCII	0.0
1777921978.295752	zeek	counter	zeek_log_writer_truncated_string_fields_total	filter_name,module,path,stream,writer	default,Notice,notice,Notice::LOG,Log::WRITER_ASCII	0.0
1777921978.295752	zeek	counter	zeek_log_writer_truncated_string_fields_total	filter_name,module,path,stream,writer	default,Stats,stats,Stats::LOG,Log::WRITER_ASCII	0.0
1777921978.295752	zeek	counter	zeek_log_writer_truncated_string_fields_total	filter_name,module,path,stream,writer	default,Telemetry,telemetry,Telemetry::LOG,Log::WRITER_ASCII	0.0
1777921978.295752	zeek	counter	zeek_log_writer_truncated_string_fields_total	filter_name,module,path,stream,writer	default,LoadedScripts,loaded_scripts,LoadedScripts::LOG,Log::WRITER_ASCII	0.0
1777921978.295752	zeek	counter	zeek_log_writer_truncated_string_fields_total	filter_name,module,path,stream,writer	default,PacketFilter,packet_filter,PacketFilter::LOG,Log::WRITER_ASCII	0.0
1777921978.295752	zeek	counter	zeek_log_writer_truncated_containers_total	filter_name,module,path,stream,writer	default,Conn,conn,Conn::LOG,Log::WRITER_ASCII	0.0
1777921978.295752	zeek	counter	zeek_log_writer_truncated_containers_total	filter_name,module,path,stream,writer	default,CaptureLoss,capture_loss,CaptureLoss::LOG,Log::WRITER_ASCII	0.0
1777921978.295752	zeek	counter	zeek_log_writer_truncated_containers_total	filter_name,module,path,stream,writer	default,Notice,notice,Notice::LOG,Log::WRITER_ASCII	0.0
1777921978.295752	zeek	counter	zeek_log_writer_truncated_containers_total	filter_name,module,path,stream,writer	default,Stats,stats,Stats::LOG,Log::WRITER_ASCII	0.0
1777921978.295752	zeek	counter	zeek_log_writer_truncated_containers_total	filter_name,module,path,stream,writer	default,Telemetry,telemetry,Telemetry::LOG,Log::WRITER_ASCII	0.0
1777921978.295752	zeek	counter	zeek_log_writer_truncated_containers_total	filter_name,module,path,stream,writer	default,LoadedScripts,loaded_scripts,LoadedScripts::LOG,Log::WRITER_ASCII	0.0
1777921978.295752	zeek	counter	zeek_log_writer_truncated_containers_total	filter_name,module,path,stream,writer	default,PacketFilter,packet_filter,PacketFilter::LOG,Log::WRITER_ASCII	0.0
1777921978.295752	zeek	counter	zeek_net_received_bytes_total	(empty)	(empty)	4963.0
1777921978.295752	zeek	counter	zeek_net_received_packets_total	(empty)	(empty)	37.0
1777921978.295752	zeek	counter	zeek_net_dropped_packets_total	(empty)	(empty)	0.0
1777921978.295752	zeek	counter	zeek_net_link_packets_total	(empty)	(empty)	37.0
1777921978.295752	zeek	counter	zeek_msgthread_threads_total	(empty)	(empty)	7.0
1777921978.295752	zeek	counter	zeek_msgthread_in_messages_total	(empty)	(empty)	49.0
1777921978.295752	zeek	counter	zeek_msgthread_out_messages_total	(empty)	(empty)	0.0
1777921978.295752	zeek	counter	zeek_cluster_core_outgoing_events_total	(empty)	(empty)	0.0
1777921978.295752	zeek	counter	zeek_cluster_core_incoming_events_total	(empty)	(empty)	0.0
1777921978.295752	zeek	counter	zeek_broker_incoming_events_total	(empty)	(empty)	0.0
1777921978.295752	zeek	counter	zeek_broker_outgoing_events_total	(empty)	(empty)	0.0
1777921978.295752	zeek	counter	zeek_broker_incoming_logs_total	(empty)	(empty)	0.0
1777921978.295752	zeek	counter	zeek_broker_outgoing_logs_total	(empty)	(empty)	0.0
1777921978.295752	zeek	counter	zeek_broker_incoming_ids_total	(empty)	(empty)	0.0
1777921978.295752	zeek	counter	zeek_broker_outgoing_ids_total	(empty)	(empty)	0.0
1777921978.295752	zeek	counter	zeek_timers_total	(empty)	(empty)	9071.0
1777921978.295752	zeek	counter	zeek_dnsmgr_requests_total	(empty)	(empty)	0.0
1777921978.295752	zeek	counter	zeek_dnsmgr_successful_requests_total	(empty)	(empty)	0.0
1777921978.295752	zeek	counter	zeek_dnsmgr_failed_requests_total	(empty)	(empty)	0.0
1777921978.295752	zeek	counter	zeek_triggers_total	(empty)	(empty)	0.0
1777921978.295752	zeek	counter	zeek_ended_sessions_total	reason	inactivity	14.0
1777921978.295752	zeek	counter	zeek_event_handler_invocations_total	name	connection_state_remove	14.0
1777921978.295752	zeek	counter	zeek_event_handler_invocations_total	name	zeek_init	1.0
1777921978.295752	zeek	counter	zeek_event_handler_invocations_total	name	Telemetry::log	24.0
1777921978.295752	zeek	counter	zeek_event_handler_invocations_total	name	NetControl::init	1.0
1777921978.295752	zeek	counter	zeek_event_handler_invocations_total	name	ChecksumOffloading::check	2.0
1777921978.295752	zeek	counter	zeek_event_handler_invocations_total	name	grab_vulnerable_versions	2.0
1777921978.295752	zeek	counter	zeek_event_handler_invocations_total	name	filter_change_tracking	6.0
1777921978.295752	zeek	counter	zeek_event_handler_invocations_total	name	Broker::log_flush	1379.0
1777921978.295752	zeek	counter	zeek_event_handler_invocations_total	name	zeek_script_loaded	538.0
1777921978.295752	zeek	counter	zeek_event_handler_invocations_total	name	new_connection	14.0
1777921978.295752	zeek	counter	zeek_event_handler_invocations_total	name	check_stats	5.0
1777921978.295752	zeek	counter	zeek_event_handler_invocations_total	name	CaptureLoss::take_measurement	3.0
1777921978.295752	zeek	counter	zeek_event_handler_invocations_total	name	net_stats_update	5.0
1777921978.295752	zeek	counter	zeek_event_handler_invocations_total	name	SumStats::finish_epoch	3.0
1777921978.295752	zeek	counter	zeek_total_sessions_total	protocol	unknown	1.0
1777921978.295752	zeek	counter	zeek_total_sessions_total	protocol	icmp	7.0
1777921978.295752	zeek	counter	zeek_total_sessions_total	protocol	udp	6.0
1777921978.295752	zeek	counter	zeek_total_sessions_total	protocol	tcp	0.0
1777921978.295752	zeek	gauge	zeek_version_info	beta,commit,debug,major,minor,patch,version_number,version_string	false,0,false,8,1,2,80102,8.1.2	1.0
1777921978.295752	zeek	gauge	zeek_net_packet_lag_seconds	(empty)	(empty)	0.002543
1777921978.295752	zeek	gauge	zeek_net_timestamp_seconds	(empty)	(empty)	1777921978.295752
1777921978.295752	zeek	gauge	zeek_msgthread_active_threads	(empty)	(empty)	7.0
1777921978.295752	zeek	gauge	zeek_msgthread_pending_in_messages	(empty)	(empty)	0.0
1777921978.295752	zeek	gauge	zeek_msgthread_pending_out_messages	(empty)	(empty)	0.0
1777921978.295752	zeek	gauge	zeek_msgthread_pending_messages_in_buckets	leq	inf	7.0
1777921978.295752	zeek	gauge	zeek_msgthread_pending_messages_in_buckets	leq	10000	7.0
1777921978.295752	zeek	gauge	zeek_msgthread_pending_messages_in_buckets	leq	1000	7.0
1777921978.295752	zeek	gauge	zeek_msgthread_pending_messages_in_buckets	leq	100	7.0
1777921978.295752	zeek	gauge	zeek_msgthread_pending_messages_in_buckets	leq	10	7.0
1777921978.295752	zeek	gauge	zeek_msgthread_pending_messages_in_buckets	leq	1	7.0
1777921978.295752	zeek	gauge	zeek_msgthread_pending_messages_out_buckets	leq	inf	7.0
1777921978.295752	zeek	gauge	zeek_msgthread_pending_messages_out_buckets	leq	10000	7.0
1777921978.295752	zeek	gauge	zeek_msgthread_pending_messages_out_buckets	leq	1000	7.0
1777921978.295752	zeek	gauge	zeek_msgthread_pending_messages_out_buckets	leq	100	7.0
1777921978.295752	zeek	gauge	zeek_msgthread_pending_messages_out_buckets	leq	10	7.0
1777921978.295752	zeek	gauge	zeek_msgthread_pending_messages_out_buckets	leq	1	7.0
1777921978.295752	zeek	gauge	zeek_broker_peers	(empty)	(empty)	0.0
1777921978.295752	zeek	gauge	zeek_broker_stores	(empty)	(empty)	1.0
1777921978.295752	zeek	gauge	zeek_broker_pending_queries	(empty)	(empty)	0.0
1777921978.295752	zeek	gauge	zeek_timers_lag_time_seconds	(empty)	(empty)	0.000681
1777921978.295752	zeek	gauge	zeek_timers_pending	type	LogDelayExpire	0.0
1777921978.295752	zeek	gauge	zeek_timers_pending	type	ThreadHeartbeat	1.0
1777921978.295752	zeek	gauge	zeek_timers_pending	type	TimerMgrExpireTimer	0.0
1777921978.295752	zeek	gauge	zeek_timers_pending	type	ParentProcessIDCheck	0.0
1777921978.295752	zeek	gauge	zeek_timers_pending	type	FragTimer	0.0
1777921978.295752	zeek	gauge	zeek_timers_pending	type	RotateTimer	0.0
1777921978.295752	zeek	gauge	zeek_timers_pending	type	FlowWeirdTimer	0.0
1777921978.295752	zeek	gauge	zeek_timers_pending	type	FileAnalysisInactivityTimer	0.0
1777921978.295752	zeek	gauge	zeek_timers_pending	type	StorageExpire	1.0
1777921978.295752	zeek	gauge	zeek_timers_pending	type	ConnectionInactivityTimer	0.0
1777921978.295752	zeek	gauge	zeek_timers_pending	type	TCPConnectionExpireTimer	0.0
1777921978.295752	zeek	gauge	zeek_timers_pending	type	ConnectionStatusUpdateTimer	0.0
1777921978.295752	zeek	gauge	zeek_timers_pending	type	LogFlushWriteBufferTimer	1.0
1777921978.295752	zeek	gauge	zeek_timers_pending	type	NetWeirdTimer	0.0
1777921978.295752	zeek	gauge	zeek_timers_pending	type	InterconnTimer	0.0
1777921978.295752	zeek	gauge	zeek_timers_pending	type	IPTunnelInactivityTimer	0.0
1777921978.295752	zeek	gauge	zeek_timers_pending	type	DNSExpireTimer	0.0
1777921978.295752	zeek	gauge	zeek_timers_pending	type	UnknownProtocolExpire	0.0
1777921978.295752	zeek	gauge	zeek_timers_pending	type	ProfileTimer	0.0
1777921978.295752	zeek	gauge	zeek_timers_pending	type	ConnectionExpireTimer	0.0
1777921978.295752	zeek	gauge	zeek_timers_pending	type	BreakpointTimer	0.0
1777921978.295752	zeek	gauge	zeek_timers_pending	type	BackdoorTimer	0.0
1777921978.295752	zeek	gauge	zeek_timers_pending	type	NetbiosExpireTimer	0.0
1777921978.295752	zeek	gauge	zeek_timers_pending	type	NetworkTimer	0.0
1777921978.295752	zeek	gauge	zeek_timers_pending	type	RemoveConnection	0.0
1777921978.295752	zeek	gauge	zeek_timers_pending	type	TCPConnectionResetTimer	0.0
1777921978.295752	zeek	gauge	zeek_timers_pending	type	ConnTupleWeirdTimer	0.0
1777921978.295752	zeek	gauge	zeek_timers_pending	type	TCPConnectionDeleteTimer	0.0
1777921978.295752	zeek	gauge	zeek_timers_pending	type	ScheduleTimer	6.0
1777921978.295752	zeek	gauge	zeek_timers_pending	type	NTPExpireTimer	0.0
1777921978.295752	zeek	gauge	zeek_timers_pending	type	RPCExpireTimer	0.0
1777921978.295752	zeek	gauge	zeek_timers_pending	type	ConnectionDeleteTimer	0.0
1777921978.295752	zeek	gauge	zeek_timers_pending	type	TriggerTimer	0.0
1777921978.295752	zeek	gauge	zeek_timers_pending	type	TableValTimer	34.0
1777921978.295752	zeek	gauge	zeek_timers_pending	type	TCPConnectionAttemptTimer	0.0
1777921978.295752	zeek	gauge	zeek_timers_pending	type	TCPConnectionPartialClose	0.0
1777921978.295752	zeek	gauge	zeek_dnsmgr_pending_asyncs_requests	(empty)	(empty)	0.0
1777921978.295752	zeek	gauge	zeek_dnsmgr_cache_entries	type	text	0.0
1777921978.295752	zeek	gauge	zeek_dnsmgr_cache_entries	type	address	0.0
1777921978.295752	zeek	gauge	zeek_dnsmgr_cache_entries	type	host	0.0
1777921978.295752	zeek	gauge	zeek_pending_triggers	(empty)	(empty)	0.0
1777921978.295752	zeek	gauge	zeek_active_sessions	protocol	unknown	0.0
1777921978.295752	zeek	gauge	zeek_active_sessions	protocol	icmp	0.0
1777921978.295752	zeek	gauge	zeek_active_sessions	protocol	udp	0.0
1777921978.295752	zeek	gauge	zeek_active_sessions	protocol	tcp	0.0
1777922038.296374	zeek	counter	process_cpu_user_seconds_total	(empty)	(empty)	2.4
1777922038.296374	zeek	counter	process_cpu_system_seconds_total	(empty)	(empty)	1.24
1777922038.296374	zeek	gauge	process_resident_memory_bytes	(empty)	(empty)	284684288.0
1777922038.296374	zeek	gauge	process_virtual_memory_bytes	(empty)	(empty)	1543462912.0
1777922038.296374	zeek	gauge	process_open_fds	(empty)	(empty)	43.0
1777922038.296374	zeek	gauge	process_start_time_seconds	(empty)	(empty)	1777920597.582311
1777922038.296374	zeek	counter	zeek_log_stream_writes_total	module,stream	Conn,Conn::LOG	14.0
1777922038.296374	zeek	counter	zeek_log_stream_writes_total	module,stream	CaptureLoss,CaptureLoss::LOG	2.0
1777922038.296374	zeek	counter	zeek_log_stream_writes_total	module,stream	Notice,Notice::LOG	2.0
1777922038.296374	zeek	counter	zeek_log_stream_writes_total	module,stream	Stats,Stats::LOG	5.0
1777922038.296374	zeek	counter	zeek_log_stream_writes_total	module,stream	Telemetry,Telemetry::LOG	3489.0
1777922038.296374	zeek	counter	zeek_log_stream_writes_total	module,stream	LoadedScripts,LoadedScripts::LOG	538.0
1777922038.296374	zeek	counter	zeek_log_stream_writes_total	module,stream	PacketFilter,PacketFilter::LOG	1.0
1777922038.296374	zeek	counter	zeek_log_writer_writes_total	filter_name,module,path,stream,writer	default,Conn,conn,Conn::LOG,Log::WRITER_ASCII	14.0
1777922038.296374	zeek	counter	zeek_log_writer_writes_total	filter_name,module,path,stream,writer	default,CaptureLoss,capture_loss,CaptureLoss::LOG,Log::WRITER_ASCII	2.0
1777922038.296374	zeek	counter	zeek_log_writer_writes_total	filter_name,module,path,stream,writer	default,Notice,notice,Notice::LOG,Log::WRITER_ASCII	2.0
1777922038.296374	zeek	counter	zeek_log_writer_writes_total	filter_name,module,path,stream,writer	default,Stats,stats,Stats::LOG,Log::WRITER_ASCII	5.0
1777922038.296374	zeek	counter	zeek_log_writer_writes_total	filter_name,module,path,stream,writer	default,Telemetry,telemetry,Telemetry::LOG,Log::WRITER_ASCII	3489.0
1777922038.296374	zeek	counter	zeek_log_writer_writes_total	filter_name,module,path,stream,writer	default,LoadedScripts,loaded_scripts,LoadedScripts::LOG,Log::WRITER_ASCII	538.0
1777922038.296374	zeek	counter	zeek_log_writer_writes_total	filter_name,module,path,stream,writer	default,PacketFilter,packet_filter,PacketFilter::LOG,Log::WRITER_ASCII	1.0
1777922038.296374	zeek	counter	zeek_log_writer_discarded_writes_total	filter_name,module,path,stream,writer	default,Conn,conn,Conn::LOG,Log::WRITER_ASCII	0.0
1777922038.296374	zeek	counter	zeek_log_writer_discarded_writes_total	filter_name,module,path,stream,writer	default,CaptureLoss,capture_loss,CaptureLoss::LOG,Log::WRITER_ASCII	0.0
1777922038.296374	zeek	counter	zeek_log_writer_discarded_writes_total	filter_name,module,path,stream,writer	default,Notice,notice,Notice::LOG,Log::WRITER_ASCII	0.0
1777922038.296374	zeek	counter	zeek_log_writer_discarded_writes_total	filter_name,module,path,stream,writer	default,Stats,stats,Stats::LOG,Log::WRITER_ASCII	0.0
1777922038.296374	zeek	counter	zeek_log_writer_discarded_writes_total	filter_name,module,path,stream,writer	default,Telemetry,telemetry,Telemetry::LOG,Log::WRITER_ASCII	0.0
1777922038.296374	zeek	counter	zeek_log_writer_discarded_writes_total	filter_name,module,path,stream,writer	default,LoadedScripts,loaded_scripts,LoadedScripts::LOG,Log::WRITER_ASCII	0.0
1777922038.296374	zeek	counter	zeek_log_writer_discarded_writes_total	filter_name,module,path,stream,writer	default,PacketFilter,packet_filter,PacketFilter::LOG,Log::WRITER_ASCII	0.0
1777922038.296374	zeek	counter	zeek_log_writer_truncated_string_fields_total	filter_name,module,path,stream,writer	default,Conn,conn,Conn::LOG,Log::WRITER_ASCII	0.0
1777922038.296374	zeek	counter	zeek_log_writer_truncated_string_fields_total	filter_name,module,path,stream,writer	default,CaptureLoss,capture_loss,CaptureLoss::LOG,Log::WRITER_ASCII	0.0
1777922038.296374	zeek	counter	zeek_log_writer_truncated_string_fields_total	filter_name,module,path,stream,writer	default,Notice,notice,Notice::LOG,Log::WRITER_ASCII	0.0
1777922038.296374	zeek	counter	zeek_log_writer_truncated_string_fields_total	filter_name,module,path,stream,writer	default,Stats,stats,Stats::LOG,Log::WRITER_ASCII	0.0
1777922038.296374	zeek	counter	zeek_log_writer_truncated_string_fields_total	filter_name,module,path,stream,writer	default,Telemetry,telemetry,Telemetry::LOG,Log::WRITER_ASCII	0.0
1777922038.296374	zeek	counter	zeek_log_writer_truncated_string_fields_total	filter_name,module,path,stream,writer	default,LoadedScripts,loaded_scripts,LoadedScripts::LOG,Log::WRITER_ASCII	0.0
1777922038.296374	zeek	counter	zeek_log_writer_truncated_string_fields_total	filter_name,module,path,stream,writer	default,PacketFilter,packet_filter,PacketFilter::LOG,Log::WRITER_ASCII	0.0
1777922038.296374	zeek	counter	zeek_log_writer_truncated_containers_total	filter_name,module,path,stream,writer	default,Conn,conn,Conn::LOG,Log::WRITER_ASCII	0.0
1777922038.296374	zeek	counter	zeek_log_writer_truncated_containers_total	filter_name,module,path,stream,writer	default,CaptureLoss,capture_loss,CaptureLoss::LOG,Log::WRITER_ASCII	0.0
1777922038.296374	zeek	counter	zeek_log_writer_truncated_containers_total	filter_name,module,path,stream,writer	default,Notice,notice,Notice::LOG,Log::WRITER_ASCII	0.0
1777922038.296374	zeek	counter	zeek_log_writer_truncated_containers_total	filter_name,module,path,stream,writer	default,Stats,stats,Stats::LOG,Log::WRITER_ASCII	0.0
1777922038.296374	zeek	counter	zeek_log_writer_truncated_containers_total	filter_name,module,path,stream,writer	default,Telemetry,telemetry,Telemetry::LOG,Log::WRITER_ASCII	0.0
1777922038.296374	zeek	counter	zeek_log_writer_truncated_containers_total	filter_name,module,path,stream,writer	default,LoadedScripts,loaded_scripts,LoadedScripts::LOG,Log::WRITER_ASCII	0.0
1777922038.296374	zeek	counter	zeek_log_writer_truncated_containers_total	filter_name,module,path,stream,writer	default,PacketFilter,packet_filter,PacketFilter::LOG,Log::WRITER_ASCII	0.0
1777922038.296374	zeek	counter	zeek_net_received_bytes_total	(empty)	(empty)	4963.0
1777922038.296374	zeek	counter	zeek_net_received_packets_total	(empty)	(empty)	37.0
1777922038.296374	zeek	counter	zeek_net_dropped_packets_total	(empty)	(empty)	0.0
1777922038.296374	zeek	counter	zeek_net_link_packets_total	(empty)	(empty)	37.0
1777922038.296374	zeek	counter	zeek_msgthread_threads_total	(empty)	(empty)	7.0
1777922038.296374	zeek	counter	zeek_msgthread_in_messages_total	(empty)	(empty)	50.0
1777922038.296374	zeek	counter	zeek_msgthread_out_messages_total	(empty)	(empty)	0.0
1777922038.296374	zeek	counter	zeek_cluster_core_outgoing_events_total	(empty)	(empty)	0.0
1777922038.296374	zeek	counter	zeek_cluster_core_incoming_events_total	(empty)	(empty)	0.0
1777922038.296374	zeek	counter	zeek_broker_incoming_events_total	(empty)	(empty)	0.0
1777922038.296374	zeek	counter	zeek_broker_outgoing_events_total	(empty)	(empty)	0.0
1777922038.296374	zeek	counter	zeek_broker_incoming_logs_total	(empty)	(empty)	0.0
1777922038.296374	zeek	counter	zeek_broker_outgoing_logs_total	(empty)	(empty)	0.0
1777922038.296374	zeek	counter	zeek_broker_incoming_ids_total	(empty)	(empty)	0.0
1777922038.296374	zeek	counter	zeek_broker_outgoing_ids_total	(empty)	(empty)	0.0
1777922038.296374	zeek	counter	zeek_timers_total	(empty)	(empty)	9460.0
1777922038.296374	zeek	counter	zeek_dnsmgr_requests_total	(empty)	(empty)	0.0
1777922038.296374	zeek	counter	zeek_dnsmgr_successful_requests_total	(empty)	(empty)	0.0
1777922038.296374	zeek	counter	zeek_dnsmgr_failed_requests_total	(empty)	(empty)	0.0
1777922038.296374	zeek	counter	zeek_triggers_total	(empty)	(empty)	0.0
1777922038.296374	zeek	counter	zeek_ended_sessions_total	reason	inactivity	14.0
1777922038.296374	zeek	counter	zeek_event_handler_invocations_total	name	connection_state_remove	14.0
1777922038.296374	zeek	counter	zeek_event_handler_invocations_total	name	zeek_init	1.0
1777922038.296374	zeek	counter	zeek_event_handler_invocations_total	name	Telemetry::log	25.0
1777922038.296374	zeek	counter	zeek_event_handler_invocations_total	name	NetControl::init	1.0
1777922038.296374	zeek	counter	zeek_event_handler_invocations_total	name	ChecksumOffloading::check	2.0
1777922038.296374	zeek	counter	zeek_event_handler_invocations_total	name	grab_vulnerable_versions	2.0
1777922038.296374	zeek	counter	zeek_event_handler_invocations_total	name	filter_change_tracking	6.0
1777922038.296374	zeek	counter	zeek_event_handler_invocations_total	name	Broker::log_flush	1439.0
1777922038.296374	zeek	counter	zeek_event_handler_invocations_total	name	zeek_script_loaded	538.0
1777922038.296374	zeek	counter	zeek_event_handler_invocations_total	name	new_connection	14.0
1777922038.296374	zeek	counter	zeek_event_handler_invocations_total	name	check_stats	5.0
1777922038.296374	zeek	counter	zeek_event_handler_invocations_total	name	CaptureLoss::take_measurement	3.0
1777922038.296374	zeek	counter	zeek_event_handler_invocations_total	name	net_stats_update	5.0
1777922038.296374	zeek	counter	zeek_event_handler_invocations_total	name	SumStats::finish_epoch	3.0
1777922038.296374	zeek	counter	zeek_total_sessions_total	protocol	unknown	1.0
1777922038.296374	zeek	counter	zeek_total_sessions_total	protocol	icmp	7.0
1777922038.296374	zeek	counter	zeek_total_sessions_total	protocol	udp	6.0
1777922038.296374	zeek	counter	zeek_total_sessions_total	protocol	tcp	0.0
1777922038.296374	zeek	gauge	zeek_version_info	beta,commit,debug,major,minor,patch,version_number,version_string	false,0,false,8,1,2,80102,8.1.2	1.0
1777922038.296374	zeek	gauge	zeek_net_packet_lag_seconds	(empty)	(empty)	0.002535
1777922038.296374	zeek	gauge	zeek_net_timestamp_seconds	(empty)	(empty)	1777922038.296374
1777922038.296374	zeek	gauge	zeek_msgthread_active_threads	(empty)	(empty)	7.0
1777922038.296374	zeek	gauge	zeek_msgthread_pending_in_messages	(empty)	(empty)	0.0
1777922038.296374	zeek	gauge	zeek_msgthread_pending_out_messages	(empty)	(empty)	0.0
1777922038.296374	zeek	gauge	zeek_msgthread_pending_messages_in_buckets	leq	inf	7.0
1777922038.296374	zeek	gauge	zeek_msgthread_pending_messages_in_buckets	leq	10000	7.0
1777922038.296374	zeek	gauge	zeek_msgthread_pending_messages_in_buckets	leq	1000	7.0
1777922038.296374	zeek	gauge	zeek_msgthread_pending_messages_in_buckets	leq	100	7.0
1777922038.296374	zeek	gauge	zeek_msgthread_pending_messages_in_buckets	leq	10	7.0
1777922038.296374	zeek	gauge	zeek_msgthread_pending_messages_in_buckets	leq	1	7.0
1777922038.296374	zeek	gauge	zeek_msgthread_pending_messages_out_buckets	leq	inf	7.0
1777922038.296374	zeek	gauge	zeek_msgthread_pending_messages_out_buckets	leq	10000	7.0
1777922038.296374	zeek	gauge	zeek_msgthread_pending_messages_out_buckets	leq	1000	7.0
1777922038.296374	zeek	gauge	zeek_msgthread_pending_messages_out_buckets	leq	100	7.0
1777922038.296374	zeek	gauge	zeek_msgthread_pending_messages_out_buckets	leq	10	7.0
1777922038.296374	zeek	gauge	zeek_msgthread_pending_messages_out_buckets	leq	1	7.0
1777922038.296374	zeek	gauge	zeek_broker_peers	(empty)	(empty)	0.0
1777922038.296374	zeek	gauge	zeek_broker_stores	(empty)	(empty)	1.0
1777922038.296374	zeek	gauge	zeek_broker_pending_queries	(empty)	(empty)	0.0
1777922038.296374	zeek	gauge	zeek_timers_lag_time_seconds	(empty)	(empty)	0.000622
1777922038.296374	zeek	gauge	zeek_timers_pending	type	LogDelayExpire	0.0
1777922038.296374	zeek	gauge	zeek_timers_pending	type	ThreadHeartbeat	1.0
1777922038.296374	zeek	gauge	zeek_timers_pending	type	TimerMgrExpireTimer	0.0
1777922038.296374	zeek	gauge	zeek_timers_pending	type	ParentProcessIDCheck	0.0
1777922038.296374	zeek	gauge	zeek_timers_pending	type	FragTimer	0.0
1777922038.296374	zeek	gauge	zeek_timers_pending	type	RotateTimer	0.0
1777922038.296374	zeek	gauge	zeek_timers_pending	type	FlowWeirdTimer	0.0
1777922038.296374	zeek	gauge	zeek_timers_pending	type	FileAnalysisInactivityTimer	0.0
1777922038.296374	zeek	gauge	zeek_timers_pending	type	StorageExpire	1.0
1777922038.296374	zeek	gauge	zeek_timers_pending	type	ConnectionInactivityTimer	0.0
1777922038.296374	zeek	gauge	zeek_timers_pending	type	TCPConnectionExpireTimer	0.0
1777922038.296374	zeek	gauge	zeek_timers_pending	type	ConnectionStatusUpdateTimer	0.0
1777922038.296374	zeek	gauge	zeek_timers_pending	type	LogFlushWriteBufferTimer	1.0
1777922038.296374	zeek	gauge	zeek_timers_pending	type	NetWeirdTimer	0.0
1777922038.296374	zeek	gauge	zeek_timers_pending	type	InterconnTimer	0.0
1777922038.296374	zeek	gauge	zeek_timers_pending	type	IPTunnelInactivityTimer	0.0
1777922038.296374	zeek	gauge	zeek_timers_pending	type	DNSExpireTimer	0.0
1777922038.296374	zeek	gauge	zeek_timers_pending	type	UnknownProtocolExpire	0.0
1777922038.296374	zeek	gauge	zeek_timers_pending	type	ProfileTimer	0.0
1777922038.296374	zeek	gauge	zeek_timers_pending	type	ConnectionExpireTimer	0.0
1777922038.296374	zeek	gauge	zeek_timers_pending	type	BreakpointTimer	0.0
1777922038.296374	zeek	gauge	zeek_timers_pending	type	BackdoorTimer	0.0
1777922038.296374	zeek	gauge	zeek_timers_pending	type	NetbiosExpireTimer	0.0
1777922038.296374	zeek	gauge	zeek_timers_pending	type	NetworkTimer	0.0
1777922038.296374	zeek	gauge	zeek_timers_pending	type	RemoveConnection	0.0
1777922038.296374	zeek	gauge	zeek_timers_pending	type	TCPConnectionResetTimer	0.0
1777922038.296374	zeek	gauge	zeek_timers_pending	type	ConnTupleWeirdTimer	0.0
1777922038.296374	zeek	gauge	zeek_timers_pending	type	TCPConnectionDeleteTimer	0.0
1777922038.296374	zeek	gauge	zeek_timers_pending	type	ScheduleTimer	6.0
1777922038.296374	zeek	gauge	zeek_timers_pending	type	NTPExpireTimer	0.0
1777922038.296374	zeek	gauge	zeek_timers_pending	type	RPCExpireTimer	0.0
1777922038.296374	zeek	gauge	zeek_timers_pending	type	ConnectionDeleteTimer	0.0
1777922038.296374	zeek	gauge	zeek_timers_pending	type	TriggerTimer	0.0
1777922038.296374	zeek	gauge	zeek_timers_pending	type	TableValTimer	34.0
1777922038.296374	zeek	gauge	zeek_timers_pending	type	TCPConnectionAttemptTimer	0.0
1777922038.296374	zeek	gauge	zeek_timers_pending	type	TCPConnectionPartialClose	0.0
1777922038.296374	zeek	gauge	zeek_dnsmgr_pending_asyncs_requests	(empty)	(empty)	0.0
1777922038.296374	zeek	gauge	zeek_dnsmgr_cache_entries	type	text	0.0
1777922038.296374	zeek	gauge	zeek_dnsmgr_cache_entries	type	address	0.0
1777922038.296374	zeek	gauge	zeek_dnsmgr_cache_entries	type	host	0.0
1777922038.296374	zeek	gauge	zeek_pending_triggers	(empty)	(empty)	0.0
1777922038.296374	zeek	gauge	zeek_active_sessions	protocol	unknown	0.0
1777922038.296374	zeek	gauge	zeek_active_sessions	protocol	icmp	0.0
1777922038.296374	zeek	gauge	zeek_active_sessions	protocol	udp	0.0
1777922038.296374	zeek	gauge	zeek_active_sessions	protocol	tcp	0.0
1777922098.296554	zeek	counter	process_cpu_user_seconds_total	(empty)	(empty)	2.5
1777922098.296554	zeek	counter	process_cpu_system_seconds_total	(empty)	(empty)	1.28
1777922098.296554	zeek	gauge	process_resident_memory_bytes	(empty)	(empty)	284684288.0
1777922098.296554	zeek	gauge	process_virtual_memory_bytes	(empty)	(empty)	1543462912.0
1777922098.296554	zeek	gauge	process_open_fds	(empty)	(empty)	43.0
1777922098.296554	zeek	gauge	process_start_time_seconds	(empty)	(empty)	1777920597.582311
1777922098.296554	zeek	counter	zeek_log_stream_writes_total	module,stream	Conn,Conn::LOG	14.0
1777922098.296554	zeek	counter	zeek_log_stream_writes_total	module,stream	CaptureLoss,CaptureLoss::LOG	2.0
1777922098.296554	zeek	counter	zeek_log_stream_writes_total	module,stream	Notice,Notice::LOG	2.0
1777922098.296554	zeek	counter	zeek_log_stream_writes_total	module,stream	Stats,Stats::LOG	6.0
1777922098.296554	zeek	counter	zeek_log_stream_writes_total	module,stream	Telemetry,Telemetry::LOG	3636.0
1777922098.296554	zeek	counter	zeek_log_stream_writes_total	module,stream	LoadedScripts,LoadedScripts::LOG	538.0
1777922098.296554	zeek	counter	zeek_log_stream_writes_total	module,stream	PacketFilter,PacketFilter::LOG	1.0
1777922098.296554	zeek	counter	zeek_log_writer_writes_total	filter_name,module,path,stream,writer	default,Conn,conn,Conn::LOG,Log::WRITER_ASCII	14.0
1777922098.296554	zeek	counter	zeek_log_writer_writes_total	filter_name,module,path,stream,writer	default,CaptureLoss,capture_loss,CaptureLoss::LOG,Log::WRITER_ASCII	2.0
1777922098.296554	zeek	counter	zeek_log_writer_writes_total	filter_name,module,path,stream,writer	default,Notice,notice,Notice::LOG,Log::WRITER_ASCII	2.0
1777922098.296554	zeek	counter	zeek_log_writer_writes_total	filter_name,module,path,stream,writer	default,Stats,stats,Stats::LOG,Log::WRITER_ASCII	6.0
1777922098.296554	zeek	counter	zeek_log_writer_writes_total	filter_name,module,path,stream,writer	default,Telemetry,telemetry,Telemetry::LOG,Log::WRITER_ASCII	3636.0
1777922098.296554	zeek	counter	zeek_log_writer_writes_total	filter_name,module,path,stream,writer	default,LoadedScripts,loaded_scripts,LoadedScripts::LOG,Log::WRITER_ASCII	538.0
1777922098.296554	zeek	counter	zeek_log_writer_writes_total	filter_name,module,path,stream,writer	default,PacketFilter,packet_filter,PacketFilter::LOG,Log::WRITER_ASCII	1.0
1777922098.296554	zeek	counter	zeek_log_writer_discarded_writes_total	filter_name,module,path,stream,writer	default,Conn,conn,Conn::LOG,Log::WRITER_ASCII	0.0
1777922098.296554	zeek	counter	zeek_log_writer_discarded_writes_total	filter_name,module,path,stream,writer	default,CaptureLoss,capture_loss,CaptureLoss::LOG,Log::WRITER_ASCII	0.0
1777922098.296554	zeek	counter	zeek_log_writer_discarded_writes_total	filter_name,module,path,stream,writer	default,Notice,notice,Notice::LOG,Log::WRITER_ASCII	0.0
1777922098.296554	zeek	counter	zeek_log_writer_discarded_writes_total	filter_name,module,path,stream,writer	default,Stats,stats,Stats::LOG,Log::WRITER_ASCII	0.0
1777922098.296554	zeek	counter	zeek_log_writer_discarded_writes_total	filter_name,module,path,stream,writer	default,Telemetry,telemetry,Telemetry::LOG,Log::WRITER_ASCII	0.0
1777922098.296554	zeek	counter	zeek_log_writer_discarded_writes_total	filter_name,module,path,stream,writer	default,LoadedScripts,loaded_scripts,LoadedScripts::LOG,Log::WRITER_ASCII	0.0
1777922098.296554	zeek	counter	zeek_log_writer_discarded_writes_total	filter_name,module,path,stream,writer	default,PacketFilter,packet_filter,PacketFilter::LOG,Log::WRITER_ASCII	0.0
1777922098.296554	zeek	counter	zeek_log_writer_truncated_string_fields_total	filter_name,module,path,stream,writer	default,Conn,conn,Conn::LOG,Log::WRITER_ASCII	0.0
1777922098.296554	zeek	counter	zeek_log_writer_truncated_string_fields_total	filter_name,module,path,stream,writer	default,CaptureLoss,capture_loss,CaptureLoss::LOG,Log::WRITER_ASCII	0.0
1777922098.296554	zeek	counter	zeek_log_writer_truncated_string_fields_total	filter_name,module,path,stream,writer	default,Notice,notice,Notice::LOG,Log::WRITER_ASCII	0.0
1777922098.296554	zeek	counter	zeek_log_writer_truncated_string_fields_total	filter_name,module,path,stream,writer	default,Stats,stats,Stats::LOG,Log::WRITER_ASCII	0.0
1777922098.296554	zeek	counter	zeek_log_writer_truncated_string_fields_total	filter_name,module,path,stream,writer	default,Telemetry,telemetry,Telemetry::LOG,Log::WRITER_ASCII	0.0
1777922098.296554	zeek	counter	zeek_log_writer_truncated_string_fields_total	filter_name,module,path,stream,writer	default,LoadedScripts,loaded_scripts,LoadedScripts::LOG,Log::WRITER_ASCII	0.0
1777922098.296554	zeek	counter	zeek_log_writer_truncated_string_fields_total	filter_name,module,path,stream,writer	default,PacketFilter,packet_filter,PacketFilter::LOG,Log::WRITER_ASCII	0.0
1777922098.296554	zeek	counter	zeek_log_writer_truncated_containers_total	filter_name,module,path,stream,writer	default,Conn,conn,Conn::LOG,Log::WRITER_ASCII	0.0
1777922098.296554	zeek	counter	zeek_log_writer_truncated_containers_total	filter_name,module,path,stream,writer	default,CaptureLoss,capture_loss,CaptureLoss::LOG,Log::WRITER_ASCII	0.0
1777922098.296554	zeek	counter	zeek_log_writer_truncated_containers_total	filter_name,module,path,stream,writer	default,Notice,notice,Notice::LOG,Log::WRITER_ASCII	0.0
1777922098.296554	zeek	counter	zeek_log_writer_truncated_containers_total	filter_name,module,path,stream,writer	default,Stats,stats,Stats::LOG,Log::WRITER_ASCII	0.0
1777922098.296554	zeek	counter	zeek_log_writer_truncated_containers_total	filter_name,module,path,stream,writer	default,Telemetry,telemetry,Telemetry::LOG,Log::WRITER_ASCII	0.0
1777922098.296554	zeek	counter	zeek_log_writer_truncated_containers_total	filter_name,module,path,stream,writer	default,LoadedScripts,loaded_scripts,LoadedScripts::LOG,Log::WRITER_ASCII	0.0
1777922098.296554	zeek	counter	zeek_log_writer_truncated_containers_total	filter_name,module,path,stream,writer	default,PacketFilter,packet_filter,PacketFilter::LOG,Log::WRITER_ASCII	0.0
1777922098.296554	zeek	counter	zeek_net_received_bytes_total	(empty)	(empty)	4963.0
1777922098.296554	zeek	counter	zeek_net_received_packets_total	(empty)	(empty)	37.0
1777922098.296554	zeek	counter	zeek_net_dropped_packets_total	(empty)	(empty)	0.0
1777922098.296554	zeek	counter	zeek_net_link_packets_total	(empty)	(empty)	37.0
1777922098.296554	zeek	counter	zeek_msgthread_threads_total	(empty)	(empty)	7.0
1777922098.296554	zeek	counter	zeek_msgthread_in_messages_total	(empty)	(empty)	51.0
1777922098.296554	zeek	counter	zeek_msgthread_out_messages_total	(empty)	(empty)	0.0
1777922098.296554	zeek	counter	zeek_cluster_core_outgoing_events_total	(empty)	(empty)	0.0
1777922098.296554	zeek	counter	zeek_cluster_core_incoming_events_total	(empty)	(empty)	0.0
1777922098.296554	zeek	counter	zeek_broker_incoming_events_total	(empty)	(empty)	0.0
1777922098.296554	zeek	counter	zeek_broker_outgoing_events_total	(empty)	(empty)	0.0
1777922098.296554	zeek	counter	zeek_broker_incoming_logs_total	(empty)	(empty)	0.0
1777922098.296554	zeek	counter	zeek_broker_outgoing_logs_total	(empty)	(empty)	0.0
1777922098.296554	zeek	counter	zeek_broker_incoming_ids_total	(empty)	(empty)	0.0
1777922098.296554	zeek	counter	zeek_broker_outgoing_ids_total	(empty)	(empty)	0.0
1777922098.296554	zeek	counter	zeek_timers_total	(empty)	(empty)	9852.0
1777922098.296554	zeek	counter	zeek_dnsmgr_requests_total	(empty)	(empty)	0.0
1777922098.296554	zeek	counter	zeek_dnsmgr_successful_requests_total	(empty)	(empty)	0.0
1777922098.296554	zeek	counter	zeek_dnsmgr_failed_requests_total	(empty)	(empty)	0.0
1777922098.296554	zeek	counter	zeek_triggers_total	(empty)	(empty)	0.0
1777922098.296554	zeek	counter	zeek_ended_sessions_total	reason	inactivity	14.0
1777922098.296554	zeek	counter	zeek_event_handler_invocations_total	name	connection_state_remove	14.0
1777922098.296554	zeek	counter	zeek_event_handler_invocations_total	name	zeek_init	1.0
1777922098.296554	zeek	counter	zeek_event_handler_invocations_total	name	Telemetry::log	26.0
1777922098.296554	zeek	counter	zeek_event_handler_invocations_total	name	NetControl::init	1.0
1777922098.296554	zeek	counter	zeek_event_handler_invocations_total	name	ChecksumOffloading::check	2.0
1777922098.296554	zeek	counter	zeek_event_handler_invocations_total	name	grab_vulnerable_versions	2.0
1777922098.296554	zeek	counter	zeek_event_handler_invocations_total	name	filter_change_tracking	7.0
1777922098.296554	zeek	counter	zeek_event_handler_invocations_total	name	Broker::log_flush	1499.0
1777922098.296554	zeek	counter	zeek_event_handler_invocations_total	name	zeek_script_loaded	538.0
1777922098.296554	zeek	counter	zeek_event_handler_invocations_total	name	new_connection	14.0
1777922098.296554	zeek	counter	zeek_event_handler_invocations_total	name	check_stats	6.0
1777922098.296554	zeek	counter	zeek_event_handler_invocations_total	name	CaptureLoss::take_measurement	3.0
1777922098.296554	zeek	counter	zeek_event_handler_invocations_total	name	net_stats_update	6.0
1777922098.296554	zeek	counter	zeek_event_handler_invocations_total	name	SumStats::finish_epoch	3.0
1777922098.296554	zeek	counter	zeek_total_sessions_total	protocol	unknown	1.0
1777922098.296554	zeek	counter	zeek_total_sessions_total	protocol	icmp	7.0
1777922098.296554	zeek	counter	zeek_total_sessions_total	protocol	udp	6.0
1777922098.296554	zeek	counter	zeek_total_sessions_total	protocol	tcp	0.0
1777922098.296554	zeek	gauge	zeek_version_info	beta,commit,debug,major,minor,patch,version_number,version_string	false,0,false,8,1,2,80102,8.1.2	1.0
1777922098.296554	zeek	gauge	zeek_net_packet_lag_seconds	(empty)	(empty)	0.002543
1777922098.296554	zeek	gauge	zeek_net_timestamp_seconds	(empty)	(empty)	1777922098.296554
1777922098.296554	zeek	gauge	zeek_msgthread_active_threads	(empty)	(empty)	7.0
1777922098.296554	zeek	gauge	zeek_msgthread_pending_in_messages	(empty)	(empty)	0.0
1777922098.296554	zeek	gauge	zeek_msgthread_pending_out_messages	(empty)	(empty)	0.0
1777922098.296554	zeek	gauge	zeek_msgthread_pending_messages_in_buckets	leq	inf	7.0
1777922098.296554	zeek	gauge	zeek_msgthread_pending_messages_in_buckets	leq	10000	7.0
1777922098.296554	zeek	gauge	zeek_msgthread_pending_messages_in_buckets	leq	1000	7.0
1777922098.296554	zeek	gauge	zeek_msgthread_pending_messages_in_buckets	leq	100	7.0
1777922098.296554	zeek	gauge	zeek_msgthread_pending_messages_in_buckets	leq	10	7.0
1777922098.296554	zeek	gauge	zeek_msgthread_pending_messages_in_buckets	leq	1	7.0
1777922098.296554	zeek	gauge	zeek_msgthread_pending_messages_out_buckets	leq	inf	7.0
1777922098.296554	zeek	gauge	zeek_msgthread_pending_messages_out_buckets	leq	10000	7.0
1777922098.296554	zeek	gauge	zeek_msgthread_pending_messages_out_buckets	leq	1000	7.0
1777922098.296554	zeek	gauge	zeek_msgthread_pending_messages_out_buckets	leq	100	7.0
1777922098.296554	zeek	gauge	zeek_msgthread_pending_messages_out_buckets	leq	10	7.0
1777922098.296554	zeek	gauge	zeek_msgthread_pending_messages_out_buckets	leq	1	7.0
1777922098.296554	zeek	gauge	zeek_broker_peers	(empty)	(empty)	0.0
1777922098.296554	zeek	gauge	zeek_broker_stores	(empty)	(empty)	1.0
1777922098.296554	zeek	gauge	zeek_broker_pending_queries	(empty)	(empty)	0.0
1777922098.296554	zeek	gauge	zeek_timers_lag_time_seconds	(empty)	(empty)	0.00018
1777922098.296554	zeek	gauge	zeek_timers_pending	type	LogDelayExpire	0.0
1777922098.296554	zeek	gauge	zeek_timers_pending	type	ThreadHeartbeat	1.0
1777922098.296554	zeek	gauge	zeek_timers_pending	type	TimerMgrExpireTimer	0.0
1777922098.296554	zeek	gauge	zeek_timers_pending	type	ParentProcessIDCheck	0.0
1777922098.296554	zeek	gauge	zeek_timers_pending	type	FragTimer	0.0
1777922098.296554	zeek	gauge	zeek_timers_pending	type	RotateTimer	0.0
1777922098.296554	zeek	gauge	zeek_timers_pending	type	FlowWeirdTimer	0.0
1777922098.296554	zeek	gauge	zeek_timers_pending	type	FileAnalysisInactivityTimer	0.0
1777922098.296554	zeek	gauge	zeek_timers_pending	type	StorageExpire	1.0
1777922098.296554	zeek	gauge	zeek_timers_pending	type	ConnectionInactivityTimer	0.0
1777922098.296554	zeek	gauge	zeek_timers_pending	type	TCPConnectionExpireTimer	0.0
1777922098.296554	zeek	gauge	zeek_timers_pending	type	ConnectionStatusUpdateTimer	0.0
1777922098.296554	zeek	gauge	zeek_timers_pending	type	LogFlushWriteBufferTimer	1.0
1777922098.296554	zeek	gauge	zeek_timers_pending	type	NetWeirdTimer	0.0
1777922098.296554	zeek	gauge	zeek_timers_pending	type	InterconnTimer	0.0
1777922098.296554	zeek	gauge	zeek_timers_pending	type	IPTunnelInactivityTimer	0.0
1777922098.296554	zeek	gauge	zeek_timers_pending	type	DNSExpireTimer	0.0
1777922098.296554	zeek	gauge	zeek_timers_pending	type	UnknownProtocolExpire	0.0
1777922098.296554	zeek	gauge	zeek_timers_pending	type	ProfileTimer	0.0
1777922098.296554	zeek	gauge	zeek_timers_pending	type	ConnectionExpireTimer	0.0
1777922098.296554	zeek	gauge	zeek_timers_pending	type	BreakpointTimer	0.0
1777922098.296554	zeek	gauge	zeek_timers_pending	type	BackdoorTimer	0.0
1777922098.296554	zeek	gauge	zeek_timers_pending	type	NetbiosExpireTimer	0.0
1777922098.296554	zeek	gauge	zeek_timers_pending	type	NetworkTimer	0.0
1777922098.296554	zeek	gauge	zeek_timers_pending	type	RemoveConnection	0.0
1777922098.296554	zeek	gauge	zeek_timers_pending	type	TCPConnectionResetTimer	0.0
1777922098.296554	zeek	gauge	zeek_timers_pending	type	ConnTupleWeirdTimer	0.0
1777922098.296554	zeek	gauge	zeek_timers_pending	type	TCPConnectionDeleteTimer	0.0
1777922098.296554	zeek	gauge	zeek_timers_pending	type	ScheduleTimer	6.0
1777922098.296554	zeek	gauge	zeek_timers_pending	type	NTPExpireTimer	0.0
1777922098.296554	zeek	gauge	zeek_timers_pending	type	RPCExpireTimer	0.0
1777922098.296554	zeek	gauge	zeek_timers_pending	type	ConnectionDeleteTimer	0.0
1777922098.296554	zeek	gauge	zeek_timers_pending	type	TriggerTimer	0.0
1777922098.296554	zeek	gauge	zeek_timers_pending	type	TableValTimer	34.0
1777922098.296554	zeek	gauge	zeek_timers_pending	type	TCPConnectionAttemptTimer	0.0
1777922098.296554	zeek	gauge	zeek_timers_pending	type	TCPConnectionPartialClose	0.0
1777922098.296554	zeek	gauge	zeek_dnsmgr_pending_asyncs_requests	(empty)	(empty)	0.0
1777922098.296554	zeek	gauge	zeek_dnsmgr_cache_entries	type	text	0.0
1777922098.296554	zeek	gauge	zeek_dnsmgr_cache_entries	type	address	0.0
1777922098.296554	zeek	gauge	zeek_dnsmgr_cache_entries	type	host	0.0
1777922098.296554	zeek	gauge	zeek_pending_triggers	(empty)	(empty)	0.0
1777922098.296554	zeek	gauge	zeek_active_sessions	protocol	unknown	0.0
1777922098.296554	zeek	gauge	zeek_active_sessions	protocol	icmp	0.0
1777922098.296554	zeek	gauge	zeek_active_sessions	protocol	udp	0.0
1777922098.296554	zeek	gauge	zeek_active_sessions	protocol	tcp	0.0
1777922158.296843	zeek	counter	process_cpu_user_seconds_total	(empty)	(empty)	2.57
1777922158.296843	zeek	counter	process_cpu_system_seconds_total	(empty)	(empty)	1.35
1777922158.296843	zeek	gauge	process_resident_memory_bytes	(empty)	(empty)	284684288.0
1777922158.296843	zeek	gauge	process_virtual_memory_bytes	(empty)	(empty)	1543462912.0
1777922158.296843	zeek	gauge	process_open_fds	(empty)	(empty)	43.0
1777922158.296843	zeek	gauge	process_start_time_seconds	(empty)	(empty)	1777920597.582311
1777922158.296843	zeek	counter	zeek_log_stream_writes_total	module,stream	Conn,Conn::LOG	14.0
1777922158.296843	zeek	counter	zeek_log_stream_writes_total	module,stream	CaptureLoss,CaptureLoss::LOG	2.0
1777922158.296843	zeek	counter	zeek_log_stream_writes_total	module,stream	Notice,Notice::LOG	2.0
1777922158.296843	zeek	counter	zeek_log_stream_writes_total	module,stream	Stats,Stats::LOG	6.0
1777922158.296843	zeek	counter	zeek_log_stream_writes_total	module,stream	Telemetry,Telemetry::LOG	3783.0
1777922158.296843	zeek	counter	zeek_log_stream_writes_total	module,stream	LoadedScripts,LoadedScripts::LOG	538.0
1777922158.296843	zeek	counter	zeek_log_stream_writes_total	module,stream	PacketFilter,PacketFilter::LOG	1.0
1777922158.296843	zeek	counter	zeek_log_writer_writes_total	filter_name,module,path,stream,writer	default,Conn,conn,Conn::LOG,Log::WRITER_ASCII	14.0
1777922158.296843	zeek	counter	zeek_log_writer_writes_total	filter_name,module,path,stream,writer	default,CaptureLoss,capture_loss,CaptureLoss::LOG,Log::WRITER_ASCII	2.0
1777922158.296843	zeek	counter	zeek_log_writer_writes_total	filter_name,module,path,stream,writer	default,Notice,notice,Notice::LOG,Log::WRITER_ASCII	2.0
1777922158.296843	zeek	counter	zeek_log_writer_writes_total	filter_name,module,path,stream,writer	default,Stats,stats,Stats::LOG,Log::WRITER_ASCII	6.0
1777922158.296843	zeek	counter	zeek_log_writer_writes_total	filter_name,module,path,stream,writer	default,Telemetry,telemetry,Telemetry::LOG,Log::WRITER_ASCII	3783.0
1777922158.296843	zeek	counter	zeek_log_writer_writes_total	filter_name,module,path,stream,writer	default,LoadedScripts,loaded_scripts,LoadedScripts::LOG,Log::WRITER_ASCII	538.0
1777922158.296843	zeek	counter	zeek_log_writer_writes_total	filter_name,module,path,stream,writer	default,PacketFilter,packet_filter,PacketFilter::LOG,Log::WRITER_ASCII	1.0
1777922158.296843	zeek	counter	zeek_log_writer_discarded_writes_total	filter_name,module,path,stream,writer	default,Conn,conn,Conn::LOG,Log::WRITER_ASCII	0.0
1777922158.296843	zeek	counter	zeek_log_writer_discarded_writes_total	filter_name,module,path,stream,writer	default,CaptureLoss,capture_loss,CaptureLoss::LOG,Log::WRITER_ASCII	0.0
1777922158.296843	zeek	counter	zeek_log_writer_discarded_writes_total	filter_name,module,path,stream,writer	default,Notice,notice,Notice::LOG,Log::WRITER_ASCII	0.0
1777922158.296843	zeek	counter	zeek_log_writer_discarded_writes_total	filter_name,module,path,stream,writer	default,Stats,stats,Stats::LOG,Log::WRITER_ASCII	0.0
1777922158.296843	zeek	counter	zeek_log_writer_discarded_writes_total	filter_name,module,path,stream,writer	default,Telemetry,telemetry,Telemetry::LOG,Log::WRITER_ASCII	0.0
1777922158.296843	zeek	counter	zeek_log_writer_discarded_writes_total	filter_name,module,path,stream,writer	default,LoadedScripts,loaded_scripts,LoadedScripts::LOG,Log::WRITER_ASCII	0.0
1777922158.296843	zeek	counter	zeek_log_writer_discarded_writes_total	filter_name,module,path,stream,writer	default,PacketFilter,packet_filter,PacketFilter::LOG,Log::WRITER_ASCII	0.0
1777922158.296843	zeek	counter	zeek_log_writer_truncated_string_fields_total	filter_name,module,path,stream,writer	default,Conn,conn,Conn::LOG,Log::WRITER_ASCII	0.0
1777922158.296843	zeek	counter	zeek_log_writer_truncated_string_fields_total	filter_name,module,path,stream,writer	default,CaptureLoss,capture_loss,CaptureLoss::LOG,Log::WRITER_ASCII	0.0
1777922158.296843	zeek	counter	zeek_log_writer_truncated_string_fields_total	filter_name,module,path,stream,writer	default,Notice,notice,Notice::LOG,Log::WRITER_ASCII	0.0
1777922158.296843	zeek	counter	zeek_log_writer_truncated_string_fields_total	filter_name,module,path,stream,writer	default,Stats,stats,Stats::LOG,Log::WRITER_ASCII	0.0
1777922158.296843	zeek	counter	zeek_log_writer_truncated_string_fields_total	filter_name,module,path,stream,writer	default,Telemetry,telemetry,Telemetry::LOG,Log::WRITER_ASCII	0.0
1777922158.296843	zeek	counter	zeek_log_writer_truncated_string_fields_total	filter_name,module,path,stream,writer	default,LoadedScripts,loaded_scripts,LoadedScripts::LOG,Log::WRITER_ASCII	0.0
1777922158.296843	zeek	counter	zeek_log_writer_truncated_string_fields_total	filter_name,module,path,stream,writer	default,PacketFilter,packet_filter,PacketFilter::LOG,Log::WRITER_ASCII	0.0
1777922158.296843	zeek	counter	zeek_log_writer_truncated_containers_total	filter_name,module,path,stream,writer	default,Conn,conn,Conn::LOG,Log::WRITER_ASCII	0.0
1777922158.296843	zeek	counter	zeek_log_writer_truncated_containers_total	filter_name,module,path,stream,writer	default,CaptureLoss,capture_loss,CaptureLoss::LOG,Log::WRITER_ASCII	0.0
1777922158.296843	zeek	counter	zeek_log_writer_truncated_containers_total	filter_name,module,path,stream,writer	default,Notice,notice,Notice::LOG,Log::WRITER_ASCII	0.0
1777922158.296843	zeek	counter	zeek_log_writer_truncated_containers_total	filter_name,module,path,stream,writer	default,Stats,stats,Stats::LOG,Log::WRITER_ASCII	0.0
1777922158.296843	zeek	counter	zeek_log_writer_truncated_containers_total	filter_name,module,path,stream,writer	default,Telemetry,telemetry,Telemetry::LOG,Log::WRITER_ASCII	0.0
1777922158.296843	zeek	counter	zeek_log_writer_truncated_containers_total	filter_name,module,path,stream,writer	default,LoadedScripts,loaded_scripts,LoadedScripts::LOG,Log::WRITER_ASCII	0.0
1777922158.296843	zeek	counter	zeek_log_writer_truncated_containers_total	filter_name,module,path,stream,writer	default,PacketFilter,packet_filter,PacketFilter::LOG,Log::WRITER_ASCII	0.0
1777922158.296843	zeek	counter	zeek_net_received_bytes_total	(empty)	(empty)	4963.0
1777922158.296843	zeek	counter	zeek_net_received_packets_total	(empty)	(empty)	37.0
1777922158.296843	zeek	counter	zeek_net_dropped_packets_total	(empty)	(empty)	0.0
1777922158.296843	zeek	counter	zeek_net_link_packets_total	(empty)	(empty)	37.0
1777922158.296843	zeek	counter	zeek_msgthread_threads_total	(empty)	(empty)	7.0
1777922158.296843	zeek	counter	zeek_msgthread_in_messages_total	(empty)	(empty)	53.0
1777922158.296843	zeek	counter	zeek_msgthread_out_messages_total	(empty)	(empty)	0.0
1777922158.296843	zeek	counter	zeek_cluster_core_outgoing_events_total	(empty)	(empty)	0.0
1777922158.296843	zeek	counter	zeek_cluster_core_incoming_events_total	(empty)	(empty)	0.0
1777922158.296843	zeek	counter	zeek_broker_incoming_events_total	(empty)	(empty)	0.0
1777922158.296843	zeek	counter	zeek_broker_outgoing_events_total	(empty)	(empty)	0.0
1777922158.296843	zeek	counter	zeek_broker_incoming_logs_total	(empty)	(empty)	0.0
1777922158.296843	zeek	counter	zeek_broker_outgoing_logs_total	(empty)	(empty)	0.0
1777922158.296843	zeek	counter	zeek_broker_incoming_ids_total	(empty)	(empty)	0.0
1777922158.296843	zeek	counter	zeek_broker_outgoing_ids_total	(empty)	(empty)	0.0
1777922158.296843	zeek	counter	zeek_timers_total	(empty)	(empty)	10241.0
1777922158.296843	zeek	counter	zeek_dnsmgr_requests_total	(empty)	(empty)	0.0
1777922158.296843	zeek	counter	zeek_dnsmgr_successful_requests_total	(empty)	(empty)	0.0
1777922158.296843	zeek	counter	zeek_dnsmgr_failed_requests_total	(empty)	(empty)	0.0
1777922158.296843	zeek	counter	zeek_triggers_total	(empty)	(empty)	0.0
1777922158.296843	zeek	counter	zeek_ended_sessions_total	reason	inactivity	14.0
1777922158.296843	zeek	counter	zeek_event_handler_invocations_total	name	connection_state_remove	14.0
1777922158.296843	zeek	counter	zeek_event_handler_invocations_total	name	zeek_init	1.0
1777922158.296843	zeek	counter	zeek_event_handler_invocations_total	name	Telemetry::log	27.0
1777922158.296843	zeek	counter	zeek_event_handler_invocations_total	name	NetControl::init	1.0
1777922158.296843	zeek	counter	zeek_event_handler_invocations_total	name	ChecksumOffloading::check	2.0
1777922158.296843	zeek	counter	zeek_event_handler_invocations_total	name	grab_vulnerable_versions	2.0
1777922158.296843	zeek	counter	zeek_event_handler_invocations_total	name	filter_change_tracking	7.0
1777922158.296843	zeek	counter	zeek_event_handler_invocations_total	name	Broker::log_flush	1559.0
1777922158.296843	zeek	counter	zeek_event_handler_invocations_total	name	zeek_script_loaded	538.0
1777922158.296843	zeek	counter	zeek_event_handler_invocations_total	name	new_connection	14.0
1777922158.296843	zeek	counter	zeek_event_handler_invocations_total	name	check_stats	6.0
1777922158.296843	zeek	counter	zeek_event_handler_invocations_total	name	CaptureLoss::take_measurement	3.0
1777922158.296843	zeek	counter	zeek_event_handler_invocations_total	name	net_stats_update	6.0
1777922158.296843	zeek	counter	zeek_event_handler_invocations_total	name	SumStats::finish_epoch	3.0
1777922158.296843	zeek	counter	zeek_total_sessions_total	protocol	unknown	1.0
1777922158.296843	zeek	counter	zeek_total_sessions_total	protocol	icmp	7.0
1777922158.296843	zeek	counter	zeek_total_sessions_total	protocol	udp	6.0
1777922158.296843	zeek	counter	zeek_total_sessions_total	protocol	tcp	0.0
1777922158.296843	zeek	gauge	zeek_version_info	beta,commit,debug,major,minor,patch,version_number,version_string	false,0,false,8,1,2,80102,8.1.2	1.0
1777922158.296843	zeek	gauge	zeek_net_packet_lag_seconds	(empty)	(empty)	0.002577
1777922158.296843	zeek	gauge	zeek_net_timestamp_seconds	(empty)	(empty)	1777922158.296843
1777922158.296843	zeek	gauge	zeek_msgthread_active_threads	(empty)	(empty)	7.0
1777922158.296843	zeek	gauge	zeek_msgthread_pending_in_messages	(empty)	(empty)	0.0
1777922158.296843	zeek	gauge	zeek_msgthread_pending_out_messages	(empty)	(empty)	0.0
1777922158.296843	zeek	gauge	zeek_msgthread_pending_messages_in_buckets	leq	inf	7.0
1777922158.296843	zeek	gauge	zeek_msgthread_pending_messages_in_buckets	leq	10000	7.0
1777922158.296843	zeek	gauge	zeek_msgthread_pending_messages_in_buckets	leq	1000	7.0
1777922158.296843	zeek	gauge	zeek_msgthread_pending_messages_in_buckets	leq	100	7.0
1777922158.296843	zeek	gauge	zeek_msgthread_pending_messages_in_buckets	leq	10	7.0
1777922158.296843	zeek	gauge	zeek_msgthread_pending_messages_in_buckets	leq	1	7.0
1777922158.296843	zeek	gauge	zeek_msgthread_pending_messages_out_buckets	leq	inf	7.0
1777922158.296843	zeek	gauge	zeek_msgthread_pending_messages_out_buckets	leq	10000	7.0
1777922158.296843	zeek	gauge	zeek_msgthread_pending_messages_out_buckets	leq	1000	7.0
1777922158.296843	zeek	gauge	zeek_msgthread_pending_messages_out_buckets	leq	100	7.0
1777922158.296843	zeek	gauge	zeek_msgthread_pending_messages_out_buckets	leq	10	7.0
1777922158.296843	zeek	gauge	zeek_msgthread_pending_messages_out_buckets	leq	1	7.0
1777922158.296843	zeek	gauge	zeek_broker_peers	(empty)	(empty)	0.0
1777922158.296843	zeek	gauge	zeek_broker_stores	(empty)	(empty)	1.0
1777922158.296843	zeek	gauge	zeek_broker_pending_queries	(empty)	(empty)	0.0
1777922158.296843	zeek	gauge	zeek_timers_lag_time_seconds	(empty)	(empty)	0.000289
1777922158.296843	zeek	gauge	zeek_timers_pending	type	LogDelayExpire	0.0
1777922158.296843	zeek	gauge	zeek_timers_pending	type	ThreadHeartbeat	1.0
1777922158.296843	zeek	gauge	zeek_timers_pending	type	TimerMgrExpireTimer	0.0
1777922158.296843	zeek	gauge	zeek_timers_pending	type	ParentProcessIDCheck	0.0
1777922158.296843	zeek	gauge	zeek_timers_pending	type	FragTimer	0.0
1777922158.296843	zeek	gauge	zeek_timers_pending	type	RotateTimer	0.0
1777922158.296843	zeek	gauge	zeek_timers_pending	type	FlowWeirdTimer	0.0
1777922158.296843	zeek	gauge	zeek_timers_pending	type	FileAnalysisInactivityTimer	0.0
1777922158.296843	zeek	gauge	zeek_timers_pending	type	StorageExpire	1.0
1777922158.296843	zeek	gauge	zeek_timers_pending	type	ConnectionInactivityTimer	0.0
1777922158.296843	zeek	gauge	zeek_timers_pending	type	TCPConnectionExpireTimer	0.0
1777922158.296843	zeek	gauge	zeek_timers_pending	type	ConnectionStatusUpdateTimer	0.0
1777922158.296843	zeek	gauge	zeek_timers_pending	type	LogFlushWriteBufferTimer	1.0
1777922158.296843	zeek	gauge	zeek_timers_pending	type	NetWeirdTimer	0.0
1777922158.296843	zeek	gauge	zeek_timers_pending	type	InterconnTimer	0.0
1777922158.296843	zeek	gauge	zeek_timers_pending	type	IPTunnelInactivityTimer	0.0
1777922158.296843	zeek	gauge	zeek_timers_pending	type	DNSExpireTimer	0.0
1777922158.296843	zeek	gauge	zeek_timers_pending	type	UnknownProtocolExpire	0.0
1777922158.296843	zeek	gauge	zeek_timers_pending	type	ProfileTimer	0.0
1777922158.296843	zeek	gauge	zeek_timers_pending	type	ConnectionExpireTimer	0.0
1777922158.296843	zeek	gauge	zeek_timers_pending	type	BreakpointTimer	0.0
1777922158.296843	zeek	gauge	zeek_timers_pending	type	BackdoorTimer	0.0
1777922158.296843	zeek	gauge	zeek_timers_pending	type	NetbiosExpireTimer	0.0
1777922158.296843	zeek	gauge	zeek_timers_pending	type	NetworkTimer	0.0
1777922158.296843	zeek	gauge	zeek_timers_pending	type	RemoveConnection	0.0
1777922158.296843	zeek	gauge	zeek_timers_pending	type	TCPConnectionResetTimer	0.0
1777922158.296843	zeek	gauge	zeek_timers_pending	type	ConnTupleWeirdTimer	0.0
1777922158.296843	zeek	gauge	zeek_timers_pending	type	TCPConnectionDeleteTimer	0.0
1777922158.296843	zeek	gauge	zeek_timers_pending	type	ScheduleTimer	6.0
1777922158.296843	zeek	gauge	zeek_timers_pending	type	NTPExpireTimer	0.0
1777922158.296843	zeek	gauge	zeek_timers_pending	type	RPCExpireTimer	0.0
1777922158.296843	zeek	gauge	zeek_timers_pending	type	ConnectionDeleteTimer	0.0
1777922158.296843	zeek	gauge	zeek_timers_pending	type	TriggerTimer	0.0
1777922158.296843	zeek	gauge	zeek_timers_pending	type	TableValTimer	34.0
1777922158.296843	zeek	gauge	zeek_timers_pending	type	TCPConnectionAttemptTimer	0.0
1777922158.296843	zeek	gauge	zeek_timers_pending	type	TCPConnectionPartialClose	0.0
1777922158.296843	zeek	gauge	zeek_dnsmgr_pending_asyncs_requests	(empty)	(empty)	0.0
1777922158.296843	zeek	gauge	zeek_dnsmgr_cache_entries	type	text	0.0
1777922158.296843	zeek	gauge	zeek_dnsmgr_cache_entries	type	address	0.0
1777922158.296843	zeek	gauge	zeek_dnsmgr_cache_entries	type	host	0.0
1777922158.296843	zeek	gauge	zeek_pending_triggers	(empty)	(empty)	0.0
1777922158.296843	zeek	gauge	zeek_active_sessions	protocol	unknown	0.0
1777922158.296843	zeek	gauge	zeek_active_sessions	protocol	icmp	0.0
1777922158.296843	zeek	gauge	zeek_active_sessions	protocol	udp	0.0
1777922158.296843	zeek	gauge	zeek_active_sessions	protocol	tcp	0.0
1777922218.297304	zeek	counter	process_cpu_user_seconds_total	(empty)	(empty)	2.65
1777922218.297304	zeek	counter	process_cpu_system_seconds_total	(empty)	(empty)	1.4
1777922218.297304	zeek	gauge	process_resident_memory_bytes	(empty)	(empty)	284684288.0
1777922218.297304	zeek	gauge	process_virtual_memory_bytes	(empty)	(empty)	1543462912.0
1777922218.297304	zeek	gauge	process_open_fds	(empty)	(empty)	43.0
1777922218.297304	zeek	gauge	process_start_time_seconds	(empty)	(empty)	1777920597.582311
1777922218.297304	zeek	counter	zeek_log_stream_writes_total	module,stream	Conn,Conn::LOG	14.0
1777922218.297304	zeek	counter	zeek_log_stream_writes_total	module,stream	CaptureLoss,CaptureLoss::LOG	2.0
1777922218.297304	zeek	counter	zeek_log_stream_writes_total	module,stream	Notice,Notice::LOG	2.0
1777922218.297304	zeek	counter	zeek_log_stream_writes_total	module,stream	Stats,Stats::LOG	6.0
1777922218.297304	zeek	counter	zeek_log_stream_writes_total	module,stream	Telemetry,Telemetry::LOG	3930.0
1777922218.297304	zeek	counter	zeek_log_stream_writes_total	module,stream	LoadedScripts,LoadedScripts::LOG	538.0
1777922218.297304	zeek	counter	zeek_log_stream_writes_total	module,stream	PacketFilter,PacketFilter::LOG	1.0
1777922218.297304	zeek	counter	zeek_log_writer_writes_total	filter_name,module,path,stream,writer	default,Conn,conn,Conn::LOG,Log::WRITER_ASCII	14.0
1777922218.297304	zeek	counter	zeek_log_writer_writes_total	filter_name,module,path,stream,writer	default,CaptureLoss,capture_loss,CaptureLoss::LOG,Log::WRITER_ASCII	2.0
1777922218.297304	zeek	counter	zeek_log_writer_writes_total	filter_name,module,path,stream,writer	default,Notice,notice,Notice::LOG,Log::WRITER_ASCII	2.0
1777922218.297304	zeek	counter	zeek_log_writer_writes_total	filter_name,module,path,stream,writer	default,Stats,stats,Stats::LOG,Log::WRITER_ASCII	6.0
1777922218.297304	zeek	counter	zeek_log_writer_writes_total	filter_name,module,path,stream,writer	default,Telemetry,telemetry,Telemetry::LOG,Log::WRITER_ASCII	3930.0
1777922218.297304	zeek	counter	zeek_log_writer_writes_total	filter_name,module,path,stream,writer	default,LoadedScripts,loaded_scripts,LoadedScripts::LOG,Log::WRITER_ASCII	538.0
1777922218.297304	zeek	counter	zeek_log_writer_writes_total	filter_name,module,path,stream,writer	default,PacketFilter,packet_filter,PacketFilter::LOG,Log::WRITER_ASCII	1.0
1777922218.297304	zeek	counter	zeek_log_writer_discarded_writes_total	filter_name,module,path,stream,writer	default,Conn,conn,Conn::LOG,Log::WRITER_ASCII	0.0
1777922218.297304	zeek	counter	zeek_log_writer_discarded_writes_total	filter_name,module,path,stream,writer	default,CaptureLoss,capture_loss,CaptureLoss::LOG,Log::WRITER_ASCII	0.0
1777922218.297304	zeek	counter	zeek_log_writer_discarded_writes_total	filter_name,module,path,stream,writer	default,Notice,notice,Notice::LOG,Log::WRITER_ASCII	0.0
1777922218.297304	zeek	counter	zeek_log_writer_discarded_writes_total	filter_name,module,path,stream,writer	default,Stats,stats,Stats::LOG,Log::WRITER_ASCII	0.0
1777922218.297304	zeek	counter	zeek_log_writer_discarded_writes_total	filter_name,module,path,stream,writer	default,Telemetry,telemetry,Telemetry::LOG,Log::WRITER_ASCII	0.0
1777922218.297304	zeek	counter	zeek_log_writer_discarded_writes_total	filter_name,module,path,stream,writer	default,LoadedScripts,loaded_scripts,LoadedScripts::LOG,Log::WRITER_ASCII	0.0
1777922218.297304	zeek	counter	zeek_log_writer_discarded_writes_total	filter_name,module,path,stream,writer	default,PacketFilter,packet_filter,PacketFilter::LOG,Log::WRITER_ASCII	0.0
1777922218.297304	zeek	counter	zeek_log_writer_truncated_string_fields_total	filter_name,module,path,stream,writer	default,Conn,conn,Conn::LOG,Log::WRITER_ASCII	0.0
1777922218.297304	zeek	counter	zeek_log_writer_truncated_string_fields_total	filter_name,module,path,stream,writer	default,CaptureLoss,capture_loss,CaptureLoss::LOG,Log::WRITER_ASCII	0.0
1777922218.297304	zeek	counter	zeek_log_writer_truncated_string_fields_total	filter_name,module,path,stream,writer	default,Notice,notice,Notice::LOG,Log::WRITER_ASCII	0.0
1777922218.297304	zeek	counter	zeek_log_writer_truncated_string_fields_total	filter_name,module,path,stream,writer	default,Stats,stats,Stats::LOG,Log::WRITER_ASCII	0.0
1777922218.297304	zeek	counter	zeek_log_writer_truncated_string_fields_total	filter_name,module,path,stream,writer	default,Telemetry,telemetry,Telemetry::LOG,Log::WRITER_ASCII	0.0
1777922218.297304	zeek	counter	zeek_log_writer_truncated_string_fields_total	filter_name,module,path,stream,writer	default,LoadedScripts,loaded_scripts,LoadedScripts::LOG,Log::WRITER_ASCII	0.0
1777922218.297304	zeek	counter	zeek_log_writer_truncated_string_fields_total	filter_name,module,path,stream,writer	default,PacketFilter,packet_filter,PacketFilter::LOG,Log::WRITER_ASCII	0.0
1777922218.297304	zeek	counter	zeek_log_writer_truncated_containers_total	filter_name,module,path,stream,writer	default,Conn,conn,Conn::LOG,Log::WRITER_ASCII	0.0
1777922218.297304	zeek	counter	zeek_log_writer_truncated_containers_total	filter_name,module,path,stream,writer	default,CaptureLoss,capture_loss,CaptureLoss::LOG,Log::WRITER_ASCII	0.0
1777922218.297304	zeek	counter	zeek_log_writer_truncated_containers_total	filter_name,module,path,stream,writer	default,Notice,notice,Notice::LOG,Log::WRITER_ASCII	0.0
1777922218.297304	zeek	counter	zeek_log_writer_truncated_containers_total	filter_name,module,path,stream,writer	default,Stats,stats,Stats::LOG,Log::WRITER_ASCII	0.0
1777922218.297304	zeek	counter	zeek_log_writer_truncated_containers_total	filter_name,module,path,stream,writer	default,Telemetry,telemetry,Telemetry::LOG,Log::WRITER_ASCII	0.0
1777922218.297304	zeek	counter	zeek_log_writer_truncated_containers_total	filter_name,module,path,stream,writer	default,LoadedScripts,loaded_scripts,LoadedScripts::LOG,Log::WRITER_ASCII	0.0
1777922218.297304	zeek	counter	zeek_log_writer_truncated_containers_total	filter_name,module,path,stream,writer	default,PacketFilter,packet_filter,PacketFilter::LOG,Log::WRITER_ASCII	0.0
1777922218.297304	zeek	counter	zeek_net_received_bytes_total	(empty)	(empty)	4963.0
1777922218.297304	zeek	counter	zeek_net_received_packets_total	(empty)	(empty)	37.0
1777922218.297304	zeek	counter	zeek_net_dropped_packets_total	(empty)	(empty)	0.0
1777922218.297304	zeek	counter	zeek_net_link_packets_total	(empty)	(empty)	37.0
1777922218.297304	zeek	counter	zeek_msgthread_threads_total	(empty)	(empty)	7.0
1777922218.297304	zeek	counter	zeek_msgthread_in_messages_total	(empty)	(empty)	54.0
1777922218.297304	zeek	counter	zeek_msgthread_out_messages_total	(empty)	(empty)	0.0
1777922218.297304	zeek	counter	zeek_cluster_core_outgoing_events_total	(empty)	(empty)	0.0
1777922218.297304	zeek	counter	zeek_cluster_core_incoming_events_total	(empty)	(empty)	0.0
1777922218.297304	zeek	counter	zeek_broker_incoming_events_total	(empty)	(empty)	0.0
1777922218.297304	zeek	counter	zeek_broker_outgoing_events_total	(empty)	(empty)	0.0
1777922218.297304	zeek	counter	zeek_broker_incoming_logs_total	(empty)	(empty)	0.0
1777922218.297304	zeek	counter	zeek_broker_outgoing_logs_total	(empty)	(empty)	0.0
1777922218.297304	zeek	counter	zeek_broker_incoming_ids_total	(empty)	(empty)	0.0
1777922218.297304	zeek	counter	zeek_broker_outgoing_ids_total	(empty)	(empty)	0.0
1777922218.297304	zeek	counter	zeek_timers_total	(empty)	(empty)	10630.0
1777922218.297304	zeek	counter	zeek_dnsmgr_requests_total	(empty)	(empty)	0.0
1777922218.297304	zeek	counter	zeek_dnsmgr_successful_requests_total	(empty)	(empty)	0.0
1777922218.297304	zeek	counter	zeek_dnsmgr_failed_requests_total	(empty)	(empty)	0.0
1777922218.297304	zeek	counter	zeek_triggers_total	(empty)	(empty)	0.0
1777922218.297304	zeek	counter	zeek_ended_sessions_total	reason	inactivity	14.0
1777922218.297304	zeek	counter	zeek_event_handler_invocations_total	name	connection_state_remove	14.0
1777922218.297304	zeek	counter	zeek_event_handler_invocations_total	name	zeek_init	1.0
1777922218.297304	zeek	counter	zeek_event_handler_invocations_total	name	Telemetry::log	28.0
1777922218.297304	zeek	counter	zeek_event_handler_invocations_total	name	NetControl::init	1.0
1777922218.297304	zeek	counter	zeek_event_handler_invocations_total	name	ChecksumOffloading::check	2.0
1777922218.297304	zeek	counter	zeek_event_handler_invocations_total	name	grab_vulnerable_versions	2.0
1777922218.297304	zeek	counter	zeek_event_handler_invocations_total	name	filter_change_tracking	7.0
1777922218.297304	zeek	counter	zeek_event_handler_invocations_total	name	Broker::log_flush	1619.0
1777922218.297304	zeek	counter	zeek_event_handler_invocations_total	name	zeek_script_loaded	538.0
1777922218.297304	zeek	counter	zeek_event_handler_invocations_total	name	new_connection	14.0
1777922218.297304	zeek	counter	zeek_event_handler_invocations_total	name	check_stats	6.0
1777922218.297304	zeek	counter	zeek_event_handler_invocations_total	name	CaptureLoss::take_measurement	3.0
1777922218.297304	zeek	counter	zeek_event_handler_invocations_total	name	net_stats_update	6.0
1777922218.297304	zeek	counter	zeek_event_handler_invocations_total	name	SumStats::finish_epoch	3.0
1777922218.297304	zeek	counter	zeek_total_sessions_total	protocol	unknown	1.0
1777922218.297304	zeek	counter	zeek_total_sessions_total	protocol	icmp	7.0
1777922218.297304	zeek	counter	zeek_total_sessions_total	protocol	udp	6.0
1777922218.297304	zeek	counter	zeek_total_sessions_total	protocol	tcp	0.0
1777922218.297304	zeek	gauge	zeek_version_info	beta,commit,debug,major,minor,patch,version_number,version_string	false,0,false,8,1,2,80102,8.1.2	1.0
1777922218.297304	zeek	gauge	zeek_net_packet_lag_seconds	(empty)	(empty)	0.002815
1777922218.297304	zeek	gauge	zeek_net_timestamp_seconds	(empty)	(empty)	1777922218.297304
1777922218.297304	zeek	gauge	zeek_msgthread_active_threads	(empty)	(empty)	7.0
1777922218.297304	zeek	gauge	zeek_msgthread_pending_in_messages	(empty)	(empty)	0.0
1777922218.297304	zeek	gauge	zeek_msgthread_pending_out_messages	(empty)	(empty)	0.0
1777922218.297304	zeek	gauge	zeek_msgthread_pending_messages_in_buckets	leq	inf	7.0
1777922218.297304	zeek	gauge	zeek_msgthread_pending_messages_in_buckets	leq	10000	7.0
1777922218.297304	zeek	gauge	zeek_msgthread_pending_messages_in_buckets	leq	1000	7.0
1777922218.297304	zeek	gauge	zeek_msgthread_pending_messages_in_buckets	leq	100	7.0
1777922218.297304	zeek	gauge	zeek_msgthread_pending_messages_in_buckets	leq	10	7.0
1777922218.297304	zeek	gauge	zeek_msgthread_pending_messages_in_buckets	leq	1	7.0
1777922218.297304	zeek	gauge	zeek_msgthread_pending_messages_out_buckets	leq	inf	7.0
1777922218.297304	zeek	gauge	zeek_msgthread_pending_messages_out_buckets	leq	10000	7.0
1777922218.297304	zeek	gauge	zeek_msgthread_pending_messages_out_buckets	leq	1000	7.0
1777922218.297304	zeek	gauge	zeek_msgthread_pending_messages_out_buckets	leq	100	7.0
1777922218.297304	zeek	gauge	zeek_msgthread_pending_messages_out_buckets	leq	10	7.0
1777922218.297304	zeek	gauge	zeek_msgthread_pending_messages_out_buckets	leq	1	7.0
1777922218.297304	zeek	gauge	zeek_broker_peers	(empty)	(empty)	0.0
1777922218.297304	zeek	gauge	zeek_broker_stores	(empty)	(empty)	1.0
1777922218.297304	zeek	gauge	zeek_broker_pending_queries	(empty)	(empty)	0.0
1777922218.297304	zeek	gauge	zeek_timers_lag_time_seconds	(empty)	(empty)	0.000461
1777922218.297304	zeek	gauge	zeek_timers_pending	type	LogDelayExpire	0.0
1777922218.297304	zeek	gauge	zeek_timers_pending	type	ThreadHeartbeat	1.0
1777922218.297304	zeek	gauge	zeek_timers_pending	type	TimerMgrExpireTimer	0.0
1777922218.297304	zeek	gauge	zeek_timers_pending	type	ParentProcessIDCheck	0.0
1777922218.297304	zeek	gauge	zeek_timers_pending	type	FragTimer	0.0
1777922218.297304	zeek	gauge	zeek_timers_pending	type	RotateTimer	0.0
1777922218.297304	zeek	gauge	zeek_timers_pending	type	FlowWeirdTimer	0.0
1777922218.297304	zeek	gauge	zeek_timers_pending	type	FileAnalysisInactivityTimer	0.0
1777922218.297304	zeek	gauge	zeek_timers_pending	type	StorageExpire	1.0
1777922218.297304	zeek	gauge	zeek_timers_pending	type	ConnectionInactivityTimer	0.0
1777922218.297304	zeek	gauge	zeek_timers_pending	type	TCPConnectionExpireTimer	0.0
1777922218.297304	zeek	gauge	zeek_timers_pending	type	ConnectionStatusUpdateTimer	0.0
1777922218.297304	zeek	gauge	zeek_timers_pending	type	LogFlushWriteBufferTimer	1.0
1777922218.297304	zeek	gauge	zeek_timers_pending	type	NetWeirdTimer	0.0
1777922218.297304	zeek	gauge	zeek_timers_pending	type	InterconnTimer	0.0
1777922218.297304	zeek	gauge	zeek_timers_pending	type	IPTunnelInactivityTimer	0.0
1777922218.297304	zeek	gauge	zeek_timers_pending	type	DNSExpireTimer	0.0
1777922218.297304	zeek	gauge	zeek_timers_pending	type	UnknownProtocolExpire	0.0
1777922218.297304	zeek	gauge	zeek_timers_pending	type	ProfileTimer	0.0
1777922218.297304	zeek	gauge	zeek_timers_pending	type	ConnectionExpireTimer	0.0
1777922218.297304	zeek	gauge	zeek_timers_pending	type	BreakpointTimer	0.0
1777922218.297304	zeek	gauge	zeek_timers_pending	type	BackdoorTimer	0.0
1777922218.297304	zeek	gauge	zeek_timers_pending	type	NetbiosExpireTimer	0.0
1777922218.297304	zeek	gauge	zeek_timers_pending	type	NetworkTimer	0.0
1777922218.297304	zeek	gauge	zeek_timers_pending	type	RemoveConnection	0.0
1777922218.297304	zeek	gauge	zeek_timers_pending	type	TCPConnectionResetTimer	0.0
1777922218.297304	zeek	gauge	zeek_timers_pending	type	ConnTupleWeirdTimer	0.0
1777922218.297304	zeek	gauge	zeek_timers_pending	type	TCPConnectionDeleteTimer	0.0
1777922218.297304	zeek	gauge	zeek_timers_pending	type	ScheduleTimer	6.0
1777922218.297304	zeek	gauge	zeek_timers_pending	type	NTPExpireTimer	0.0
1777922218.297304	zeek	gauge	zeek_timers_pending	type	RPCExpireTimer	0.0
1777922218.297304	zeek	gauge	zeek_timers_pending	type	ConnectionDeleteTimer	0.0
1777922218.297304	zeek	gauge	zeek_timers_pending	type	TriggerTimer	0.0
1777922218.297304	zeek	gauge	zeek_timers_pending	type	TableValTimer	34.0
1777922218.297304	zeek	gauge	zeek_timers_pending	type	TCPConnectionAttemptTimer	0.0
1777922218.297304	zeek	gauge	zeek_timers_pending	type	TCPConnectionPartialClose	0.0
1777922218.297304	zeek	gauge	zeek_dnsmgr_pending_asyncs_requests	(empty)	(empty)	0.0
1777922218.297304	zeek	gauge	zeek_dnsmgr_cache_entries	type	text	0.0
1777922218.297304	zeek	gauge	zeek_dnsmgr_cache_entries	type	address	0.0
1777922218.297304	zeek	gauge	zeek_dnsmgr_cache_entries	type	host	0.0
1777922218.297304	zeek	gauge	zeek_pending_triggers	(empty)	(empty)	0.0
1777922218.297304	zeek	gauge	zeek_active_sessions	protocol	unknown	0.0
1777922218.297304	zeek	gauge	zeek_active_sessions	protocol	icmp	0.0
1777922218.297304	zeek	gauge	zeek_active_sessions	protocol	udp	0.0
1777922218.297304	zeek	gauge	zeek_active_sessions	protocol	tcp	0.0
1777922278.297725	zeek	counter	process_cpu_user_seconds_total	(empty)	(empty)	2.73
1777922278.297725	zeek	counter	process_cpu_system_seconds_total	(empty)	(empty)	1.46
1777922278.297725	zeek	gauge	process_resident_memory_bytes	(empty)	(empty)	284684288.0
1777922278.297725	zeek	gauge	process_virtual_memory_bytes	(empty)	(empty)	1543462912.0
1777922278.297725	zeek	gauge	process_open_fds	(empty)	(empty)	43.0
1777922278.297725	zeek	gauge	process_start_time_seconds	(empty)	(empty)	1777920597.582311
1777922278.297725	zeek	counter	zeek_log_stream_writes_total	module,stream	Conn,Conn::LOG	14.0
1777922278.297725	zeek	counter	zeek_log_stream_writes_total	module,stream	CaptureLoss,CaptureLoss::LOG	2.0
1777922278.297725	zeek	counter	zeek_log_stream_writes_total	module,stream	Notice,Notice::LOG	2.0
1777922278.297725	zeek	counter	zeek_log_stream_writes_total	module,stream	Stats,Stats::LOG	6.0
1777922278.297725	zeek	counter	zeek_log_stream_writes_total	module,stream	Telemetry,Telemetry::LOG	4077.0
1777922278.297725	zeek	counter	zeek_log_stream_writes_total	module,stream	LoadedScripts,LoadedScripts::LOG	538.0
1777922278.297725	zeek	counter	zeek_log_stream_writes_total	module,stream	PacketFilter,PacketFilter::LOG	1.0
1777922278.297725	zeek	counter	zeek_log_writer_writes_total	filter_name,module,path,stream,writer	default,Conn,conn,Conn::LOG,Log::WRITER_ASCII	14.0
1777922278.297725	zeek	counter	zeek_log_writer_writes_total	filter_name,module,path,stream,writer	default,CaptureLoss,capture_loss,CaptureLoss::LOG,Log::WRITER_ASCII	2.0
1777922278.297725	zeek	counter	zeek_log_writer_writes_total	filter_name,module,path,stream,writer	default,Notice,notice,Notice::LOG,Log::WRITER_ASCII	2.0
1777922278.297725	zeek	counter	zeek_log_writer_writes_total	filter_name,module,path,stream,writer	default,Stats,stats,Stats::LOG,Log::WRITER_ASCII	6.0
1777922278.297725	zeek	counter	zeek_log_writer_writes_total	filter_name,module,path,stream,writer	default,Telemetry,telemetry,Telemetry::LOG,Log::WRITER_ASCII	4077.0
1777922278.297725	zeek	counter	zeek_log_writer_writes_total	filter_name,module,path,stream,writer	default,LoadedScripts,loaded_scripts,LoadedScripts::LOG,Log::WRITER_ASCII	538.0
1777922278.297725	zeek	counter	zeek_log_writer_writes_total	filter_name,module,path,stream,writer	default,PacketFilter,packet_filter,PacketFilter::LOG,Log::WRITER_ASCII	1.0
1777922278.297725	zeek	counter	zeek_log_writer_discarded_writes_total	filter_name,module,path,stream,writer	default,Conn,conn,Conn::LOG,Log::WRITER_ASCII	0.0
1777922278.297725	zeek	counter	zeek_log_writer_discarded_writes_total	filter_name,module,path,stream,writer	default,CaptureLoss,capture_loss,CaptureLoss::LOG,Log::WRITER_ASCII	0.0
1777922278.297725	zeek	counter	zeek_log_writer_discarded_writes_total	filter_name,module,path,stream,writer	default,Notice,notice,Notice::LOG,Log::WRITER_ASCII	0.0
1777922278.297725	zeek	counter	zeek_log_writer_discarded_writes_total	filter_name,module,path,stream,writer	default,Stats,stats,Stats::LOG,Log::WRITER_ASCII	0.0
1777922278.297725	zeek	counter	zeek_log_writer_discarded_writes_total	filter_name,module,path,stream,writer	default,Telemetry,telemetry,Telemetry::LOG,Log::WRITER_ASCII	0.0
1777922278.297725	zeek	counter	zeek_log_writer_discarded_writes_total	filter_name,module,path,stream,writer	default,LoadedScripts,loaded_scripts,LoadedScripts::LOG,Log::WRITER_ASCII	0.0
1777922278.297725	zeek	counter	zeek_log_writer_discarded_writes_total	filter_name,module,path,stream,writer	default,PacketFilter,packet_filter,PacketFilter::LOG,Log::WRITER_ASCII	0.0
1777922278.297725	zeek	counter	zeek_log_writer_truncated_string_fields_total	filter_name,module,path,stream,writer	default,Conn,conn,Conn::LOG,Log::WRITER_ASCII	0.0
1777922278.297725	zeek	counter	zeek_log_writer_truncated_string_fields_total	filter_name,module,path,stream,writer	default,CaptureLoss,capture_loss,CaptureLoss::LOG,Log::WRITER_ASCII	0.0
1777922278.297725	zeek	counter	zeek_log_writer_truncated_string_fields_total	filter_name,module,path,stream,writer	default,Notice,notice,Notice::LOG,Log::WRITER_ASCII	0.0
1777922278.297725	zeek	counter	zeek_log_writer_truncated_string_fields_total	filter_name,module,path,stream,writer	default,Stats,stats,Stats::LOG,Log::WRITER_ASCII	0.0
1777922278.297725	zeek	counter	zeek_log_writer_truncated_string_fields_total	filter_name,module,path,stream,writer	default,Telemetry,telemetry,Telemetry::LOG,Log::WRITER_ASCII	0.0
1777922278.297725	zeek	counter	zeek_log_writer_truncated_string_fields_total	filter_name,module,path,stream,writer	default,LoadedScripts,loaded_scripts,LoadedScripts::LOG,Log::WRITER_ASCII	0.0
1777922278.297725	zeek	counter	zeek_log_writer_truncated_string_fields_total	filter_name,module,path,stream,writer	default,PacketFilter,packet_filter,PacketFilter::LOG,Log::WRITER_ASCII	0.0
1777922278.297725	zeek	counter	zeek_log_writer_truncated_containers_total	filter_name,module,path,stream,writer	default,Conn,conn,Conn::LOG,Log::WRITER_ASCII	0.0
1777922278.297725	zeek	counter	zeek_log_writer_truncated_containers_total	filter_name,module,path,stream,writer	default,CaptureLoss,capture_loss,CaptureLoss::LOG,Log::WRITER_ASCII	0.0
1777922278.297725	zeek	counter	zeek_log_writer_truncated_containers_total	filter_name,module,path,stream,writer	default,Notice,notice,Notice::LOG,Log::WRITER_ASCII	0.0
1777922278.297725	zeek	counter	zeek_log_writer_truncated_containers_total	filter_name,module,path,stream,writer	default,Stats,stats,Stats::LOG,Log::WRITER_ASCII	0.0
1777922278.297725	zeek	counter	zeek_log_writer_truncated_containers_total	filter_name,module,path,stream,writer	default,Telemetry,telemetry,Telemetry::LOG,Log::WRITER_ASCII	0.0
1777922278.297725	zeek	counter	zeek_log_writer_truncated_containers_total	filter_name,module,path,stream,writer	default,LoadedScripts,loaded_scripts,LoadedScripts::LOG,Log::WRITER_ASCII	0.0
1777922278.297725	zeek	counter	zeek_log_writer_truncated_containers_total	filter_name,module,path,stream,writer	default,PacketFilter,packet_filter,PacketFilter::LOG,Log::WRITER_ASCII	0.0
1777922278.297725	zeek	counter	zeek_net_received_bytes_total	(empty)	(empty)	4963.0
1777922278.297725	zeek	counter	zeek_net_received_packets_total	(empty)	(empty)	37.0
1777922278.297725	zeek	counter	zeek_net_dropped_packets_total	(empty)	(empty)	0.0
1777922278.297725	zeek	counter	zeek_net_link_packets_total	(empty)	(empty)	37.0
1777922278.297725	zeek	counter	zeek_msgthread_threads_total	(empty)	(empty)	7.0
1777922278.297725	zeek	counter	zeek_msgthread_in_messages_total	(empty)	(empty)	55.0
1777922278.297725	zeek	counter	zeek_msgthread_out_messages_total	(empty)	(empty)	0.0
1777922278.297725	zeek	counter	zeek_cluster_core_outgoing_events_total	(empty)	(empty)	0.0
1777922278.297725	zeek	counter	zeek_cluster_core_incoming_events_total	(empty)	(empty)	0.0
1777922278.297725	zeek	counter	zeek_broker_incoming_events_total	(empty)	(empty)	0.0
1777922278.297725	zeek	counter	zeek_broker_outgoing_events_total	(empty)	(empty)	0.0
1777922278.297725	zeek	counter	zeek_broker_incoming_logs_total	(empty)	(empty)	0.0
1777922278.297725	zeek	counter	zeek_broker_outgoing_logs_total	(empty)	(empty)	0.0
1777922278.297725	zeek	counter	zeek_broker_incoming_ids_total	(empty)	(empty)	0.0
1777922278.297725	zeek	counter	zeek_broker_outgoing_ids_total	(empty)	(empty)	0.0
1777922278.297725	zeek	counter	zeek_timers_total	(empty)	(empty)	11019.0
1777922278.297725	zeek	counter	zeek_dnsmgr_requests_total	(empty)	(empty)	0.0
1777922278.297725	zeek	counter	zeek_dnsmgr_successful_requests_total	(empty)	(empty)	0.0
1777922278.297725	zeek	counter	zeek_dnsmgr_failed_requests_total	(empty)	(empty)	0.0
1777922278.297725	zeek	counter	zeek_triggers_total	(empty)	(empty)	0.0
1777922278.297725	zeek	counter	zeek_ended_sessions_total	reason	inactivity	14.0
1777922278.297725	zeek	counter	zeek_event_handler_invocations_total	name	connection_state_remove	14.0
1777922278.297725	zeek	counter	zeek_event_handler_invocations_total	name	zeek_init	1.0
1777922278.297725	zeek	counter	zeek_event_handler_invocations_total	name	Telemetry::log	29.0
1777922278.297725	zeek	counter	zeek_event_handler_invocations_total	name	NetControl::init	1.0
1777922278.297725	zeek	counter	zeek_event_handler_invocations_total	name	ChecksumOffloading::check	2.0
1777922278.297725	zeek	counter	zeek_event_handler_invocations_total	name	grab_vulnerable_versions	2.0
1777922278.297725	zeek	counter	zeek_event_handler_invocations_total	name	filter_change_tracking	7.0
1777922278.297725	zeek	counter	zeek_event_handler_invocations_total	name	Broker::log_flush	1679.0
1777922278.297725	zeek	counter	zeek_event_handler_invocations_total	name	zeek_script_loaded	538.0
1777922278.297725	zeek	counter	zeek_event_handler_invocations_total	name	new_connection	14.0
1777922278.297725	zeek	counter	zeek_event_handler_invocations_total	name	check_stats	6.0
1777922278.297725	zeek	counter	zeek_event_handler_invocations_total	name	CaptureLoss::take_measurement	3.0
1777922278.297725	zeek	counter	zeek_event_handler_invocations_total	name	net_stats_update	6.0
1777922278.297725	zeek	counter	zeek_event_handler_invocations_total	name	SumStats::finish_epoch	3.0
1777922278.297725	zeek	counter	zeek_total_sessions_total	protocol	unknown	1.0
1777922278.297725	zeek	counter	zeek_total_sessions_total	protocol	icmp	7.0
1777922278.297725	zeek	counter	zeek_total_sessions_total	protocol	udp	6.0
1777922278.297725	zeek	counter	zeek_total_sessions_total	protocol	tcp	0.0
1777922278.297725	zeek	gauge	zeek_version_info	beta,commit,debug,major,minor,patch,version_number,version_string	false,0,false,8,1,2,80102,8.1.2	1.0
1777922278.297725	zeek	gauge	zeek_net_packet_lag_seconds	(empty)	(empty)	0.002871
1777922278.297725	zeek	gauge	zeek_net_timestamp_seconds	(empty)	(empty)	1777922278.297725
1777922278.297725	zeek	gauge	zeek_msgthread_active_threads	(empty)	(empty)	7.0
1777922278.297725	zeek	gauge	zeek_msgthread_pending_in_messages	(empty)	(empty)	0.0
1777922278.297725	zeek	gauge	zeek_msgthread_pending_out_messages	(empty)	(empty)	0.0
1777922278.297725	zeek	gauge	zeek_msgthread_pending_messages_in_buckets	leq	inf	7.0
1777922278.297725	zeek	gauge	zeek_msgthread_pending_messages_in_buckets	leq	10000	7.0
1777922278.297725	zeek	gauge	zeek_msgthread_pending_messages_in_buckets	leq	1000	7.0
1777922278.297725	zeek	gauge	zeek_msgthread_pending_messages_in_buckets	leq	100	7.0
1777922278.297725	zeek	gauge	zeek_msgthread_pending_messages_in_buckets	leq	10	7.0
1777922278.297725	zeek	gauge	zeek_msgthread_pending_messages_in_buckets	leq	1	7.0
1777922278.297725	zeek	gauge	zeek_msgthread_pending_messages_out_buckets	leq	inf	7.0
1777922278.297725	zeek	gauge	zeek_msgthread_pending_messages_out_buckets	leq	10000	7.0
1777922278.297725	zeek	gauge	zeek_msgthread_pending_messages_out_buckets	leq	1000	7.0
1777922278.297725	zeek	gauge	zeek_msgthread_pending_messages_out_buckets	leq	100	7.0
1777922278.297725	zeek	gauge	zeek_msgthread_pending_messages_out_buckets	leq	10	7.0
1777922278.297725	zeek	gauge	zeek_msgthread_pending_messages_out_buckets	leq	1	7.0
1777922278.297725	zeek	gauge	zeek_broker_peers	(empty)	(empty)	0.0
1777922278.297725	zeek	gauge	zeek_broker_stores	(empty)	(empty)	1.0
1777922278.297725	zeek	gauge	zeek_broker_pending_queries	(empty)	(empty)	0.0
1777922278.297725	zeek	gauge	zeek_timers_lag_time_seconds	(empty)	(empty)	0.000421
1777922278.297725	zeek	gauge	zeek_timers_pending	type	LogDelayExpire	0.0
1777922278.297725	zeek	gauge	zeek_timers_pending	type	ThreadHeartbeat	1.0
1777922278.297725	zeek	gauge	zeek_timers_pending	type	TimerMgrExpireTimer	0.0
1777922278.297725	zeek	gauge	zeek_timers_pending	type	ParentProcessIDCheck	0.0
1777922278.297725	zeek	gauge	zeek_timers_pending	type	FragTimer	0.0
1777922278.297725	zeek	gauge	zeek_timers_pending	type	RotateTimer	0.0
1777922278.297725	zeek	gauge	zeek_timers_pending	type	FlowWeirdTimer	0.0
1777922278.297725	zeek	gauge	zeek_timers_pending	type	FileAnalysisInactivityTimer	0.0
1777922278.297725	zeek	gauge	zeek_timers_pending	type	StorageExpire	1.0
1777922278.297725	zeek	gauge	zeek_timers_pending	type	ConnectionInactivityTimer	0.0
1777922278.297725	zeek	gauge	zeek_timers_pending	type	TCPConnectionExpireTimer	0.0
1777922278.297725	zeek	gauge	zeek_timers_pending	type	ConnectionStatusUpdateTimer	0.0
1777922278.297725	zeek	gauge	zeek_timers_pending	type	LogFlushWriteBufferTimer	1.0
1777922278.297725	zeek	gauge	zeek_timers_pending	type	NetWeirdTimer	0.0
1777922278.297725	zeek	gauge	zeek_timers_pending	type	InterconnTimer	0.0
1777922278.297725	zeek	gauge	zeek_timers_pending	type	IPTunnelInactivityTimer	0.0
1777922278.297725	zeek	gauge	zeek_timers_pending	type	DNSExpireTimer	0.0
1777922278.297725	zeek	gauge	zeek_timers_pending	type	UnknownProtocolExpire	0.0
1777922278.297725	zeek	gauge	zeek_timers_pending	type	ProfileTimer	0.0
1777922278.297725	zeek	gauge	zeek_timers_pending	type	ConnectionExpireTimer	0.0
1777922278.297725	zeek	gauge	zeek_timers_pending	type	BreakpointTimer	0.0
1777922278.297725	zeek	gauge	zeek_timers_pending	type	BackdoorTimer	0.0
1777922278.297725	zeek	gauge	zeek_timers_pending	type	NetbiosExpireTimer	0.0
1777922278.297725	zeek	gauge	zeek_timers_pending	type	NetworkTimer	0.0
1777922278.297725	zeek	gauge	zeek_timers_pending	type	RemoveConnection	0.0
1777922278.297725	zeek	gauge	zeek_timers_pending	type	TCPConnectionResetTimer	0.0
1777922278.297725	zeek	gauge	zeek_timers_pending	type	ConnTupleWeirdTimer	0.0
1777922278.297725	zeek	gauge	zeek_timers_pending	type	TCPConnectionDeleteTimer	0.0
1777922278.297725	zeek	gauge	zeek_timers_pending	type	ScheduleTimer	6.0
1777922278.297725	zeek	gauge	zeek_timers_pending	type	NTPExpireTimer	0.0
1777922278.297725	zeek	gauge	zeek_timers_pending	type	RPCExpireTimer	0.0
1777922278.297725	zeek	gauge	zeek_timers_pending	type	ConnectionDeleteTimer	0.0
1777922278.297725	zeek	gauge	zeek_timers_pending	type	TriggerTimer	0.0
1777922278.297725	zeek	gauge	zeek_timers_pending	type	TableValTimer	34.0
1777922278.297725	zeek	gauge	zeek_timers_pending	type	TCPConnectionAttemptTimer	0.0
1777922278.297725	zeek	gauge	zeek_timers_pending	type	TCPConnectionPartialClose	0.0
1777922278.297725	zeek	gauge	zeek_dnsmgr_pending_asyncs_requests	(empty)	(empty)	0.0
1777922278.297725	zeek	gauge	zeek_dnsmgr_cache_entries	type	text	0.0
1777922278.297725	zeek	gauge	zeek_dnsmgr_cache_entries	type	address	0.0
1777922278.297725	zeek	gauge	zeek_dnsmgr_cache_entries	type	host	0.0
1777922278.297725	zeek	gauge	zeek_pending_triggers	(empty)	(empty)	0.0
1777922278.297725	zeek	gauge	zeek_active_sessions	protocol	unknown	0.0
1777922278.297725	zeek	gauge	zeek_active_sessions	protocol	icmp	0.0
1777922278.297725	zeek	gauge	zeek_active_sessions	protocol	udp	0.0
1777922278.297725	zeek	gauge	zeek_active_sessions	protocol	tcp	0.0
1777922338.298059	zeek	counter	process_cpu_user_seconds_total	(empty)	(empty)	2.81
1777922338.298059	zeek	counter	process_cpu_system_seconds_total	(empty)	(empty)	1.49
1777922338.298059	zeek	gauge	process_resident_memory_bytes	(empty)	(empty)	284684288.0
1777922338.298059	zeek	gauge	process_virtual_memory_bytes	(empty)	(empty)	1543462912.0
1777922338.298059	zeek	gauge	process_open_fds	(empty)	(empty)	43.0
1777922338.298059	zeek	gauge	process_start_time_seconds	(empty)	(empty)	1777920597.582311
1777922338.298059	zeek	counter	zeek_log_stream_writes_total	module,stream	Conn,Conn::LOG	14.0
1777922338.298059	zeek	counter	zeek_log_stream_writes_total	module,stream	CaptureLoss,CaptureLoss::LOG	2.0
1777922338.298059	zeek	counter	zeek_log_stream_writes_total	module,stream	Notice,Notice::LOG	2.0
1777922338.298059	zeek	counter	zeek_log_stream_writes_total	module,stream	Stats,Stats::LOG	6.0
1777922338.298059	zeek	counter	zeek_log_stream_writes_total	module,stream	Telemetry,Telemetry::LOG	4224.0
1777922338.298059	zeek	counter	zeek_log_stream_writes_total	module,stream	LoadedScripts,LoadedScripts::LOG	538.0
1777922338.298059	zeek	counter	zeek_log_stream_writes_total	module,stream	PacketFilter,PacketFilter::LOG	1.0
1777922338.298059	zeek	counter	zeek_log_writer_writes_total	filter_name,module,path,stream,writer	default,Conn,conn,Conn::LOG,Log::WRITER_ASCII	14.0
1777922338.298059	zeek	counter	zeek_log_writer_writes_total	filter_name,module,path,stream,writer	default,CaptureLoss,capture_loss,CaptureLoss::LOG,Log::WRITER_ASCII	2.0
1777922338.298059	zeek	counter	zeek_log_writer_writes_total	filter_name,module,path,stream,writer	default,Notice,notice,Notice::LOG,Log::WRITER_ASCII	2.0
1777922338.298059	zeek	counter	zeek_log_writer_writes_total	filter_name,module,path,stream,writer	default,Stats,stats,Stats::LOG,Log::WRITER_ASCII	6.0
1777922338.298059	zeek	counter	zeek_log_writer_writes_total	filter_name,module,path,stream,writer	default,Telemetry,telemetry,Telemetry::LOG,Log::WRITER_ASCII	4224.0
1777922338.298059	zeek	counter	zeek_log_writer_writes_total	filter_name,module,path,stream,writer	default,LoadedScripts,loaded_scripts,LoadedScripts::LOG,Log::WRITER_ASCII	538.0
1777922338.298059	zeek	counter	zeek_log_writer_writes_total	filter_name,module,path,stream,writer	default,PacketFilter,packet_filter,PacketFilter::LOG,Log::WRITER_ASCII	1.0
1777922338.298059	zeek	counter	zeek_log_writer_discarded_writes_total	filter_name,module,path,stream,writer	default,Conn,conn,Conn::LOG,Log::WRITER_ASCII	0.0
1777922338.298059	zeek	counter	zeek_log_writer_discarded_writes_total	filter_name,module,path,stream,writer	default,CaptureLoss,capture_loss,CaptureLoss::LOG,Log::WRITER_ASCII	0.0
1777922338.298059	zeek	counter	zeek_log_writer_discarded_writes_total	filter_name,module,path,stream,writer	default,Notice,notice,Notice::LOG,Log::WRITER_ASCII	0.0
1777922338.298059	zeek	counter	zeek_log_writer_discarded_writes_total	filter_name,module,path,stream,writer	default,Stats,stats,Stats::LOG,Log::WRITER_ASCII	0.0
1777922338.298059	zeek	counter	zeek_log_writer_discarded_writes_total	filter_name,module,path,stream,writer	default,Telemetry,telemetry,Telemetry::LOG,Log::WRITER_ASCII	0.0
1777922338.298059	zeek	counter	zeek_log_writer_discarded_writes_total	filter_name,module,path,stream,writer	default,LoadedScripts,loaded_scripts,LoadedScripts::LOG,Log::WRITER_ASCII	0.0
1777922338.298059	zeek	counter	zeek_log_writer_discarded_writes_total	filter_name,module,path,stream,writer	default,PacketFilter,packet_filter,PacketFilter::LOG,Log::WRITER_ASCII	0.0
1777922338.298059	zeek	counter	zeek_log_writer_truncated_string_fields_total	filter_name,module,path,stream,writer	default,Conn,conn,Conn::LOG,Log::WRITER_ASCII	0.0
1777922338.298059	zeek	counter	zeek_log_writer_truncated_string_fields_total	filter_name,module,path,stream,writer	default,CaptureLoss,capture_loss,CaptureLoss::LOG,Log::WRITER_ASCII	0.0
1777922338.298059	zeek	counter	zeek_log_writer_truncated_string_fields_total	filter_name,module,path,stream,writer	default,Notice,notice,Notice::LOG,Log::WRITER_ASCII	0.0
1777922338.298059	zeek	counter	zeek_log_writer_truncated_string_fields_total	filter_name,module,path,stream,writer	default,Stats,stats,Stats::LOG,Log::WRITER_ASCII	0.0
1777922338.298059	zeek	counter	zeek_log_writer_truncated_string_fields_total	filter_name,module,path,stream,writer	default,Telemetry,telemetry,Telemetry::LOG,Log::WRITER_ASCII	0.0
1777922338.298059	zeek	counter	zeek_log_writer_truncated_string_fields_total	filter_name,module,path,stream,writer	default,LoadedScripts,loaded_scripts,LoadedScripts::LOG,Log::WRITER_ASCII	0.0
1777922338.298059	zeek	counter	zeek_log_writer_truncated_string_fields_total	filter_name,module,path,stream,writer	default,PacketFilter,packet_filter,PacketFilter::LOG,Log::WRITER_ASCII	0.0
1777922338.298059	zeek	counter	zeek_log_writer_truncated_containers_total	filter_name,module,path,stream,writer	default,Conn,conn,Conn::LOG,Log::WRITER_ASCII	0.0
1777922338.298059	zeek	counter	zeek_log_writer_truncated_containers_total	filter_name,module,path,stream,writer	default,CaptureLoss,capture_loss,CaptureLoss::LOG,Log::WRITER_ASCII	0.0
1777922338.298059	zeek	counter	zeek_log_writer_truncated_containers_total	filter_name,module,path,stream,writer	default,Notice,notice,Notice::LOG,Log::WRITER_ASCII	0.0
1777922338.298059	zeek	counter	zeek_log_writer_truncated_containers_total	filter_name,module,path,stream,writer	default,Stats,stats,Stats::LOG,Log::WRITER_ASCII	0.0
1777922338.298059	zeek	counter	zeek_log_writer_truncated_containers_total	filter_name,module,path,stream,writer	default,Telemetry,telemetry,Telemetry::LOG,Log::WRITER_ASCII	0.0
1777922338.298059	zeek	counter	zeek_log_writer_truncated_containers_total	filter_name,module,path,stream,writer	default,LoadedScripts,loaded_scripts,LoadedScripts::LOG,Log::WRITER_ASCII	0.0
1777922338.298059	zeek	counter	zeek_log_writer_truncated_containers_total	filter_name,module,path,stream,writer	default,PacketFilter,packet_filter,PacketFilter::LOG,Log::WRITER_ASCII	0.0
1777922338.298059	zeek	counter	zeek_net_received_bytes_total	(empty)	(empty)	4963.0
1777922338.298059	zeek	counter	zeek_net_received_packets_total	(empty)	(empty)	37.0
1777922338.298059	zeek	counter	zeek_net_dropped_packets_total	(empty)	(empty)	0.0
1777922338.298059	zeek	counter	zeek_net_link_packets_total	(empty)	(empty)	37.0
1777922338.298059	zeek	counter	zeek_msgthread_threads_total	(empty)	(empty)	7.0
1777922338.298059	zeek	counter	zeek_msgthread_in_messages_total	(empty)	(empty)	56.0
1777922338.298059	zeek	counter	zeek_msgthread_out_messages_total	(empty)	(empty)	0.0
1777922338.298059	zeek	counter	zeek_cluster_core_outgoing_events_total	(empty)	(empty)	0.0
1777922338.298059	zeek	counter	zeek_cluster_core_incoming_events_total	(empty)	(empty)	0.0
1777922338.298059	zeek	counter	zeek_broker_incoming_events_total	(empty)	(empty)	0.0
1777922338.298059	zeek	counter	zeek_broker_outgoing_events_total	(empty)	(empty)	0.0
1777922338.298059	zeek	counter	zeek_broker_incoming_logs_total	(empty)	(empty)	0.0
1777922338.298059	zeek	counter	zeek_broker_outgoing_logs_total	(empty)	(empty)	0.0
1777922338.298059	zeek	counter	zeek_broker_incoming_ids_total	(empty)	(empty)	0.0
1777922338.298059	zeek	counter	zeek_broker_outgoing_ids_total	(empty)	(empty)	0.0
1777922338.298059	zeek	counter	zeek_timers_total	(empty)	(empty)	11408.0
1777922338.298059	zeek	counter	zeek_dnsmgr_requests_total	(empty)	(empty)	0.0
1777922338.298059	zeek	counter	zeek_dnsmgr_successful_requests_total	(empty)	(empty)	0.0
1777922338.298059	zeek	counter	zeek_dnsmgr_failed_requests_total	(empty)	(empty)	0.0
1777922338.298059	zeek	counter	zeek_triggers_total	(empty)	(empty)	0.0
1777922338.298059	zeek	counter	zeek_ended_sessions_total	reason	inactivity	14.0
1777922338.298059	zeek	counter	zeek_event_handler_invocations_total	name	connection_state_remove	14.0
1777922338.298059	zeek	counter	zeek_event_handler_invocations_total	name	zeek_init	1.0
1777922338.298059	zeek	counter	zeek_event_handler_invocations_total	name	Telemetry::log	30.0
1777922338.298059	zeek	counter	zeek_event_handler_invocations_total	name	NetControl::init	1.0
1777922338.298059	zeek	counter	zeek_event_handler_invocations_total	name	ChecksumOffloading::check	2.0
1777922338.298059	zeek	counter	zeek_event_handler_invocations_total	name	grab_vulnerable_versions	2.0
1777922338.298059	zeek	counter	zeek_event_handler_invocations_total	name	filter_change_tracking	7.0
1777922338.298059	zeek	counter	zeek_event_handler_invocations_total	name	Broker::log_flush	1739.0
1777922338.298059	zeek	counter	zeek_event_handler_invocations_total	name	zeek_script_loaded	538.0
1777922338.298059	zeek	counter	zeek_event_handler_invocations_total	name	new_connection	14.0
1777922338.298059	zeek	counter	zeek_event_handler_invocations_total	name	check_stats	6.0
1777922338.298059	zeek	counter	zeek_event_handler_invocations_total	name	CaptureLoss::take_measurement	3.0
1777922338.298059	zeek	counter	zeek_event_handler_invocations_total	name	net_stats_update	6.0
1777922338.298059	zeek	counter	zeek_event_handler_invocations_total	name	SumStats::finish_epoch	3.0
1777922338.298059	zeek	counter	zeek_total_sessions_total	protocol	unknown	1.0
1777922338.298059	zeek	counter	zeek_total_sessions_total	protocol	icmp	7.0
1777922338.298059	zeek	counter	zeek_total_sessions_total	protocol	udp	6.0
1777922338.298059	zeek	counter	zeek_total_sessions_total	protocol	tcp	0.0
1777922338.298059	zeek	gauge	zeek_version_info	beta,commit,debug,major,minor,patch,version_number,version_string	false,0,false,8,1,2,80102,8.1.2	1.0
1777922338.298059	zeek	gauge	zeek_net_packet_lag_seconds	(empty)	(empty)	0.003058
1777922338.298059	zeek	gauge	zeek_net_timestamp_seconds	(empty)	(empty)	1777922338.298059
1777922338.298059	zeek	gauge	zeek_msgthread_active_threads	(empty)	(empty)	7.0
1777922338.298059	zeek	gauge	zeek_msgthread_pending_in_messages	(empty)	(empty)	0.0
1777922338.298059	zeek	gauge	zeek_msgthread_pending_out_messages	(empty)	(empty)	0.0
1777922338.298059	zeek	gauge	zeek_msgthread_pending_messages_in_buckets	leq	inf	7.0
1777922338.298059	zeek	gauge	zeek_msgthread_pending_messages_in_buckets	leq	10000	7.0
1777922338.298059	zeek	gauge	zeek_msgthread_pending_messages_in_buckets	leq	1000	7.0
1777922338.298059	zeek	gauge	zeek_msgthread_pending_messages_in_buckets	leq	100	7.0
1777922338.298059	zeek	gauge	zeek_msgthread_pending_messages_in_buckets	leq	10	7.0
1777922338.298059	zeek	gauge	zeek_msgthread_pending_messages_in_buckets	leq	1	7.0
1777922338.298059	zeek	gauge	zeek_msgthread_pending_messages_out_buckets	leq	inf	7.0
1777922338.298059	zeek	gauge	zeek_msgthread_pending_messages_out_buckets	leq	10000	7.0
1777922338.298059	zeek	gauge	zeek_msgthread_pending_messages_out_buckets	leq	1000	7.0
1777922338.298059	zeek	gauge	zeek_msgthread_pending_messages_out_buckets	leq	100	7.0
1777922338.298059	zeek	gauge	zeek_msgthread_pending_messages_out_buckets	leq	10	7.0
1777922338.298059	zeek	gauge	zeek_msgthread_pending_messages_out_buckets	leq	1	7.0
1777922338.298059	zeek	gauge	zeek_broker_peers	(empty)	(empty)	0.0
1777922338.298059	zeek	gauge	zeek_broker_stores	(empty)	(empty)	1.0
1777922338.298059	zeek	gauge	zeek_broker_pending_queries	(empty)	(empty)	0.0
1777922338.298059	zeek	gauge	zeek_timers_lag_time_seconds	(empty)	(empty)	0.000334
1777922338.298059	zeek	gauge	zeek_timers_pending	type	LogDelayExpire	0.0
1777922338.298059	zeek	gauge	zeek_timers_pending	type	ThreadHeartbeat	1.0
1777922338.298059	zeek	gauge	zeek_timers_pending	type	TimerMgrExpireTimer	0.0
1777922338.298059	zeek	gauge	zeek_timers_pending	type	ParentProcessIDCheck	0.0
1777922338.298059	zeek	gauge	zeek_timers_pending	type	FragTimer	0.0
1777922338.298059	zeek	gauge	zeek_timers_pending	type	RotateTimer	0.0
1777922338.298059	zeek	gauge	zeek_timers_pending	type	FlowWeirdTimer	0.0
1777922338.298059	zeek	gauge	zeek_timers_pending	type	FileAnalysisInactivityTimer	0.0
1777922338.298059	zeek	gauge	zeek_timers_pending	type	StorageExpire	1.0
1777922338.298059	zeek	gauge	zeek_timers_pending	type	ConnectionInactivityTimer	0.0
1777922338.298059	zeek	gauge	zeek_timers_pending	type	TCPConnectionExpireTimer	0.0
1777922338.298059	zeek	gauge	zeek_timers_pending	type	ConnectionStatusUpdateTimer	0.0
1777922338.298059	zeek	gauge	zeek_timers_pending	type	LogFlushWriteBufferTimer	1.0
1777922338.298059	zeek	gauge	zeek_timers_pending	type	NetWeirdTimer	0.0
1777922338.298059	zeek	gauge	zeek_timers_pending	type	InterconnTimer	0.0
1777922338.298059	zeek	gauge	zeek_timers_pending	type	IPTunnelInactivityTimer	0.0
1777922338.298059	zeek	gauge	zeek_timers_pending	type	DNSExpireTimer	0.0
1777922338.298059	zeek	gauge	zeek_timers_pending	type	UnknownProtocolExpire	0.0
1777922338.298059	zeek	gauge	zeek_timers_pending	type	ProfileTimer	0.0
1777922338.298059	zeek	gauge	zeek_timers_pending	type	ConnectionExpireTimer	0.0
1777922338.298059	zeek	gauge	zeek_timers_pending	type	BreakpointTimer	0.0
1777922338.298059	zeek	gauge	zeek_timers_pending	type	BackdoorTimer	0.0
1777922338.298059	zeek	gauge	zeek_timers_pending	type	NetbiosExpireTimer	0.0
1777922338.298059	zeek	gauge	zeek_timers_pending	type	NetworkTimer	0.0
1777922338.298059	zeek	gauge	zeek_timers_pending	type	RemoveConnection	0.0
1777922338.298059	zeek	gauge	zeek_timers_pending	type	TCPConnectionResetTimer	0.0
1777922338.298059	zeek	gauge	zeek_timers_pending	type	ConnTupleWeirdTimer	0.0
1777922338.298059	zeek	gauge	zeek_timers_pending	type	TCPConnectionDeleteTimer	0.0
1777922338.298059	zeek	gauge	zeek_timers_pending	type	ScheduleTimer	6.0
1777922338.298059	zeek	gauge	zeek_timers_pending	type	NTPExpireTimer	0.0
1777922338.298059	zeek	gauge	zeek_timers_pending	type	RPCExpireTimer	0.0
1777922338.298059	zeek	gauge	zeek_timers_pending	type	ConnectionDeleteTimer	0.0
1777922338.298059	zeek	gauge	zeek_timers_pending	type	TriggerTimer	0.0
1777922338.298059	zeek	gauge	zeek_timers_pending	type	TableValTimer	34.0
1777922338.298059	zeek	gauge	zeek_timers_pending	type	TCPConnectionAttemptTimer	0.0
1777922338.298059	zeek	gauge	zeek_timers_pending	type	TCPConnectionPartialClose	0.0
1777922338.298059	zeek	gauge	zeek_dnsmgr_pending_asyncs_requests	(empty)	(empty)	0.0
1777922338.298059	zeek	gauge	zeek_dnsmgr_cache_entries	type	text	0.0
1777922338.298059	zeek	gauge	zeek_dnsmgr_cache_entries	type	address	0.0
1777922338.298059	zeek	gauge	zeek_dnsmgr_cache_entries	type	host	0.0
1777922338.298059	zeek	gauge	zeek_pending_triggers	(empty)	(empty)	0.0
1777922338.298059	zeek	gauge	zeek_active_sessions	protocol	unknown	0.0
1777922338.298059	zeek	gauge	zeek_active_sessions	protocol	icmp	0.0
1777922338.298059	zeek	gauge	zeek_active_sessions	protocol	udp	0.0
1777922338.298059	zeek	gauge	zeek_active_sessions	protocol	tcp	0.0
1777922398.298158	zeek	counter	process_cpu_user_seconds_total	(empty)	(empty)	2.88
1777922398.298158	zeek	counter	process_cpu_system_seconds_total	(empty)	(empty)	1.53
1777922398.298158	zeek	gauge	process_resident_memory_bytes	(empty)	(empty)	284684288.0
1777922398.298158	zeek	gauge	process_virtual_memory_bytes	(empty)	(empty)	1543462912.0
1777922398.298158	zeek	gauge	process_open_fds	(empty)	(empty)	43.0
1777922398.298158	zeek	gauge	process_start_time_seconds	(empty)	(empty)	1777920597.582311
1777922398.298158	zeek	counter	zeek_log_stream_writes_total	module,stream	Conn,Conn::LOG	14.0
1777922398.298158	zeek	counter	zeek_log_stream_writes_total	module,stream	CaptureLoss,CaptureLoss::LOG	2.0
1777922398.298158	zeek	counter	zeek_log_stream_writes_total	module,stream	Notice,Notice::LOG	2.0
1777922398.298158	zeek	counter	zeek_log_stream_writes_total	module,stream	Stats,Stats::LOG	7.0
1777922398.298158	zeek	counter	zeek_log_stream_writes_total	module,stream	Telemetry,Telemetry::LOG	4371.0
1777922398.298158	zeek	counter	zeek_log_stream_writes_total	module,stream	LoadedScripts,LoadedScripts::LOG	538.0
1777922398.298158	zeek	counter	zeek_log_stream_writes_total	module,stream	PacketFilter,PacketFilter::LOG	1.0
1777922398.298158	zeek	counter	zeek_log_writer_writes_total	filter_name,module,path,stream,writer	default,Conn,conn,Conn::LOG,Log::WRITER_ASCII	14.0
1777922398.298158	zeek	counter	zeek_log_writer_writes_total	filter_name,module,path,stream,writer	default,CaptureLoss,capture_loss,CaptureLoss::LOG,Log::WRITER_ASCII	2.0
1777922398.298158	zeek	counter	zeek_log_writer_writes_total	filter_name,module,path,stream,writer	default,Notice,notice,Notice::LOG,Log::WRITER_ASCII	2.0
1777922398.298158	zeek	counter	zeek_log_writer_writes_total	filter_name,module,path,stream,writer	default,Stats,stats,Stats::LOG,Log::WRITER_ASCII	7.0
1777922398.298158	zeek	counter	zeek_log_writer_writes_total	filter_name,module,path,stream,writer	default,Telemetry,telemetry,Telemetry::LOG,Log::WRITER_ASCII	4371.0
1777922398.298158	zeek	counter	zeek_log_writer_writes_total	filter_name,module,path,stream,writer	default,LoadedScripts,loaded_scripts,LoadedScripts::LOG,Log::WRITER_ASCII	538.0
1777922398.298158	zeek	counter	zeek_log_writer_writes_total	filter_name,module,path,stream,writer	default,PacketFilter,packet_filter,PacketFilter::LOG,Log::WRITER_ASCII	1.0
1777922398.298158	zeek	counter	zeek_log_writer_discarded_writes_total	filter_name,module,path,stream,writer	default,Conn,conn,Conn::LOG,Log::WRITER_ASCII	0.0
1777922398.298158	zeek	counter	zeek_log_writer_discarded_writes_total	filter_name,module,path,stream,writer	default,CaptureLoss,capture_loss,CaptureLoss::LOG,Log::WRITER_ASCII	0.0
1777922398.298158	zeek	counter	zeek_log_writer_discarded_writes_total	filter_name,module,path,stream,writer	default,Notice,notice,Notice::LOG,Log::WRITER_ASCII	0.0
1777922398.298158	zeek	counter	zeek_log_writer_discarded_writes_total	filter_name,module,path,stream,writer	default,Stats,stats,Stats::LOG,Log::WRITER_ASCII	0.0
1777922398.298158	zeek	counter	zeek_log_writer_discarded_writes_total	filter_name,module,path,stream,writer	default,Telemetry,telemetry,Telemetry::LOG,Log::WRITER_ASCII	0.0
1777922398.298158	zeek	counter	zeek_log_writer_discarded_writes_total	filter_name,module,path,stream,writer	default,LoadedScripts,loaded_scripts,LoadedScripts::LOG,Log::WRITER_ASCII	0.0
1777922398.298158	zeek	counter	zeek_log_writer_discarded_writes_total	filter_name,module,path,stream,writer	default,PacketFilter,packet_filter,PacketFilter::LOG,Log::WRITER_ASCII	0.0
1777922398.298158	zeek	counter	zeek_log_writer_truncated_string_fields_total	filter_name,module,path,stream,writer	default,Conn,conn,Conn::LOG,Log::WRITER_ASCII	0.0
1777922398.298158	zeek	counter	zeek_log_writer_truncated_string_fields_total	filter_name,module,path,stream,writer	default,CaptureLoss,capture_loss,CaptureLoss::LOG,Log::WRITER_ASCII	0.0
1777922398.298158	zeek	counter	zeek_log_writer_truncated_string_fields_total	filter_name,module,path,stream,writer	default,Notice,notice,Notice::LOG,Log::WRITER_ASCII	0.0
1777922398.298158	zeek	counter	zeek_log_writer_truncated_string_fields_total	filter_name,module,path,stream,writer	default,Stats,stats,Stats::LOG,Log::WRITER_ASCII	0.0
1777922398.298158	zeek	counter	zeek_log_writer_truncated_string_fields_total	filter_name,module,path,stream,writer	default,Telemetry,telemetry,Telemetry::LOG,Log::WRITER_ASCII	0.0
1777922398.298158	zeek	counter	zeek_log_writer_truncated_string_fields_total	filter_name,module,path,stream,writer	default,LoadedScripts,loaded_scripts,LoadedScripts::LOG,Log::WRITER_ASCII	0.0
1777922398.298158	zeek	counter	zeek_log_writer_truncated_string_fields_total	filter_name,module,path,stream,writer	default,PacketFilter,packet_filter,PacketFilter::LOG,Log::WRITER_ASCII	0.0
1777922398.298158	zeek	counter	zeek_log_writer_truncated_containers_total	filter_name,module,path,stream,writer	default,Conn,conn,Conn::LOG,Log::WRITER_ASCII	0.0
1777922398.298158	zeek	counter	zeek_log_writer_truncated_containers_total	filter_name,module,path,stream,writer	default,CaptureLoss,capture_loss,CaptureLoss::LOG,Log::WRITER_ASCII	0.0
1777922398.298158	zeek	counter	zeek_log_writer_truncated_containers_total	filter_name,module,path,stream,writer	default,Notice,notice,Notice::LOG,Log::WRITER_ASCII	0.0
1777922398.298158	zeek	counter	zeek_log_writer_truncated_containers_total	filter_name,module,path,stream,writer	default,Stats,stats,Stats::LOG,Log::WRITER_ASCII	0.0
1777922398.298158	zeek	counter	zeek_log_writer_truncated_containers_total	filter_name,module,path,stream,writer	default,Telemetry,telemetry,Telemetry::LOG,Log::WRITER_ASCII	0.0
1777922398.298158	zeek	counter	zeek_log_writer_truncated_containers_total	filter_name,module,path,stream,writer	default,LoadedScripts,loaded_scripts,LoadedScripts::LOG,Log::WRITER_ASCII	0.0
1777922398.298158	zeek	counter	zeek_log_writer_truncated_containers_total	filter_name,module,path,stream,writer	default,PacketFilter,packet_filter,PacketFilter::LOG,Log::WRITER_ASCII	0.0
1777922398.298158	zeek	counter	zeek_net_received_bytes_total	(empty)	(empty)	4963.0
1777922398.298158	zeek	counter	zeek_net_received_packets_total	(empty)	(empty)	37.0
1777922398.298158	zeek	counter	zeek_net_dropped_packets_total	(empty)	(empty)	0.0
1777922398.298158	zeek	counter	zeek_net_link_packets_total	(empty)	(empty)	37.0
1777922398.298158	zeek	counter	zeek_msgthread_threads_total	(empty)	(empty)	7.0
1777922398.298158	zeek	counter	zeek_msgthread_in_messages_total	(empty)	(empty)	57.0
1777922398.298158	zeek	counter	zeek_msgthread_out_messages_total	(empty)	(empty)	0.0
1777922398.298158	zeek	counter	zeek_cluster_core_outgoing_events_total	(empty)	(empty)	0.0
1777922398.298158	zeek	counter	zeek_cluster_core_incoming_events_total	(empty)	(empty)	0.0
1777922398.298158	zeek	counter	zeek_broker_incoming_events_total	(empty)	(empty)	0.0
1777922398.298158	zeek	counter	zeek_broker_outgoing_events_total	(empty)	(empty)	0.0
1777922398.298158	zeek	counter	zeek_broker_incoming_logs_total	(empty)	(empty)	0.0
1777922398.298158	zeek	counter	zeek_broker_outgoing_logs_total	(empty)	(empty)	0.0
1777922398.298158	zeek	counter	zeek_broker_incoming_ids_total	(empty)	(empty)	0.0
1777922398.298158	zeek	counter	zeek_broker_outgoing_ids_total	(empty)	(empty)	0.0
1777922398.298158	zeek	counter	zeek_timers_total	(empty)	(empty)	11800.0
1777922398.298158	zeek	counter	zeek_dnsmgr_requests_total	(empty)	(empty)	0.0
1777922398.298158	zeek	counter	zeek_dnsmgr_successful_requests_total	(empty)	(empty)	0.0
1777922398.298158	zeek	counter	zeek_dnsmgr_failed_requests_total	(empty)	(empty)	0.0
1777922398.298158	zeek	counter	zeek_triggers_total	(empty)	(empty)	0.0
1777922398.298158	zeek	counter	zeek_ended_sessions_total	reason	inactivity	14.0
1777922398.298158	zeek	counter	zeek_event_handler_invocations_total	name	connection_state_remove	14.0
1777922398.298158	zeek	counter	zeek_event_handler_invocations_total	name	zeek_init	1.0
1777922398.298158	zeek	counter	zeek_event_handler_invocations_total	name	Telemetry::log	31.0
1777922398.298158	zeek	counter	zeek_event_handler_invocations_total	name	NetControl::init	1.0
1777922398.298158	zeek	counter	zeek_event_handler_invocations_total	name	ChecksumOffloading::check	2.0
1777922398.298158	zeek	counter	zeek_event_handler_invocations_total	name	grab_vulnerable_versions	2.0
1777922398.298158	zeek	counter	zeek_event_handler_invocations_total	name	filter_change_tracking	8.0
1777922398.298158	zeek	counter	zeek_event_handler_invocations_total	name	Broker::log_flush	1799.0
1777922398.298158	zeek	counter	zeek_event_handler_invocations_total	name	zeek_script_loaded	538.0
1777922398.298158	zeek	counter	zeek_event_handler_invocations_total	name	new_connection	14.0
1777922398.298158	zeek	counter	zeek_event_handler_invocations_total	name	check_stats	7.0
1777922398.298158	zeek	counter	zeek_event_handler_invocations_total	name	CaptureLoss::take_measurement	3.0
1777922398.298158	zeek	counter	zeek_event_handler_invocations_total	name	net_stats_update	7.0
1777922398.298158	zeek	counter	zeek_event_handler_invocations_total	name	SumStats::finish_epoch	3.0
1777922398.298158	zeek	counter	zeek_total_sessions_total	protocol	unknown	1.0
1777922398.298158	zeek	counter	zeek_total_sessions_total	protocol	icmp	7.0
1777922398.298158	zeek	counter	zeek_total_sessions_total	protocol	udp	6.0
1777922398.298158	zeek	counter	zeek_total_sessions_total	protocol	tcp	0.0
1777922398.298158	zeek	gauge	zeek_version_info	beta,commit,debug,major,minor,patch,version_number,version_string	false,0,false,8,1,2,80102,8.1.2	1.0
1777922398.298158	zeek	gauge	zeek_net_packet_lag_seconds	(empty)	(empty)	0.0014
1777922398.298158	zeek	gauge	zeek_net_timestamp_seconds	(empty)	(empty)	1777922398.298158
1777922398.298158	zeek	gauge	zeek_msgthread_active_threads	(empty)	(empty)	7.0
1777922398.298158	zeek	gauge	zeek_msgthread_pending_in_messages	(empty)	(empty)	0.0
1777922398.298158	zeek	gauge	zeek_msgthread_pending_out_messages	(empty)	(empty)	0.0
1777922398.298158	zeek	gauge	zeek_msgthread_pending_messages_in_buckets	leq	inf	7.0
1777922398.298158	zeek	gauge	zeek_msgthread_pending_messages_in_buckets	leq	10000	7.0
1777922398.298158	zeek	gauge	zeek_msgthread_pending_messages_in_buckets	leq	1000	7.0
1777922398.298158	zeek	gauge	zeek_msgthread_pending_messages_in_buckets	leq	100	7.0
1777922398.298158	zeek	gauge	zeek_msgthread_pending_messages_in_buckets	leq	10	7.0
1777922398.298158	zeek	gauge	zeek_msgthread_pending_messages_in_buckets	leq	1	7.0
1777922398.298158	zeek	gauge	zeek_msgthread_pending_messages_out_buckets	leq	inf	7.0
1777922398.298158	zeek	gauge	zeek_msgthread_pending_messages_out_buckets	leq	10000	7.0
1777922398.298158	zeek	gauge	zeek_msgthread_pending_messages_out_buckets	leq	1000	7.0
1777922398.298158	zeek	gauge	zeek_msgthread_pending_messages_out_buckets	leq	100	7.0
1777922398.298158	zeek	gauge	zeek_msgthread_pending_messages_out_buckets	leq	10	7.0
1777922398.298158	zeek	gauge	zeek_msgthread_pending_messages_out_buckets	leq	1	7.0
1777922398.298158	zeek	gauge	zeek_broker_peers	(empty)	(empty)	0.0
1777922398.298158	zeek	gauge	zeek_broker_stores	(empty)	(empty)	1.0
1777922398.298158	zeek	gauge	zeek_broker_pending_queries	(empty)	(empty)	0.0
1777922398.298158	zeek	gauge	zeek_timers_lag_time_seconds	(empty)	(empty)	0.000099
1777922398.298158	zeek	gauge	zeek_timers_pending	type	LogDelayExpire	0.0
1777922398.298158	zeek	gauge	zeek_timers_pending	type	ThreadHeartbeat	1.0
1777922398.298158	zeek	gauge	zeek_timers_pending	type	TimerMgrExpireTimer	0.0
1777922398.298158	zeek	gauge	zeek_timers_pending	type	ParentProcessIDCheck	0.0
1777922398.298158	zeek	gauge	zeek_timers_pending	type	FragTimer	0.0
1777922398.298158	zeek	gauge	zeek_timers_pending	type	RotateTimer	0.0
1777922398.298158	zeek	gauge	zeek_timers_pending	type	FlowWeirdTimer	0.0
1777922398.298158	zeek	gauge	zeek_timers_pending	type	FileAnalysisInactivityTimer	0.0
1777922398.298158	zeek	gauge	zeek_timers_pending	type	StorageExpire	1.0
1777922398.298158	zeek	gauge	zeek_timers_pending	type	ConnectionInactivityTimer	0.0
1777922398.298158	zeek	gauge	zeek_timers_pending	type	TCPConnectionExpireTimer	0.0
1777922398.298158	zeek	gauge	zeek_timers_pending	type	ConnectionStatusUpdateTimer	0.0
1777922398.298158	zeek	gauge	zeek_timers_pending	type	LogFlushWriteBufferTimer	1.0
1777922398.298158	zeek	gauge	zeek_timers_pending	type	NetWeirdTimer	0.0
1777922398.298158	zeek	gauge	zeek_timers_pending	type	InterconnTimer	0.0
1777922398.298158	zeek	gauge	zeek_timers_pending	type	IPTunnelInactivityTimer	0.0
1777922398.298158	zeek	gauge	zeek_timers_pending	type	DNSExpireTimer	0.0
1777922398.298158	zeek	gauge	zeek_timers_pending	type	UnknownProtocolExpire	0.0
1777922398.298158	zeek	gauge	zeek_timers_pending	type	ProfileTimer	0.0
1777922398.298158	zeek	gauge	zeek_timers_pending	type	ConnectionExpireTimer	0.0
1777922398.298158	zeek	gauge	zeek_timers_pending	type	BreakpointTimer	0.0
1777922398.298158	zeek	gauge	zeek_timers_pending	type	BackdoorTimer	0.0
1777922398.298158	zeek	gauge	zeek_timers_pending	type	NetbiosExpireTimer	0.0
1777922398.298158	zeek	gauge	zeek_timers_pending	type	NetworkTimer	0.0
1777922398.298158	zeek	gauge	zeek_timers_pending	type	RemoveConnection	0.0
1777922398.298158	zeek	gauge	zeek_timers_pending	type	TCPConnectionResetTimer	0.0
1777922398.298158	zeek	gauge	zeek_timers_pending	type	ConnTupleWeirdTimer	0.0
1777922398.298158	zeek	gauge	zeek_timers_pending	type	TCPConnectionDeleteTimer	0.0
1777922398.298158	zeek	gauge	zeek_timers_pending	type	ScheduleTimer	6.0
1777922398.298158	zeek	gauge	zeek_timers_pending	type	NTPExpireTimer	0.0
1777922398.298158	zeek	gauge	zeek_timers_pending	type	RPCExpireTimer	0.0
1777922398.298158	zeek	gauge	zeek_timers_pending	type	ConnectionDeleteTimer	0.0
1777922398.298158	zeek	gauge	zeek_timers_pending	type	TriggerTimer	0.0
1777922398.298158	zeek	gauge	zeek_timers_pending	type	TableValTimer	34.0
1777922398.298158	zeek	gauge	zeek_timers_pending	type	TCPConnectionAttemptTimer	0.0
1777922398.298158	zeek	gauge	zeek_timers_pending	type	TCPConnectionPartialClose	0.0
1777922398.298158	zeek	gauge	zeek_dnsmgr_pending_asyncs_requests	(empty)	(empty)	0.0
1777922398.298158	zeek	gauge	zeek_dnsmgr_cache_entries	type	text	0.0
1777922398.298158	zeek	gauge	zeek_dnsmgr_cache_entries	type	address	0.0
1777922398.298158	zeek	gauge	zeek_dnsmgr_cache_entries	type	host	0.0
1777922398.298158	zeek	gauge	zeek_pending_triggers	(empty)	(empty)	0.0
1777922398.298158	zeek	gauge	zeek_active_sessions	protocol	unknown	0.0
1777922398.298158	zeek	gauge	zeek_active_sessions	protocol	icmp	0.0
1777922398.298158	zeek	gauge	zeek_active_sessions	protocol	udp	0.0
1777922398.298158	zeek	gauge	zeek_active_sessions	protocol	tcp	0.0
1777922458.298314	zeek	counter	process_cpu_user_seconds_total	(empty)	(empty)	2.94
1777922458.298314	zeek	counter	process_cpu_system_seconds_total	(empty)	(empty)	1.56
1777922458.298314	zeek	gauge	process_resident_memory_bytes	(empty)	(empty)	284684288.0
1777922458.298314	zeek	gauge	process_virtual_memory_bytes	(empty)	(empty)	1543462912.0
1777922458.298314	zeek	gauge	process_open_fds	(empty)	(empty)	43.0
1777922458.298314	zeek	gauge	process_start_time_seconds	(empty)	(empty)	1777920597.582311
1777922458.298314	zeek	counter	zeek_log_stream_writes_total	module,stream	Conn,Conn::LOG	14.0
1777922458.298314	zeek	counter	zeek_log_stream_writes_total	module,stream	CaptureLoss,CaptureLoss::LOG	3.0
1777922458.298314	zeek	counter	zeek_log_stream_writes_total	module,stream	Notice,Notice::LOG	3.0
1777922458.298314	zeek	counter	zeek_log_stream_writes_total	module,stream	Stats,Stats::LOG	7.0
1777922458.298314	zeek	counter	zeek_log_stream_writes_total	module,stream	Telemetry,Telemetry::LOG	4518.0
1777922458.298314	zeek	counter	zeek_log_stream_writes_total	module,stream	LoadedScripts,LoadedScripts::LOG	538.0
1777922458.298314	zeek	counter	zeek_log_stream_writes_total	module,stream	PacketFilter,PacketFilter::LOG	1.0
1777922458.298314	zeek	counter	zeek_log_writer_writes_total	filter_name,module,path,stream,writer	default,Conn,conn,Conn::LOG,Log::WRITER_ASCII	14.0
1777922458.298314	zeek	counter	zeek_log_writer_writes_total	filter_name,module,path,stream,writer	default,CaptureLoss,capture_loss,CaptureLoss::LOG,Log::WRITER_ASCII	3.0
1777922458.298314	zeek	counter	zeek_log_writer_writes_total	filter_name,module,path,stream,writer	default,Notice,notice,Notice::LOG,Log::WRITER_ASCII	3.0
1777922458.298314	zeek	counter	zeek_log_writer_writes_total	filter_name,module,path,stream,writer	default,Stats,stats,Stats::LOG,Log::WRITER_ASCII	7.0
1777922458.298314	zeek	counter	zeek_log_writer_writes_total	filter_name,module,path,stream,writer	default,Telemetry,telemetry,Telemetry::LOG,Log::WRITER_ASCII	4518.0
1777922458.298314	zeek	counter	zeek_log_writer_writes_total	filter_name,module,path,stream,writer	default,LoadedScripts,loaded_scripts,LoadedScripts::LOG,Log::WRITER_ASCII	538.0
1777922458.298314	zeek	counter	zeek_log_writer_writes_total	filter_name,module,path,stream,writer	default,PacketFilter,packet_filter,PacketFilter::LOG,Log::WRITER_ASCII	1.0
1777922458.298314	zeek	counter	zeek_log_writer_discarded_writes_total	filter_name,module,path,stream,writer	default,Conn,conn,Conn::LOG,Log::WRITER_ASCII	0.0
1777922458.298314	zeek	counter	zeek_log_writer_discarded_writes_total	filter_name,module,path,stream,writer	default,CaptureLoss,capture_loss,CaptureLoss::LOG,Log::WRITER_ASCII	0.0
1777922458.298314	zeek	counter	zeek_log_writer_discarded_writes_total	filter_name,module,path,stream,writer	default,Notice,notice,Notice::LOG,Log::WRITER_ASCII	0.0
1777922458.298314	zeek	counter	zeek_log_writer_discarded_writes_total	filter_name,module,path,stream,writer	default,Stats,stats,Stats::LOG,Log::WRITER_ASCII	0.0
1777922458.298314	zeek	counter	zeek_log_writer_discarded_writes_total	filter_name,module,path,stream,writer	default,Telemetry,telemetry,Telemetry::LOG,Log::WRITER_ASCII	0.0
1777922458.298314	zeek	counter	zeek_log_writer_discarded_writes_total	filter_name,module,path,stream,writer	default,LoadedScripts,loaded_scripts,LoadedScripts::LOG,Log::WRITER_ASCII	0.0
1777922458.298314	zeek	counter	zeek_log_writer_discarded_writes_total	filter_name,module,path,stream,writer	default,PacketFilter,packet_filter,PacketFilter::LOG,Log::WRITER_ASCII	0.0
1777922458.298314	zeek	counter	zeek_log_writer_truncated_string_fields_total	filter_name,module,path,stream,writer	default,Conn,conn,Conn::LOG,Log::WRITER_ASCII	0.0
1777922458.298314	zeek	counter	zeek_log_writer_truncated_string_fields_total	filter_name,module,path,stream,writer	default,CaptureLoss,capture_loss,CaptureLoss::LOG,Log::WRITER_ASCII	0.0
1777922458.298314	zeek	counter	zeek_log_writer_truncated_string_fields_total	filter_name,module,path,stream,writer	default,Notice,notice,Notice::LOG,Log::WRITER_ASCII	0.0
1777922458.298314	zeek	counter	zeek_log_writer_truncated_string_fields_total	filter_name,module,path,stream,writer	default,Stats,stats,Stats::LOG,Log::WRITER_ASCII	0.0
1777922458.298314	zeek	counter	zeek_log_writer_truncated_string_fields_total	filter_name,module,path,stream,writer	default,Telemetry,telemetry,Telemetry::LOG,Log::WRITER_ASCII	0.0
1777922458.298314	zeek	counter	zeek_log_writer_truncated_string_fields_total	filter_name,module,path,stream,writer	default,LoadedScripts,loaded_scripts,LoadedScripts::LOG,Log::WRITER_ASCII	0.0
1777922458.298314	zeek	counter	zeek_log_writer_truncated_string_fields_total	filter_name,module,path,stream,writer	default,PacketFilter,packet_filter,PacketFilter::LOG,Log::WRITER_ASCII	0.0
1777922458.298314	zeek	counter	zeek_log_writer_truncated_containers_total	filter_name,module,path,stream,writer	default,Conn,conn,Conn::LOG,Log::WRITER_ASCII	0.0
1777922458.298314	zeek	counter	zeek_log_writer_truncated_containers_total	filter_name,module,path,stream,writer	default,CaptureLoss,capture_loss,CaptureLoss::LOG,Log::WRITER_ASCII	0.0
1777922458.298314	zeek	counter	zeek_log_writer_truncated_containers_total	filter_name,module,path,stream,writer	default,Notice,notice,Notice::LOG,Log::WRITER_ASCII	0.0
1777922458.298314	zeek	counter	zeek_log_writer_truncated_containers_total	filter_name,module,path,stream,writer	default,Stats,stats,Stats::LOG,Log::WRITER_ASCII	0.0
1777922458.298314	zeek	counter	zeek_log_writer_truncated_containers_total	filter_name,module,path,stream,writer	default,Telemetry,telemetry,Telemetry::LOG,Log::WRITER_ASCII	0.0
1777922458.298314	zeek	counter	zeek_log_writer_truncated_containers_total	filter_name,module,path,stream,writer	default,LoadedScripts,loaded_scripts,LoadedScripts::LOG,Log::WRITER_ASCII	0.0
1777922458.298314	zeek	counter	zeek_log_writer_truncated_containers_total	filter_name,module,path,stream,writer	default,PacketFilter,packet_filter,PacketFilter::LOG,Log::WRITER_ASCII	0.0
1777922458.298314	zeek	counter	zeek_net_received_bytes_total	(empty)	(empty)	5033.0
1777922458.298314	zeek	counter	zeek_net_received_packets_total	(empty)	(empty)	38.0
1777922458.298314	zeek	counter	zeek_net_dropped_packets_total	(empty)	(empty)	0.0
1777922458.298314	zeek	counter	zeek_net_link_packets_total	(empty)	(empty)	38.0
1777922458.298314	zeek	counter	zeek_msgthread_threads_total	(empty)	(empty)	7.0
1777922458.298314	zeek	counter	zeek_msgthread_in_messages_total	(empty)	(empty)	59.0
1777922458.298314	zeek	counter	zeek_msgthread_out_messages_total	(empty)	(empty)	0.0
1777922458.298314	zeek	counter	zeek_cluster_core_outgoing_events_total	(empty)	(empty)	0.0
1777922458.298314	zeek	counter	zeek_cluster_core_incoming_events_total	(empty)	(empty)	0.0
1777922458.298314	zeek	counter	zeek_broker_incoming_events_total	(empty)	(empty)	0.0
1777922458.298314	zeek	counter	zeek_broker_outgoing_events_total	(empty)	(empty)	0.0
1777922458.298314	zeek	counter	zeek_broker_incoming_logs_total	(empty)	(empty)	0.0
1777922458.298314	zeek	counter	zeek_broker_outgoing_logs_total	(empty)	(empty)	0.0
1777922458.298314	zeek	counter	zeek_broker_incoming_ids_total	(empty)	(empty)	0.0
1777922458.298314	zeek	counter	zeek_broker_outgoing_ids_total	(empty)	(empty)	0.0
1777922458.298314	zeek	counter	zeek_timers_total	(empty)	(empty)	12191.0
1777922458.298314	zeek	counter	zeek_dnsmgr_requests_total	(empty)	(empty)	0.0
1777922458.298314	zeek	counter	zeek_dnsmgr_successful_requests_total	(empty)	(empty)	0.0
1777922458.298314	zeek	counter	zeek_dnsmgr_failed_requests_total	(empty)	(empty)	0.0
1777922458.298314	zeek	counter	zeek_triggers_total	(empty)	(empty)	0.0
1777922458.298314	zeek	counter	zeek_ended_sessions_total	reason	inactivity	14.0
1777922458.298314	zeek	counter	zeek_event_handler_invocations_total	name	connection_state_remove	14.0
1777922458.298314	zeek	counter	zeek_event_handler_invocations_total	name	zeek_init	1.0
1777922458.298314	zeek	counter	zeek_event_handler_invocations_total	name	Telemetry::log	32.0
1777922458.298314	zeek	counter	zeek_event_handler_invocations_total	name	NetControl::init	1.0
1777922458.298314	zeek	counter	zeek_event_handler_invocations_total	name	ChecksumOffloading::check	2.0
1777922458.298314	zeek	counter	zeek_event_handler_invocations_total	name	grab_vulnerable_versions	2.0
1777922458.298314	zeek	counter	zeek_event_handler_invocations_total	name	filter_change_tracking	8.0
1777922458.298314	zeek	counter	zeek_event_handler_invocations_total	name	Broker::log_flush	1859.0
1777922458.298314	zeek	counter	zeek_event_handler_invocations_total	name	zeek_script_loaded	538.0
1777922458.298314	zeek	counter	zeek_event_handler_invocations_total	name	new_connection	15.0
1777922458.298314	zeek	counter	zeek_event_handler_invocations_total	name	check_stats	7.0
1777922458.298314	zeek	counter	zeek_event_handler_invocations_total	name	CaptureLoss::take_measurement	4.0
1777922458.298314	zeek	counter	zeek_event_handler_invocations_total	name	net_stats_update	7.0
1777922458.298314	zeek	counter	zeek_event_handler_invocations_total	name	SumStats::finish_epoch	3.0
1777922458.298314	zeek	counter	zeek_total_sessions_total	protocol	unknown	1.0
1777922458.298314	zeek	counter	zeek_total_sessions_total	protocol	icmp	8.0
1777922458.298314	zeek	counter	zeek_total_sessions_total	protocol	udp	6.0
1777922458.298314	zeek	counter	zeek_total_sessions_total	protocol	tcp	0.0
1777922458.298314	zeek	gauge	zeek_version_info	beta,commit,debug,major,minor,patch,version_number,version_string	false,0,false,8,1,2,80102,8.1.2	1.0
1777922458.298314	zeek	gauge	zeek_net_packet_lag_seconds	(empty)	(empty)	0.002284
1777922458.298314	zeek	gauge	zeek_net_timestamp_seconds	(empty)	(empty)	1777922458.298314
1777922458.298314	zeek	gauge	zeek_msgthread_active_threads	(empty)	(empty)	7.0
1777922458.298314	zeek	gauge	zeek_msgthread_pending_in_messages	(empty)	(empty)	0.0
1777922458.298314	zeek	gauge	zeek_msgthread_pending_out_messages	(empty)	(empty)	0.0
1777922458.298314	zeek	gauge	zeek_msgthread_pending_messages_in_buckets	leq	inf	7.0
1777922458.298314	zeek	gauge	zeek_msgthread_pending_messages_in_buckets	leq	10000	7.0
1777922458.298314	zeek	gauge	zeek_msgthread_pending_messages_in_buckets	leq	1000	7.0
1777922458.298314	zeek	gauge	zeek_msgthread_pending_messages_in_buckets	leq	100	7.0
1777922458.298314	zeek	gauge	zeek_msgthread_pending_messages_in_buckets	leq	10	7.0
1777922458.298314	zeek	gauge	zeek_msgthread_pending_messages_in_buckets	leq	1	7.0
1777922458.298314	zeek	gauge	zeek_msgthread_pending_messages_out_buckets	leq	inf	7.0
1777922458.298314	zeek	gauge	zeek_msgthread_pending_messages_out_buckets	leq	10000	7.0
1777922458.298314	zeek	gauge	zeek_msgthread_pending_messages_out_buckets	leq	1000	7.0
1777922458.298314	zeek	gauge	zeek_msgthread_pending_messages_out_buckets	leq	100	7.0
1777922458.298314	zeek	gauge	zeek_msgthread_pending_messages_out_buckets	leq	10	7.0
1777922458.298314	zeek	gauge	zeek_msgthread_pending_messages_out_buckets	leq	1	7.0
1777922458.298314	zeek	gauge	zeek_broker_peers	(empty)	(empty)	0.0
1777922458.298314	zeek	gauge	zeek_broker_stores	(empty)	(empty)	1.0
1777922458.298314	zeek	gauge	zeek_broker_pending_queries	(empty)	(empty)	0.0
1777922458.298314	zeek	gauge	zeek_timers_lag_time_seconds	(empty)	(empty)	0.000156
1777922458.298314	zeek	gauge	zeek_timers_pending	type	LogDelayExpire	0.0
1777922458.298314	zeek	gauge	zeek_timers_pending	type	ThreadHeartbeat	1.0
1777922458.298314	zeek	gauge	zeek_timers_pending	type	TimerMgrExpireTimer	0.0
1777922458.298314	zeek	gauge	zeek_timers_pending	type	ParentProcessIDCheck	0.0
1777922458.298314	zeek	gauge	zeek_timers_pending	type	FragTimer	0.0
1777922458.298314	zeek	gauge	zeek_timers_pending	type	RotateTimer	0.0
1777922458.298314	zeek	gauge	zeek_timers_pending	type	FlowWeirdTimer	0.0
1777922458.298314	zeek	gauge	zeek_timers_pending	type	FileAnalysisInactivityTimer	0.0
1777922458.298314	zeek	gauge	zeek_timers_pending	type	StorageExpire	1.0
1777922458.298314	zeek	gauge	zeek_timers_pending	type	ConnectionInactivityTimer	1.0
1777922458.298314	zeek	gauge	zeek_timers_pending	type	TCPConnectionExpireTimer	0.0
1777922458.298314	zeek	gauge	zeek_timers_pending	type	ConnectionStatusUpdateTimer	0.0
1777922458.298314	zeek	gauge	zeek_timers_pending	type	LogFlushWriteBufferTimer	1.0
1777922458.298314	zeek	gauge	zeek_timers_pending	type	NetWeirdTimer	0.0
1777922458.298314	zeek	gauge	zeek_timers_pending	type	InterconnTimer	0.0
1777922458.298314	zeek	gauge	zeek_timers_pending	type	IPTunnelInactivityTimer	0.0
1777922458.298314	zeek	gauge	zeek_timers_pending	type	DNSExpireTimer	0.0
1777922458.298314	zeek	gauge	zeek_timers_pending	type	UnknownProtocolExpire	0.0
1777922458.298314	zeek	gauge	zeek_timers_pending	type	ProfileTimer	0.0
1777922458.298314	zeek	gauge	zeek_timers_pending	type	ConnectionExpireTimer	0.0
1777922458.298314	zeek	gauge	zeek_timers_pending	type	BreakpointTimer	0.0
1777922458.298314	zeek	gauge	zeek_timers_pending	type	BackdoorTimer	0.0
1777922458.298314	zeek	gauge	zeek_timers_pending	type	NetbiosExpireTimer	0.0
1777922458.298314	zeek	gauge	zeek_timers_pending	type	NetworkTimer	0.0
1777922458.298314	zeek	gauge	zeek_timers_pending	type	RemoveConnection	0.0
1777922458.298314	zeek	gauge	zeek_timers_pending	type	TCPConnectionResetTimer	0.0
1777922458.298314	zeek	gauge	zeek_timers_pending	type	ConnTupleWeirdTimer	0.0
1777922458.298314	zeek	gauge	zeek_timers_pending	type	TCPConnectionDeleteTimer	0.0
1777922458.298314	zeek	gauge	zeek_timers_pending	type	ScheduleTimer	6.0
1777922458.298314	zeek	gauge	zeek_timers_pending	type	NTPExpireTimer	0.0
1777922458.298314	zeek	gauge	zeek_timers_pending	type	RPCExpireTimer	0.0
1777922458.298314	zeek	gauge	zeek_timers_pending	type	ConnectionDeleteTimer	0.0
1777922458.298314	zeek	gauge	zeek_timers_pending	type	TriggerTimer	0.0
1777922458.298314	zeek	gauge	zeek_timers_pending	type	TableValTimer	34.0
1777922458.298314	zeek	gauge	zeek_timers_pending	type	TCPConnectionAttemptTimer	0.0
1777922458.298314	zeek	gauge	zeek_timers_pending	type	TCPConnectionPartialClose	0.0
1777922458.298314	zeek	gauge	zeek_dnsmgr_pending_asyncs_requests	(empty)	(empty)	0.0
1777922458.298314	zeek	gauge	zeek_dnsmgr_cache_entries	type	text	0.0
1777922458.298314	zeek	gauge	zeek_dnsmgr_cache_entries	type	address	0.0
1777922458.298314	zeek	gauge	zeek_dnsmgr_cache_entries	type	host	0.0
1777922458.298314	zeek	gauge	zeek_pending_triggers	(empty)	(empty)	0.0
1777922458.298314	zeek	gauge	zeek_active_sessions	protocol	unknown	0.0
1777922458.298314	zeek	gauge	zeek_active_sessions	protocol	icmp	1.0
1777922458.298314	zeek	gauge	zeek_active_sessions	protocol	udp	0.0
1777922458.298314	zeek	gauge	zeek_active_sessions	protocol	tcp	0.0
1777922518.298449	zeek	counter	process_cpu_user_seconds_total	(empty)	(empty)	3.0
1777922518.298449	zeek	counter	process_cpu_system_seconds_total	(empty)	(empty)	1.6
1777922518.298449	zeek	gauge	process_resident_memory_bytes	(empty)	(empty)	284684288.0
1777922518.298449	zeek	gauge	process_virtual_memory_bytes	(empty)	(empty)	1543462912.0
1777922518.298449	zeek	gauge	process_open_fds	(empty)	(empty)	43.0
1777922518.298449	zeek	gauge	process_start_time_seconds	(empty)	(empty)	1777920597.582311
1777922518.298449	zeek	counter	zeek_log_stream_writes_total	module,stream	Conn,Conn::LOG	15.0
1777922518.298449	zeek	counter	zeek_log_stream_writes_total	module,stream	CaptureLoss,CaptureLoss::LOG	3.0
1777922518.298449	zeek	counter	zeek_log_stream_writes_total	module,stream	Notice,Notice::LOG	3.0
1777922518.298449	zeek	counter	zeek_log_stream_writes_total	module,stream	Stats,Stats::LOG	7.0
1777922518.298449	zeek	counter	zeek_log_stream_writes_total	module,stream	Telemetry,Telemetry::LOG	4665.0
1777922518.298449	zeek	counter	zeek_log_stream_writes_total	module,stream	LoadedScripts,LoadedScripts::LOG	538.0
1777922518.298449	zeek	counter	zeek_log_stream_writes_total	module,stream	PacketFilter,PacketFilter::LOG	1.0
1777922518.298449	zeek	counter	zeek_log_writer_writes_total	filter_name,module,path,stream,writer	default,Conn,conn,Conn::LOG,Log::WRITER_ASCII	15.0
1777922518.298449	zeek	counter	zeek_log_writer_writes_total	filter_name,module,path,stream,writer	default,CaptureLoss,capture_loss,CaptureLoss::LOG,Log::WRITER_ASCII	3.0
1777922518.298449	zeek	counter	zeek_log_writer_writes_total	filter_name,module,path,stream,writer	default,Notice,notice,Notice::LOG,Log::WRITER_ASCII	3.0
1777922518.298449	zeek	counter	zeek_log_writer_writes_total	filter_name,module,path,stream,writer	default,Stats,stats,Stats::LOG,Log::WRITER_ASCII	7.0
1777922518.298449	zeek	counter	zeek_log_writer_writes_total	filter_name,module,path,stream,writer	default,Telemetry,telemetry,Telemetry::LOG,Log::WRITER_ASCII	4665.0
1777922518.298449	zeek	counter	zeek_log_writer_writes_total	filter_name,module,path,stream,writer	default,LoadedScripts,loaded_scripts,LoadedScripts::LOG,Log::WRITER_ASCII	538.0
1777922518.298449	zeek	counter	zeek_log_writer_writes_total	filter_name,module,path,stream,writer	default,PacketFilter,packet_filter,PacketFilter::LOG,Log::WRITER_ASCII	1.0
1777922518.298449	zeek	counter	zeek_log_writer_discarded_writes_total	filter_name,module,path,stream,writer	default,Conn,conn,Conn::LOG,Log::WRITER_ASCII	0.0
1777922518.298449	zeek	counter	zeek_log_writer_discarded_writes_total	filter_name,module,path,stream,writer	default,CaptureLoss,capture_loss,CaptureLoss::LOG,Log::WRITER_ASCII	0.0
1777922518.298449	zeek	counter	zeek_log_writer_discarded_writes_total	filter_name,module,path,stream,writer	default,Notice,notice,Notice::LOG,Log::WRITER_ASCII	0.0
1777922518.298449	zeek	counter	zeek_log_writer_discarded_writes_total	filter_name,module,path,stream,writer	default,Stats,stats,Stats::LOG,Log::WRITER_ASCII	0.0
1777922518.298449	zeek	counter	zeek_log_writer_discarded_writes_total	filter_name,module,path,stream,writer	default,Telemetry,telemetry,Telemetry::LOG,Log::WRITER_ASCII	0.0
1777922518.298449	zeek	counter	zeek_log_writer_discarded_writes_total	filter_name,module,path,stream,writer	default,LoadedScripts,loaded_scripts,LoadedScripts::LOG,Log::WRITER_ASCII	0.0
1777922518.298449	zeek	counter	zeek_log_writer_discarded_writes_total	filter_name,module,path,stream,writer	default,PacketFilter,packet_filter,PacketFilter::LOG,Log::WRITER_ASCII	0.0
1777922518.298449	zeek	counter	zeek_log_writer_truncated_string_fields_total	filter_name,module,path,stream,writer	default,Conn,conn,Conn::LOG,Log::WRITER_ASCII	0.0
1777922518.298449	zeek	counter	zeek_log_writer_truncated_string_fields_total	filter_name,module,path,stream,writer	default,CaptureLoss,capture_loss,CaptureLoss::LOG,Log::WRITER_ASCII	0.0
1777922518.298449	zeek	counter	zeek_log_writer_truncated_string_fields_total	filter_name,module,path,stream,writer	default,Notice,notice,Notice::LOG,Log::WRITER_ASCII	0.0
1777922518.298449	zeek	counter	zeek_log_writer_truncated_string_fields_total	filter_name,module,path,stream,writer	default,Stats,stats,Stats::LOG,Log::WRITER_ASCII	0.0
1777922518.298449	zeek	counter	zeek_log_writer_truncated_string_fields_total	filter_name,module,path,stream,writer	default,Telemetry,telemetry,Telemetry::LOG,Log::WRITER_ASCII	0.0
1777922518.298449	zeek	counter	zeek_log_writer_truncated_string_fields_total	filter_name,module,path,stream,writer	default,LoadedScripts,loaded_scripts,LoadedScripts::LOG,Log::WRITER_ASCII	0.0
1777922518.298449	zeek	counter	zeek_log_writer_truncated_string_fields_total	filter_name,module,path,stream,writer	default,PacketFilter,packet_filter,PacketFilter::LOG,Log::WRITER_ASCII	0.0
1777922518.298449	zeek	counter	zeek_log_writer_truncated_containers_total	filter_name,module,path,stream,writer	default,Conn,conn,Conn::LOG,Log::WRITER_ASCII	0.0
1777922518.298449	zeek	counter	zeek_log_writer_truncated_containers_total	filter_name,module,path,stream,writer	default,CaptureLoss,capture_loss,CaptureLoss::LOG,Log::WRITER_ASCII	0.0
1777922518.298449	zeek	counter	zeek_log_writer_truncated_containers_total	filter_name,module,path,stream,writer	default,Notice,notice,Notice::LOG,Log::WRITER_ASCII	0.0
1777922518.298449	zeek	counter	zeek_log_writer_truncated_containers_total	filter_name,module,path,stream,writer	default,Stats,stats,Stats::LOG,Log::WRITER_ASCII	0.0
1777922518.298449	zeek	counter	zeek_log_writer_truncated_containers_total	filter_name,module,path,stream,writer	default,Telemetry,telemetry,Telemetry::LOG,Log::WRITER_ASCII	0.0
1777922518.298449	zeek	counter	zeek_log_writer_truncated_containers_total	filter_name,module,path,stream,writer	default,LoadedScripts,loaded_scripts,LoadedScripts::LOG,Log::WRITER_ASCII	0.0
1777922518.298449	zeek	counter	zeek_log_writer_truncated_containers_total	filter_name,module,path,stream,writer	default,PacketFilter,packet_filter,PacketFilter::LOG,Log::WRITER_ASCII	0.0
1777922518.298449	zeek	counter	zeek_net_received_bytes_total	(empty)	(empty)	5033.0
1777922518.298449	zeek	counter	zeek_net_received_packets_total	(empty)	(empty)	38.0
1777922518.298449	zeek	counter	zeek_net_dropped_packets_total	(empty)	(empty)	0.0
1777922518.298449	zeek	counter	zeek_net_link_packets_total	(empty)	(empty)	38.0
1777922518.298449	zeek	counter	zeek_msgthread_threads_total	(empty)	(empty)	7.0
1777922518.298449	zeek	counter	zeek_msgthread_in_messages_total	(empty)	(empty)	63.0
1777922518.298449	zeek	counter	zeek_msgthread_out_messages_total	(empty)	(empty)	0.0
1777922518.298449	zeek	counter	zeek_cluster_core_outgoing_events_total	(empty)	(empty)	0.0
1777922518.298449	zeek	counter	zeek_cluster_core_incoming_events_total	(empty)	(empty)	0.0
1777922518.298449	zeek	counter	zeek_broker_incoming_events_total	(empty)	(empty)	0.0
1777922518.298449	zeek	counter	zeek_broker_outgoing_events_total	(empty)	(empty)	0.0
1777922518.298449	zeek	counter	zeek_broker_incoming_logs_total	(empty)	(empty)	0.0
1777922518.298449	zeek	counter	zeek_broker_outgoing_logs_total	(empty)	(empty)	0.0
1777922518.298449	zeek	counter	zeek_broker_incoming_ids_total	(empty)	(empty)	0.0
1777922518.298449	zeek	counter	zeek_broker_outgoing_ids_total	(empty)	(empty)	0.0
1777922518.298449	zeek	counter	zeek_timers_total	(empty)	(empty)	12580.0
1777922518.298449	zeek	counter	zeek_dnsmgr_requests_total	(empty)	(empty)	0.0
1777922518.298449	zeek	counter	zeek_dnsmgr_successful_requests_total	(empty)	(empty)	0.0
1777922518.298449	zeek	counter	zeek_dnsmgr_failed_requests_total	(empty)	(empty)	0.0
1777922518.298449	zeek	counter	zeek_triggers_total	(empty)	(empty)	0.0
1777922518.298449	zeek	counter	zeek_ended_sessions_total	reason	inactivity	15.0
1777922518.298449	zeek	counter	zeek_event_handler_invocations_total	name	connection_state_remove	15.0
1777922518.298449	zeek	counter	zeek_event_handler_invocations_total	name	zeek_init	1.0
1777922518.298449	zeek	counter	zeek_event_handler_invocations_total	name	Telemetry::log	33.0
1777922518.298449	zeek	counter	zeek_event_handler_invocations_total	name	NetControl::init	1.0
1777922518.298449	zeek	counter	zeek_event_handler_invocations_total	name	ChecksumOffloading::check	2.0
1777922518.298449	zeek	counter	zeek_event_handler_invocations_total	name	grab_vulnerable_versions	2.0
1777922518.298449	zeek	counter	zeek_event_handler_invocations_total	name	filter_change_tracking	8.0
1777922518.298449	zeek	counter	zeek_event_handler_invocations_total	name	Broker::log_flush	1919.0
1777922518.298449	zeek	counter	zeek_event_handler_invocations_total	name	zeek_script_loaded	538.0
1777922518.298449	zeek	counter	zeek_event_handler_invocations_total	name	new_connection	15.0
1777922518.298449	zeek	counter	zeek_event_handler_invocations_total	name	check_stats	7.0
1777922518.298449	zeek	counter	zeek_event_handler_invocations_total	name	CaptureLoss::take_measurement	4.0
1777922518.298449	zeek	counter	zeek_event_handler_invocations_total	name	net_stats_update	7.0
1777922518.298449	zeek	counter	zeek_event_handler_invocations_total	name	SumStats::finish_epoch	3.0
1777922518.298449	zeek	counter	zeek_total_sessions_total	protocol	unknown	1.0
1777922518.298449	zeek	counter	zeek_total_sessions_total	protocol	icmp	8.0
1777922518.298449	zeek	counter	zeek_total_sessions_total	protocol	udp	6.0
1777922518.298449	zeek	counter	zeek_total_sessions_total	protocol	tcp	0.0
1777922518.298449	zeek	gauge	zeek_version_info	beta,commit,debug,major,minor,patch,version_number,version_string	false,0,false,8,1,2,80102,8.1.2	1.0
1777922518.298449	zeek	gauge	zeek_net_packet_lag_seconds	(empty)	(empty)	0.00213
1777922518.298449	zeek	gauge	zeek_net_timestamp_seconds	(empty)	(empty)	1777922518.298449
1777922518.298449	zeek	gauge	zeek_msgthread_active_threads	(empty)	(empty)	7.0
1777922518.298449	zeek	gauge	zeek_msgthread_pending_in_messages	(empty)	(empty)	0.0
1777922518.298449	zeek	gauge	zeek_msgthread_pending_out_messages	(empty)	(empty)	0.0
1777922518.298449	zeek	gauge	zeek_msgthread_pending_messages_in_buckets	leq	inf	7.0
1777922518.298449	zeek	gauge	zeek_msgthread_pending_messages_in_buckets	leq	10000	7.0
1777922518.298449	zeek	gauge	zeek_msgthread_pending_messages_in_buckets	leq	1000	7.0
1777922518.298449	zeek	gauge	zeek_msgthread_pending_messages_in_buckets	leq	100	7.0
1777922518.298449	zeek	gauge	zeek_msgthread_pending_messages_in_buckets	leq	10	7.0
1777922518.298449	zeek	gauge	zeek_msgthread_pending_messages_in_buckets	leq	1	7.0
1777922518.298449	zeek	gauge	zeek_msgthread_pending_messages_out_buckets	leq	inf	7.0
1777922518.298449	zeek	gauge	zeek_msgthread_pending_messages_out_buckets	leq	10000	7.0
1777922518.298449	zeek	gauge	zeek_msgthread_pending_messages_out_buckets	leq	1000	7.0
1777922518.298449	zeek	gauge	zeek_msgthread_pending_messages_out_buckets	leq	100	7.0
1777922518.298449	zeek	gauge	zeek_msgthread_pending_messages_out_buckets	leq	10	7.0
1777922518.298449	zeek	gauge	zeek_msgthread_pending_messages_out_buckets	leq	1	7.0
1777922518.298449	zeek	gauge	zeek_broker_peers	(empty)	(empty)	0.0
1777922518.298449	zeek	gauge	zeek_broker_stores	(empty)	(empty)	1.0
1777922518.298449	zeek	gauge	zeek_broker_pending_queries	(empty)	(empty)	0.0
1777922518.298449	zeek	gauge	zeek_timers_lag_time_seconds	(empty)	(empty)	0.000135
1777922518.298449	zeek	gauge	zeek_timers_pending	type	LogDelayExpire	0.0
1777922518.298449	zeek	gauge	zeek_timers_pending	type	ThreadHeartbeat	1.0
1777922518.298449	zeek	gauge	zeek_timers_pending	type	TimerMgrExpireTimer	0.0
1777922518.298449	zeek	gauge	zeek_timers_pending	type	ParentProcessIDCheck	0.0
1777922518.298449	zeek	gauge	zeek_timers_pending	type	FragTimer	0.0
1777922518.298449	zeek	gauge	zeek_timers_pending	type	RotateTimer	0.0
1777922518.298449	zeek	gauge	zeek_timers_pending	type	FlowWeirdTimer	0.0
1777922518.298449	zeek	gauge	zeek_timers_pending	type	FileAnalysisInactivityTimer	0.0
1777922518.298449	zeek	gauge	zeek_timers_pending	type	StorageExpire	1.0
1777922518.298449	zeek	gauge	zeek_timers_pending	type	ConnectionInactivityTimer	0.0
1777922518.298449	zeek	gauge	zeek_timers_pending	type	TCPConnectionExpireTimer	0.0
1777922518.298449	zeek	gauge	zeek_timers_pending	type	ConnectionStatusUpdateTimer	0.0
1777922518.298449	zeek	gauge	zeek_timers_pending	type	LogFlushWriteBufferTimer	1.0
1777922518.298449	zeek	gauge	zeek_timers_pending	type	NetWeirdTimer	0.0
1777922518.298449	zeek	gauge	zeek_timers_pending	type	InterconnTimer	0.0
1777922518.298449	zeek	gauge	zeek_timers_pending	type	IPTunnelInactivityTimer	0.0
1777922518.298449	zeek	gauge	zeek_timers_pending	type	DNSExpireTimer	0.0
1777922518.298449	zeek	gauge	zeek_timers_pending	type	UnknownProtocolExpire	0.0
1777922518.298449	zeek	gauge	zeek_timers_pending	type	ProfileTimer	0.0
1777922518.298449	zeek	gauge	zeek_timers_pending	type	ConnectionExpireTimer	0.0
1777922518.298449	zeek	gauge	zeek_timers_pending	type	BreakpointTimer	0.0
1777922518.298449	zeek	gauge	zeek_timers_pending	type	BackdoorTimer	0.0
1777922518.298449	zeek	gauge	zeek_timers_pending	type	NetbiosExpireTimer	0.0
1777922518.298449	zeek	gauge	zeek_timers_pending	type	NetworkTimer	0.0
1777922518.298449	zeek	gauge	zeek_timers_pending	type	RemoveConnection	0.0
1777922518.298449	zeek	gauge	zeek_timers_pending	type	TCPConnectionResetTimer	0.0
1777922518.298449	zeek	gauge	zeek_timers_pending	type	ConnTupleWeirdTimer	0.0
1777922518.298449	zeek	gauge	zeek_timers_pending	type	TCPConnectionDeleteTimer	0.0
1777922518.298449	zeek	gauge	zeek_timers_pending	type	ScheduleTimer	6.0
1777922518.298449	zeek	gauge	zeek_timers_pending	type	NTPExpireTimer	0.0
1777922518.298449	zeek	gauge	zeek_timers_pending	type	RPCExpireTimer	0.0
1777922518.298449	zeek	gauge	zeek_timers_pending	type	ConnectionDeleteTimer	0.0
1777922518.298449	zeek	gauge	zeek_timers_pending	type	TriggerTimer	0.0
1777922518.298449	zeek	gauge	zeek_timers_pending	type	TableValTimer	34.0
1777922518.298449	zeek	gauge	zeek_timers_pending	type	TCPConnectionAttemptTimer	0.0
1777922518.298449	zeek	gauge	zeek_timers_pending	type	TCPConnectionPartialClose	0.0
1777922518.298449	zeek	gauge	zeek_dnsmgr_pending_asyncs_requests	(empty)	(empty)	0.0
1777922518.298449	zeek	gauge	zeek_dnsmgr_cache_entries	type	text	0.0
1777922518.298449	zeek	gauge	zeek_dnsmgr_cache_entries	type	address	0.0
1777922518.298449	zeek	gauge	zeek_dnsmgr_cache_entries	type	host	0.0
1777922518.298449	zeek	gauge	zeek_pending_triggers	(empty)	(empty)	0.0
1777922518.298449	zeek	gauge	zeek_active_sessions	protocol	unknown	0.0
1777922518.298449	zeek	gauge	zeek_active_sessions	protocol	icmp	0.0
1777922518.298449	zeek	gauge	zeek_active_sessions	protocol	udp	0.0
1777922518.298449	zeek	gauge	zeek_active_sessions	protocol	tcp	0.0
1777922578.298834	zeek	counter	process_cpu_user_seconds_total	(empty)	(empty)	3.06
1777922578.298834	zeek	counter	process_cpu_system_seconds_total	(empty)	(empty)	1.64
1777922578.298834	zeek	gauge	process_resident_memory_bytes	(empty)	(empty)	284684288.0
1777922578.298834	zeek	gauge	process_virtual_memory_bytes	(empty)	(empty)	1543462912.0
1777922578.298834	zeek	gauge	process_open_fds	(empty)	(empty)	43.0
1777922578.298834	zeek	gauge	process_start_time_seconds	(empty)	(empty)	1777920597.582311
1777922578.298834	zeek	counter	zeek_log_stream_writes_total	module,stream	Conn,Conn::LOG	15.0
1777922578.298834	zeek	counter	zeek_log_stream_writes_total	module,stream	CaptureLoss,CaptureLoss::LOG	3.0
1777922578.298834	zeek	counter	zeek_log_stream_writes_total	module,stream	Notice,Notice::LOG	3.0
1777922578.298834	zeek	counter	zeek_log_stream_writes_total	module,stream	Stats,Stats::LOG	7.0
1777922578.298834	zeek	counter	zeek_log_stream_writes_total	module,stream	Telemetry,Telemetry::LOG	4812.0
1777922578.298834	zeek	counter	zeek_log_stream_writes_total	module,stream	LoadedScripts,LoadedScripts::LOG	538.0
1777922578.298834	zeek	counter	zeek_log_stream_writes_total	module,stream	PacketFilter,PacketFilter::LOG	1.0
1777922578.298834	zeek	counter	zeek_log_writer_writes_total	filter_name,module,path,stream,writer	default,Conn,conn,Conn::LOG,Log::WRITER_ASCII	15.0
1777922578.298834	zeek	counter	zeek_log_writer_writes_total	filter_name,module,path,stream,writer	default,CaptureLoss,capture_loss,CaptureLoss::LOG,Log::WRITER_ASCII	3.0
1777922578.298834	zeek	counter	zeek_log_writer_writes_total	filter_name,module,path,stream,writer	default,Notice,notice,Notice::LOG,Log::WRITER_ASCII	3.0
1777922578.298834	zeek	counter	zeek_log_writer_writes_total	filter_name,module,path,stream,writer	default,Stats,stats,Stats::LOG,Log::WRITER_ASCII	7.0
1777922578.298834	zeek	counter	zeek_log_writer_writes_total	filter_name,module,path,stream,writer	default,Telemetry,telemetry,Telemetry::LOG,Log::WRITER_ASCII	4812.0
1777922578.298834	zeek	counter	zeek_log_writer_writes_total	filter_name,module,path,stream,writer	default,LoadedScripts,loaded_scripts,LoadedScripts::LOG,Log::WRITER_ASCII	538.0
1777922578.298834	zeek	counter	zeek_log_writer_writes_total	filter_name,module,path,stream,writer	default,PacketFilter,packet_filter,PacketFilter::LOG,Log::WRITER_ASCII	1.0
1777922578.298834	zeek	counter	zeek_log_writer_discarded_writes_total	filter_name,module,path,stream,writer	default,Conn,conn,Conn::LOG,Log::WRITER_ASCII	0.0
1777922578.298834	zeek	counter	zeek_log_writer_discarded_writes_total	filter_name,module,path,stream,writer	default,CaptureLoss,capture_loss,CaptureLoss::LOG,Log::WRITER_ASCII	0.0
1777922578.298834	zeek	counter	zeek_log_writer_discarded_writes_total	filter_name,module,path,stream,writer	default,Notice,notice,Notice::LOG,Log::WRITER_ASCII	0.0
1777922578.298834	zeek	counter	zeek_log_writer_discarded_writes_total	filter_name,module,path,stream,writer	default,Stats,stats,Stats::LOG,Log::WRITER_ASCII	0.0
1777922578.298834	zeek	counter	zeek_log_writer_discarded_writes_total	filter_name,module,path,stream,writer	default,Telemetry,telemetry,Telemetry::LOG,Log::WRITER_ASCII	0.0
1777922578.298834	zeek	counter	zeek_log_writer_discarded_writes_total	filter_name,module,path,stream,writer	default,LoadedScripts,loaded_scripts,LoadedScripts::LOG,Log::WRITER_ASCII	0.0
1777922578.298834	zeek	counter	zeek_log_writer_discarded_writes_total	filter_name,module,path,stream,writer	default,PacketFilter,packet_filter,PacketFilter::LOG,Log::WRITER_ASCII	0.0
1777922578.298834	zeek	counter	zeek_log_writer_truncated_string_fields_total	filter_name,module,path,stream,writer	default,Conn,conn,Conn::LOG,Log::WRITER_ASCII	0.0
1777922578.298834	zeek	counter	zeek_log_writer_truncated_string_fields_total	filter_name,module,path,stream,writer	default,CaptureLoss,capture_loss,CaptureLoss::LOG,Log::WRITER_ASCII	0.0
1777922578.298834	zeek	counter	zeek_log_writer_truncated_string_fields_total	filter_name,module,path,stream,writer	default,Notice,notice,Notice::LOG,Log::WRITER_ASCII	0.0
1777922578.298834	zeek	counter	zeek_log_writer_truncated_string_fields_total	filter_name,module,path,stream,writer	default,Stats,stats,Stats::LOG,Log::WRITER_ASCII	0.0
1777922578.298834	zeek	counter	zeek_log_writer_truncated_string_fields_total	filter_name,module,path,stream,writer	default,Telemetry,telemetry,Telemetry::LOG,Log::WRITER_ASCII	0.0
1777922578.298834	zeek	counter	zeek_log_writer_truncated_string_fields_total	filter_name,module,path,stream,writer	default,LoadedScripts,loaded_scripts,LoadedScripts::LOG,Log::WRITER_ASCII	0.0
1777922578.298834	zeek	counter	zeek_log_writer_truncated_string_fields_total	filter_name,module,path,stream,writer	default,PacketFilter,packet_filter,PacketFilter::LOG,Log::WRITER_ASCII	0.0
1777922578.298834	zeek	counter	zeek_log_writer_truncated_containers_total	filter_name,module,path,stream,writer	default,Conn,conn,Conn::LOG,Log::WRITER_ASCII	0.0
1777922578.298834	zeek	counter	zeek_log_writer_truncated_containers_total	filter_name,module,path,stream,writer	default,CaptureLoss,capture_loss,CaptureLoss::LOG,Log::WRITER_ASCII	0.0
1777922578.298834	zeek	counter	zeek_log_writer_truncated_containers_total	filter_name,module,path,stream,writer	default,Notice,notice,Notice::LOG,Log::WRITER_ASCII	0.0
1777922578.298834	zeek	counter	zeek_log_writer_truncated_containers_total	filter_name,module,path,stream,writer	default,Stats,stats,Stats::LOG,Log::WRITER_ASCII	0.0
1777922578.298834	zeek	counter	zeek_log_writer_truncated_containers_total	filter_name,module,path,stream,writer	default,Telemetry,telemetry,Telemetry::LOG,Log::WRITER_ASCII	0.0
1777922578.298834	zeek	counter	zeek_log_writer_truncated_containers_total	filter_name,module,path,stream,writer	default,LoadedScripts,loaded_scripts,LoadedScripts::LOG,Log::WRITER_ASCII	0.0
1777922578.298834	zeek	counter	zeek_log_writer_truncated_containers_total	filter_name,module,path,stream,writer	default,PacketFilter,packet_filter,PacketFilter::LOG,Log::WRITER_ASCII	0.0
1777922578.298834	zeek	counter	zeek_net_received_bytes_total	(empty)	(empty)	5033.0
1777922578.298834	zeek	counter	zeek_net_received_packets_total	(empty)	(empty)	38.0
1777922578.298834	zeek	counter	zeek_net_dropped_packets_total	(empty)	(empty)	0.0
1777922578.298834	zeek	counter	zeek_net_link_packets_total	(empty)	(empty)	38.0
1777922578.298834	zeek	counter	zeek_msgthread_threads_total	(empty)	(empty)	7.0
1777922578.298834	zeek	counter	zeek_msgthread_in_messages_total	(empty)	(empty)	64.0
1777922578.298834	zeek	counter	zeek_msgthread_out_messages_total	(empty)	(empty)	0.0
1777922578.298834	zeek	counter	zeek_cluster_core_outgoing_events_total	(empty)	(empty)	0.0
1777922578.298834	zeek	counter	zeek_cluster_core_incoming_events_total	(empty)	(empty)	0.0
1777922578.298834	zeek	counter	zeek_broker_incoming_events_total	(empty)	(empty)	0.0
1777922578.298834	zeek	counter	zeek_broker_outgoing_events_total	(empty)	(empty)	0.0
1777922578.298834	zeek	counter	zeek_broker_incoming_logs_total	(empty)	(empty)	0.0
1777922578.298834	zeek	counter	zeek_broker_outgoing_logs_total	(empty)	(empty)	0.0
1777922578.298834	zeek	counter	zeek_broker_incoming_ids_total	(empty)	(empty)	0.0
1777922578.298834	zeek	counter	zeek_broker_outgoing_ids_total	(empty)	(empty)	0.0
1777922578.298834	zeek	counter	zeek_timers_total	(empty)	(empty)	12966.0
1777922578.298834	zeek	counter	zeek_dnsmgr_requests_total	(empty)	(empty)	0.0
1777922578.298834	zeek	counter	zeek_dnsmgr_successful_requests_total	(empty)	(empty)	0.0
1777922578.298834	zeek	counter	zeek_dnsmgr_failed_requests_total	(empty)	(empty)	0.0
1777922578.298834	zeek	counter	zeek_triggers_total	(empty)	(empty)	0.0
1777922578.298834	zeek	counter	zeek_ended_sessions_total	reason	inactivity	15.0
1777922578.298834	zeek	counter	zeek_event_handler_invocations_total	name	connection_state_remove	15.0
1777922578.298834	zeek	counter	zeek_event_handler_invocations_total	name	zeek_init	1.0
1777922578.298834	zeek	counter	zeek_event_handler_invocations_total	name	Telemetry::log	34.0
1777922578.298834	zeek	counter	zeek_event_handler_invocations_total	name	NetControl::init	1.0
1777922578.298834	zeek	counter	zeek_event_handler_invocations_total	name	ChecksumOffloading::check	2.0
1777922578.298834	zeek	counter	zeek_event_handler_invocations_total	name	grab_vulnerable_versions	2.0
1777922578.298834	zeek	counter	zeek_event_handler_invocations_total	name	filter_change_tracking	8.0
1777922578.298834	zeek	counter	zeek_event_handler_invocations_total	name	Broker::log_flush	1978.0
1777922578.298834	zeek	counter	zeek_event_handler_invocations_total	name	zeek_script_loaded	538.0
1777922578.298834	zeek	counter	zeek_event_handler_invocations_total	name	new_connection	15.0
1777922578.298834	zeek	counter	zeek_event_handler_invocations_total	name	check_stats	7.0
1777922578.298834	zeek	counter	zeek_event_handler_invocations_total	name	CaptureLoss::take_measurement	4.0
1777922578.298834	zeek	counter	zeek_event_handler_invocations_total	name	net_stats_update	7.0
1777922578.298834	zeek	counter	zeek_event_handler_invocations_total	name	SumStats::finish_epoch	3.0
1777922578.298834	zeek	counter	zeek_total_sessions_total	protocol	unknown	1.0
1777922578.298834	zeek	counter	zeek_total_sessions_total	protocol	icmp	8.0
1777922578.298834	zeek	counter	zeek_total_sessions_total	protocol	udp	6.0
1777922578.298834	zeek	counter	zeek_total_sessions_total	protocol	tcp	0.0
1777922578.298834	zeek	gauge	zeek_version_info	beta,commit,debug,major,minor,patch,version_number,version_string	false,0,false,8,1,2,80102,8.1.2	1.0
1777922578.298834	zeek	gauge	zeek_net_packet_lag_seconds	(empty)	(empty)	0.001461
1777922578.298834	zeek	gauge	zeek_net_timestamp_seconds	(empty)	(empty)	1777922578.298834
1777922578.298834	zeek	gauge	zeek_msgthread_active_threads	(empty)	(empty)	7.0
1777922578.298834	zeek	gauge	zeek_msgthread_pending_in_messages	(empty)	(empty)	0.0
1777922578.298834	zeek	gauge	zeek_msgthread_pending_out_messages	(empty)	(empty)	0.0
1777922578.298834	zeek	gauge	zeek_msgthread_pending_messages_in_buckets	leq	inf	7.0
1777922578.298834	zeek	gauge	zeek_msgthread_pending_messages_in_buckets	leq	10000	7.0
1777922578.298834	zeek	gauge	zeek_msgthread_pending_messages_in_buckets	leq	1000	7.0
1777922578.298834	zeek	gauge	zeek_msgthread_pending_messages_in_buckets	leq	100	7.0
1777922578.298834	zeek	gauge	zeek_msgthread_pending_messages_in_buckets	leq	10	7.0
1777922578.298834	zeek	gauge	zeek_msgthread_pending_messages_in_buckets	leq	1	7.0
1777922578.298834	zeek	gauge	zeek_msgthread_pending_messages_out_buckets	leq	inf	7.0
1777922578.298834	zeek	gauge	zeek_msgthread_pending_messages_out_buckets	leq	10000	7.0
1777922578.298834	zeek	gauge	zeek_msgthread_pending_messages_out_buckets	leq	1000	7.0
1777922578.298834	zeek	gauge	zeek_msgthread_pending_messages_out_buckets	leq	100	7.0
1777922578.298834	zeek	gauge	zeek_msgthread_pending_messages_out_buckets	leq	10	7.0
1777922578.298834	zeek	gauge	zeek_msgthread_pending_messages_out_buckets	leq	1	7.0
1777922578.298834	zeek	gauge	zeek_broker_peers	(empty)	(empty)	0.0
1777922578.298834	zeek	gauge	zeek_broker_stores	(empty)	(empty)	1.0
1777922578.298834	zeek	gauge	zeek_broker_pending_queries	(empty)	(empty)	0.0
1777922578.298834	zeek	gauge	zeek_timers_lag_time_seconds	(empty)	(empty)	0.000385
1777922578.298834	zeek	gauge	zeek_timers_pending	type	LogDelayExpire	0.0
1777922578.298834	zeek	gauge	zeek_timers_pending	type	ThreadHeartbeat	1.0
1777922578.298834	zeek	gauge	zeek_timers_pending	type	TimerMgrExpireTimer	0.0
1777922578.298834	zeek	gauge	zeek_timers_pending	type	ParentProcessIDCheck	0.0
1777922578.298834	zeek	gauge	zeek_timers_pending	type	FragTimer	0.0
1777922578.298834	zeek	gauge	zeek_timers_pending	type	RotateTimer	0.0
1777922578.298834	zeek	gauge	zeek_timers_pending	type	FlowWeirdTimer	0.0
1777922578.298834	zeek	gauge	zeek_timers_pending	type	FileAnalysisInactivityTimer	0.0
1777922578.298834	zeek	gauge	zeek_timers_pending	type	StorageExpire	1.0
1777922578.298834	zeek	gauge	zeek_timers_pending	type	ConnectionInactivityTimer	0.0
1777922578.298834	zeek	gauge	zeek_timers_pending	type	TCPConnectionExpireTimer	0.0
1777922578.298834	zeek	gauge	zeek_timers_pending	type	ConnectionStatusUpdateTimer	0.0
1777922578.298834	zeek	gauge	zeek_timers_pending	type	LogFlushWriteBufferTimer	1.0
1777922578.298834	zeek	gauge	zeek_timers_pending	type	NetWeirdTimer	0.0
1777922578.298834	zeek	gauge	zeek_timers_pending	type	InterconnTimer	0.0
1777922578.298834	zeek	gauge	zeek_timers_pending	type	IPTunnelInactivityTimer	0.0
1777922578.298834	zeek	gauge	zeek_timers_pending	type	DNSExpireTimer	0.0
1777922578.298834	zeek	gauge	zeek_timers_pending	type	UnknownProtocolExpire	0.0
1777922578.298834	zeek	gauge	zeek_timers_pending	type	ProfileTimer	0.0
1777922578.298834	zeek	gauge	zeek_timers_pending	type	ConnectionExpireTimer	0.0
1777922578.298834	zeek	gauge	zeek_timers_pending	type	BreakpointTimer	0.0
1777922578.298834	zeek	gauge	zeek_timers_pending	type	BackdoorTimer	0.0
1777922578.298834	zeek	gauge	zeek_timers_pending	type	NetbiosExpireTimer	0.0
1777922578.298834	zeek	gauge	zeek_timers_pending	type	NetworkTimer	0.0
1777922578.298834	zeek	gauge	zeek_timers_pending	type	RemoveConnection	0.0
1777922578.298834	zeek	gauge	zeek_timers_pending	type	TCPConnectionResetTimer	0.0
1777922578.298834	zeek	gauge	zeek_timers_pending	type	ConnTupleWeirdTimer	0.0
1777922578.298834	zeek	gauge	zeek_timers_pending	type	TCPConnectionDeleteTimer	0.0
1777922578.298834	zeek	gauge	zeek_timers_pending	type	ScheduleTimer	6.0
1777922578.298834	zeek	gauge	zeek_timers_pending	type	NTPExpireTimer	0.0
1777922578.298834	zeek	gauge	zeek_timers_pending	type	RPCExpireTimer	0.0
1777922578.298834	zeek	gauge	zeek_timers_pending	type	ConnectionDeleteTimer	0.0
1777922578.298834	zeek	gauge	zeek_timers_pending	type	TriggerTimer	0.0
1777922578.298834	zeek	gauge	zeek_timers_pending	type	TableValTimer	34.0
1777922578.298834	zeek	gauge	zeek_timers_pending	type	TCPConnectionAttemptTimer	0.0
1777922578.298834	zeek	gauge	zeek_timers_pending	type	TCPConnectionPartialClose	0.0
1777922578.298834	zeek	gauge	zeek_dnsmgr_pending_asyncs_requests	(empty)	(empty)	0.0
1777922578.298834	zeek	gauge	zeek_dnsmgr_cache_entries	type	text	0.0
1777922578.298834	zeek	gauge	zeek_dnsmgr_cache_entries	type	address	0.0
1777922578.298834	zeek	gauge	zeek_dnsmgr_cache_entries	type	host	0.0
1777922578.298834	zeek	gauge	zeek_pending_triggers	(empty)	(empty)	0.0
1777922578.298834	zeek	gauge	zeek_active_sessions	protocol	unknown	0.0
1777922578.298834	zeek	gauge	zeek_active_sessions	protocol	icmp	0.0
1777922578.298834	zeek	gauge	zeek_active_sessions	protocol	udp	0.0
1777922578.298834	zeek	gauge	zeek_active_sessions	protocol	tcp	0.0
1777922638.299837	zeek	counter	process_cpu_user_seconds_total	(empty)	(empty)	3.12
1777922638.299837	zeek	counter	process_cpu_system_seconds_total	(empty)	(empty)	1.68
1777922638.299837	zeek	gauge	process_resident_memory_bytes	(empty)	(empty)	284684288.0
1777922638.299837	zeek	gauge	process_virtual_memory_bytes	(empty)	(empty)	1543462912.0
1777922638.299837	zeek	gauge	process_open_fds	(empty)	(empty)	43.0
1777922638.299837	zeek	gauge	process_start_time_seconds	(empty)	(empty)	1777920597.582311
1777922638.299837	zeek	counter	zeek_log_stream_writes_total	module,stream	Conn,Conn::LOG	15.0
1777922638.299837	zeek	counter	zeek_log_stream_writes_total	module,stream	CaptureLoss,CaptureLoss::LOG	3.0
1777922638.299837	zeek	counter	zeek_log_stream_writes_total	module,stream	Notice,Notice::LOG	3.0
1777922638.299837	zeek	counter	zeek_log_stream_writes_total	module,stream	Stats,Stats::LOG	7.0
1777922638.299837	zeek	counter	zeek_log_stream_writes_total	module,stream	Telemetry,Telemetry::LOG	4959.0
1777922638.299837	zeek	counter	zeek_log_stream_writes_total	module,stream	LoadedScripts,LoadedScripts::LOG	538.0
1777922638.299837	zeek	counter	zeek_log_stream_writes_total	module,stream	PacketFilter,PacketFilter::LOG	1.0
1777922638.299837	zeek	counter	zeek_log_writer_writes_total	filter_name,module,path,stream,writer	default,Conn,conn,Conn::LOG,Log::WRITER_ASCII	15.0
1777922638.299837	zeek	counter	zeek_log_writer_writes_total	filter_name,module,path,stream,writer	default,CaptureLoss,capture_loss,CaptureLoss::LOG,Log::WRITER_ASCII	3.0
1777922638.299837	zeek	counter	zeek_log_writer_writes_total	filter_name,module,path,stream,writer	default,Notice,notice,Notice::LOG,Log::WRITER_ASCII	3.0
1777922638.299837	zeek	counter	zeek_log_writer_writes_total	filter_name,module,path,stream,writer	default,Stats,stats,Stats::LOG,Log::WRITER_ASCII	7.0
1777922638.299837	zeek	counter	zeek_log_writer_writes_total	filter_name,module,path,stream,writer	default,Telemetry,telemetry,Telemetry::LOG,Log::WRITER_ASCII	4959.0
1777922638.299837	zeek	counter	zeek_log_writer_writes_total	filter_name,module,path,stream,writer	default,LoadedScripts,loaded_scripts,LoadedScripts::LOG,Log::WRITER_ASCII	538.0
1777922638.299837	zeek	counter	zeek_log_writer_writes_total	filter_name,module,path,stream,writer	default,PacketFilter,packet_filter,PacketFilter::LOG,Log::WRITER_ASCII	1.0
1777922638.299837	zeek	counter	zeek_log_writer_discarded_writes_total	filter_name,module,path,stream,writer	default,Conn,conn,Conn::LOG,Log::WRITER_ASCII	0.0
1777922638.299837	zeek	counter	zeek_log_writer_discarded_writes_total	filter_name,module,path,stream,writer	default,CaptureLoss,capture_loss,CaptureLoss::LOG,Log::WRITER_ASCII	0.0
1777922638.299837	zeek	counter	zeek_log_writer_discarded_writes_total	filter_name,module,path,stream,writer	default,Notice,notice,Notice::LOG,Log::WRITER_ASCII	0.0
1777922638.299837	zeek	counter	zeek_log_writer_discarded_writes_total	filter_name,module,path,stream,writer	default,Stats,stats,Stats::LOG,Log::WRITER_ASCII	0.0
1777922638.299837	zeek	counter	zeek_log_writer_discarded_writes_total	filter_name,module,path,stream,writer	default,Telemetry,telemetry,Telemetry::LOG,Log::WRITER_ASCII	0.0
1777922638.299837	zeek	counter	zeek_log_writer_discarded_writes_total	filter_name,module,path,stream,writer	default,LoadedScripts,loaded_scripts,LoadedScripts::LOG,Log::WRITER_ASCII	0.0
1777922638.299837	zeek	counter	zeek_log_writer_discarded_writes_total	filter_name,module,path,stream,writer	default,PacketFilter,packet_filter,PacketFilter::LOG,Log::WRITER_ASCII	0.0
1777922638.299837	zeek	counter	zeek_log_writer_truncated_string_fields_total	filter_name,module,path,stream,writer	default,Conn,conn,Conn::LOG,Log::WRITER_ASCII	0.0
1777922638.299837	zeek	counter	zeek_log_writer_truncated_string_fields_total	filter_name,module,path,stream,writer	default,CaptureLoss,capture_loss,CaptureLoss::LOG,Log::WRITER_ASCII	0.0
1777922638.299837	zeek	counter	zeek_log_writer_truncated_string_fields_total	filter_name,module,path,stream,writer	default,Notice,notice,Notice::LOG,Log::WRITER_ASCII	0.0
1777922638.299837	zeek	counter	zeek_log_writer_truncated_string_fields_total	filter_name,module,path,stream,writer	default,Stats,stats,Stats::LOG,Log::WRITER_ASCII	0.0
1777922638.299837	zeek	counter	zeek_log_writer_truncated_string_fields_total	filter_name,module,path,stream,writer	default,Telemetry,telemetry,Telemetry::LOG,Log::WRITER_ASCII	0.0
1777922638.299837	zeek	counter	zeek_log_writer_truncated_string_fields_total	filter_name,module,path,stream,writer	default,LoadedScripts,loaded_scripts,LoadedScripts::LOG,Log::WRITER_ASCII	0.0
1777922638.299837	zeek	counter	zeek_log_writer_truncated_string_fields_total	filter_name,module,path,stream,writer	default,PacketFilter,packet_filter,PacketFilter::LOG,Log::WRITER_ASCII	0.0
1777922638.299837	zeek	counter	zeek_log_writer_truncated_containers_total	filter_name,module,path,stream,writer	default,Conn,conn,Conn::LOG,Log::WRITER_ASCII	0.0
1777922638.299837	zeek	counter	zeek_log_writer_truncated_containers_total	filter_name,module,path,stream,writer	default,CaptureLoss,capture_loss,CaptureLoss::LOG,Log::WRITER_ASCII	0.0
1777922638.299837	zeek	counter	zeek_log_writer_truncated_containers_total	filter_name,module,path,stream,writer	default,Notice,notice,Notice::LOG,Log::WRITER_ASCII	0.0
1777922638.299837	zeek	counter	zeek_log_writer_truncated_containers_total	filter_name,module,path,stream,writer	default,Stats,stats,Stats::LOG,Log::WRITER_ASCII	0.0
1777922638.299837	zeek	counter	zeek_log_writer_truncated_containers_total	filter_name,module,path,stream,writer	default,Telemetry,telemetry,Telemetry::LOG,Log::WRITER_ASCII	0.0
1777922638.299837	zeek	counter	zeek_log_writer_truncated_containers_total	filter_name,module,path,stream,writer	default,LoadedScripts,loaded_scripts,LoadedScripts::LOG,Log::WRITER_ASCII	0.0
1777922638.299837	zeek	counter	zeek_log_writer_truncated_containers_total	filter_name,module,path,stream,writer	default,PacketFilter,packet_filter,PacketFilter::LOG,Log::WRITER_ASCII	0.0
1777922638.299837	zeek	counter	zeek_net_received_bytes_total	(empty)	(empty)	5033.0
1777922638.299837	zeek	counter	zeek_net_received_packets_total	(empty)	(empty)	38.0
1777922638.299837	zeek	counter	zeek_net_dropped_packets_total	(empty)	(empty)	0.0
1777922638.299837	zeek	counter	zeek_net_link_packets_total	(empty)	(empty)	38.0
1777922638.299837	zeek	counter	zeek_msgthread_threads_total	(empty)	(empty)	7.0
1777922638.299837	zeek	counter	zeek_msgthread_in_messages_total	(empty)	(empty)	65.0
1777922638.299837	zeek	counter	zeek_msgthread_out_messages_total	(empty)	(empty)	0.0
1777922638.299837	zeek	counter	zeek_cluster_core_outgoing_events_total	(empty)	(empty)	0.0
1777922638.299837	zeek	counter	zeek_cluster_core_incoming_events_total	(empty)	(empty)	0.0
1777922638.299837	zeek	counter	zeek_broker_incoming_events_total	(empty)	(empty)	0.0
1777922638.299837	zeek	counter	zeek_broker_outgoing_events_total	(empty)	(empty)	0.0
1777922638.299837	zeek	counter	zeek_broker_incoming_logs_total	(empty)	(empty)	0.0
1777922638.299837	zeek	counter	zeek_broker_outgoing_logs_total	(empty)	(empty)	0.0
1777922638.299837	zeek	counter	zeek_broker_incoming_ids_total	(empty)	(empty)	0.0
1777922638.299837	zeek	counter	zeek_broker_outgoing_ids_total	(empty)	(empty)	0.0
1777922638.299837	zeek	counter	zeek_timers_total	(empty)	(empty)	13355.0
1777922638.299837	zeek	counter	zeek_dnsmgr_requests_total	(empty)	(empty)	0.0
1777922638.299837	zeek	counter	zeek_dnsmgr_successful_requests_total	(empty)	(empty)	0.0
1777922638.299837	zeek	counter	zeek_dnsmgr_failed_requests_total	(empty)	(empty)	0.0
1777922638.299837	zeek	counter	zeek_triggers_total	(empty)	(empty)	0.0
1777922638.299837	zeek	counter	zeek_ended_sessions_total	reason	inactivity	15.0
1777922638.299837	zeek	counter	zeek_event_handler_invocations_total	name	connection_state_remove	15.0
1777922638.299837	zeek	counter	zeek_event_handler_invocations_total	name	zeek_init	1.0
1777922638.299837	zeek	counter	zeek_event_handler_invocations_total	name	Telemetry::log	35.0
1777922638.299837	zeek	counter	zeek_event_handler_invocations_total	name	NetControl::init	1.0
1777922638.299837	zeek	counter	zeek_event_handler_invocations_total	name	ChecksumOffloading::check	2.0
1777922638.299837	zeek	counter	zeek_event_handler_invocations_total	name	grab_vulnerable_versions	2.0
1777922638.299837	zeek	counter	zeek_event_handler_invocations_total	name	filter_change_tracking	8.0
1777922638.299837	zeek	counter	zeek_event_handler_invocations_total	name	Broker::log_flush	2038.0
1777922638.299837	zeek	counter	zeek_event_handler_invocations_total	name	zeek_script_loaded	538.0
1777922638.299837	zeek	counter	zeek_event_handler_invocations_total	name	new_connection	15.0
1777922638.299837	zeek	counter	zeek_event_handler_invocations_total	name	check_stats	7.0
1777922638.299837	zeek	counter	zeek_event_handler_invocations_total	name	CaptureLoss::take_measurement	4.0
1777922638.299837	zeek	counter	zeek_event_handler_invocations_total	name	net_stats_update	7.0
1777922638.299837	zeek	counter	zeek_event_handler_invocations_total	name	SumStats::finish_epoch	3.0
1777922638.299837	zeek	counter	zeek_total_sessions_total	protocol	unknown	1.0
1777922638.299837	zeek	counter	zeek_total_sessions_total	protocol	icmp	8.0
1777922638.299837	zeek	counter	zeek_total_sessions_total	protocol	udp	6.0
1777922638.299837	zeek	counter	zeek_total_sessions_total	protocol	tcp	0.0
1777922638.299837	zeek	gauge	zeek_version_info	beta,commit,debug,major,minor,patch,version_number,version_string	false,0,false,8,1,2,80102,8.1.2	1.0
1777922638.299837	zeek	gauge	zeek_net_packet_lag_seconds	(empty)	(empty)	0.002675
1777922638.299837	zeek	gauge	zeek_net_timestamp_seconds	(empty)	(empty)	1777922638.299837
1777922638.299837	zeek	gauge	zeek_msgthread_active_threads	(empty)	(empty)	7.0
1777922638.299837	zeek	gauge	zeek_msgthread_pending_in_messages	(empty)	(empty)	0.0
1777922638.299837	zeek	gauge	zeek_msgthread_pending_out_messages	(empty)	(empty)	0.0
1777922638.299837	zeek	gauge	zeek_msgthread_pending_messages_in_buckets	leq	inf	7.0
1777922638.299837	zeek	gauge	zeek_msgthread_pending_messages_in_buckets	leq	10000	7.0
1777922638.299837	zeek	gauge	zeek_msgthread_pending_messages_in_buckets	leq	1000	7.0
1777922638.299837	zeek	gauge	zeek_msgthread_pending_messages_in_buckets	leq	100	7.0
1777922638.299837	zeek	gauge	zeek_msgthread_pending_messages_in_buckets	leq	10	7.0
1777922638.299837	zeek	gauge	zeek_msgthread_pending_messages_in_buckets	leq	1	7.0
1777922638.299837	zeek	gauge	zeek_msgthread_pending_messages_out_buckets	leq	inf	7.0
1777922638.299837	zeek	gauge	zeek_msgthread_pending_messages_out_buckets	leq	10000	7.0
1777922638.299837	zeek	gauge	zeek_msgthread_pending_messages_out_buckets	leq	1000	7.0
1777922638.299837	zeek	gauge	zeek_msgthread_pending_messages_out_buckets	leq	100	7.0
1777922638.299837	zeek	gauge	zeek_msgthread_pending_messages_out_buckets	leq	10	7.0
1777922638.299837	zeek	gauge	zeek_msgthread_pending_messages_out_buckets	leq	1	7.0
1777922638.299837	zeek	gauge	zeek_broker_peers	(empty)	(empty)	0.0
1777922638.299837	zeek	gauge	zeek_broker_stores	(empty)	(empty)	1.0
1777922638.299837	zeek	gauge	zeek_broker_pending_queries	(empty)	(empty)	0.0
1777922638.299837	zeek	gauge	zeek_timers_lag_time_seconds	(empty)	(empty)	0.001003
1777922638.299837	zeek	gauge	zeek_timers_pending	type	LogDelayExpire	0.0
1777922638.299837	zeek	gauge	zeek_timers_pending	type	ThreadHeartbeat	1.0
1777922638.299837	zeek	gauge	zeek_timers_pending	type	TimerMgrExpireTimer	0.0
1777922638.299837	zeek	gauge	zeek_timers_pending	type	ParentProcessIDCheck	0.0
1777922638.299837	zeek	gauge	zeek_timers_pending	type	FragTimer	0.0
1777922638.299837	zeek	gauge	zeek_timers_pending	type	RotateTimer	0.0
1777922638.299837	zeek	gauge	zeek_timers_pending	type	FlowWeirdTimer	0.0
1777922638.299837	zeek	gauge	zeek_timers_pending	type	FileAnalysisInactivityTimer	0.0
1777922638.299837	zeek	gauge	zeek_timers_pending	type	StorageExpire	1.0
1777922638.299837	zeek	gauge	zeek_timers_pending	type	ConnectionInactivityTimer	0.0
1777922638.299837	zeek	gauge	zeek_timers_pending	type	TCPConnectionExpireTimer	0.0
1777922638.299837	zeek	gauge	zeek_timers_pending	type	ConnectionStatusUpdateTimer	0.0
1777922638.299837	zeek	gauge	zeek_timers_pending	type	LogFlushWriteBufferTimer	1.0
1777922638.299837	zeek	gauge	zeek_timers_pending	type	NetWeirdTimer	0.0
1777922638.299837	zeek	gauge	zeek_timers_pending	type	InterconnTimer	0.0
1777922638.299837	zeek	gauge	zeek_timers_pending	type	IPTunnelInactivityTimer	0.0
1777922638.299837	zeek	gauge	zeek_timers_pending	type	DNSExpireTimer	0.0
1777922638.299837	zeek	gauge	zeek_timers_pending	type	UnknownProtocolExpire	0.0
1777922638.299837	zeek	gauge	zeek_timers_pending	type	ProfileTimer	0.0
1777922638.299837	zeek	gauge	zeek_timers_pending	type	ConnectionExpireTimer	0.0
1777922638.299837	zeek	gauge	zeek_timers_pending	type	BreakpointTimer	0.0
1777922638.299837	zeek	gauge	zeek_timers_pending	type	BackdoorTimer	0.0
1777922638.299837	zeek	gauge	zeek_timers_pending	type	NetbiosExpireTimer	0.0
1777922638.299837	zeek	gauge	zeek_timers_pending	type	NetworkTimer	0.0
1777922638.299837	zeek	gauge	zeek_timers_pending	type	RemoveConnection	0.0
1777922638.299837	zeek	gauge	zeek_timers_pending	type	TCPConnectionResetTimer	0.0
1777922638.299837	zeek	gauge	zeek_timers_pending	type	ConnTupleWeirdTimer	0.0
1777922638.299837	zeek	gauge	zeek_timers_pending	type	TCPConnectionDeleteTimer	0.0
1777922638.299837	zeek	gauge	zeek_timers_pending	type	ScheduleTimer	6.0
1777922638.299837	zeek	gauge	zeek_timers_pending	type	NTPExpireTimer	0.0
1777922638.299837	zeek	gauge	zeek_timers_pending	type	RPCExpireTimer	0.0
1777922638.299837	zeek	gauge	zeek_timers_pending	type	ConnectionDeleteTimer	0.0
1777922638.299837	zeek	gauge	zeek_timers_pending	type	TriggerTimer	0.0
1777922638.299837	zeek	gauge	zeek_timers_pending	type	TableValTimer	34.0
1777922638.299837	zeek	gauge	zeek_timers_pending	type	TCPConnectionAttemptTimer	0.0
1777922638.299837	zeek	gauge	zeek_timers_pending	type	TCPConnectionPartialClose	0.0
1777922638.299837	zeek	gauge	zeek_dnsmgr_pending_asyncs_requests	(empty)	(empty)	0.0
1777922638.299837	zeek	gauge	zeek_dnsmgr_cache_entries	type	text	0.0
1777922638.299837	zeek	gauge	zeek_dnsmgr_cache_entries	type	address	0.0
1777922638.299837	zeek	gauge	zeek_dnsmgr_cache_entries	type	host	0.0
1777922638.299837	zeek	gauge	zeek_pending_triggers	(empty)	(empty)	0.0
1777922638.299837	zeek	gauge	zeek_active_sessions	protocol	unknown	0.0
1777922638.299837	zeek	gauge	zeek_active_sessions	protocol	icmp	0.0
1777922638.299837	zeek	gauge	zeek_active_sessions	protocol	udp	0.0
1777922638.299837	zeek	gauge	zeek_active_sessions	protocol	tcp	0.0
1777922698.299947	zeek	counter	process_cpu_user_seconds_total	(empty)	(empty)	3.19
1777922698.299947	zeek	counter	process_cpu_system_seconds_total	(empty)	(empty)	1.71
1777922698.299947	zeek	gauge	process_resident_memory_bytes	(empty)	(empty)	284684288.0
1777922698.299947	zeek	gauge	process_virtual_memory_bytes	(empty)	(empty)	1543462912.0
1777922698.299947	zeek	gauge	process_open_fds	(empty)	(empty)	43.0
1777922698.299947	zeek	gauge	process_start_time_seconds	(empty)	(empty)	1777920597.582311
1777922698.299947	zeek	counter	zeek_log_stream_writes_total	module,stream	Conn,Conn::LOG	15.0
1777922698.299947	zeek	counter	zeek_log_stream_writes_total	module,stream	CaptureLoss,CaptureLoss::LOG	3.0
1777922698.299947	zeek	counter	zeek_log_stream_writes_total	module,stream	Notice,Notice::LOG	3.0
1777922698.299947	zeek	counter	zeek_log_stream_writes_total	module,stream	Stats,Stats::LOG	8.0
1777922698.299947	zeek	counter	zeek_log_stream_writes_total	module,stream	Telemetry,Telemetry::LOG	5106.0
1777922698.299947	zeek	counter	zeek_log_stream_writes_total	module,stream	LoadedScripts,LoadedScripts::LOG	538.0
1777922698.299947	zeek	counter	zeek_log_stream_writes_total	module,stream	PacketFilter,PacketFilter::LOG	1.0
1777922698.299947	zeek	counter	zeek_log_writer_writes_total	filter_name,module,path,stream,writer	default,Conn,conn,Conn::LOG,Log::WRITER_ASCII	15.0
1777922698.299947	zeek	counter	zeek_log_writer_writes_total	filter_name,module,path,stream,writer	default,CaptureLoss,capture_loss,CaptureLoss::LOG,Log::WRITER_ASCII	3.0
1777922698.299947	zeek	counter	zeek_log_writer_writes_total	filter_name,module,path,stream,writer	default,Notice,notice,Notice::LOG,Log::WRITER_ASCII	3.0
1777922698.299947	zeek	counter	zeek_log_writer_writes_total	filter_name,module,path,stream,writer	default,Stats,stats,Stats::LOG,Log::WRITER_ASCII	8.0
1777922698.299947	zeek	counter	zeek_log_writer_writes_total	filter_name,module,path,stream,writer	default,Telemetry,telemetry,Telemetry::LOG,Log::WRITER_ASCII	5106.0
1777922698.299947	zeek	counter	zeek_log_writer_writes_total	filter_name,module,path,stream,writer	default,LoadedScripts,loaded_scripts,LoadedScripts::LOG,Log::WRITER_ASCII	538.0
1777922698.299947	zeek	counter	zeek_log_writer_writes_total	filter_name,module,path,stream,writer	default,PacketFilter,packet_filter,PacketFilter::LOG,Log::WRITER_ASCII	1.0
1777922698.299947	zeek	counter	zeek_log_writer_discarded_writes_total	filter_name,module,path,stream,writer	default,Conn,conn,Conn::LOG,Log::WRITER_ASCII	0.0
1777922698.299947	zeek	counter	zeek_log_writer_discarded_writes_total	filter_name,module,path,stream,writer	default,CaptureLoss,capture_loss,CaptureLoss::LOG,Log::WRITER_ASCII	0.0
1777922698.299947	zeek	counter	zeek_log_writer_discarded_writes_total	filter_name,module,path,stream,writer	default,Notice,notice,Notice::LOG,Log::WRITER_ASCII	0.0
1777922698.299947	zeek	counter	zeek_log_writer_discarded_writes_total	filter_name,module,path,stream,writer	default,Stats,stats,Stats::LOG,Log::WRITER_ASCII	0.0
1777922698.299947	zeek	counter	zeek_log_writer_discarded_writes_total	filter_name,module,path,stream,writer	default,Telemetry,telemetry,Telemetry::LOG,Log::WRITER_ASCII	0.0
1777922698.299947	zeek	counter	zeek_log_writer_discarded_writes_total	filter_name,module,path,stream,writer	default,LoadedScripts,loaded_scripts,LoadedScripts::LOG,Log::WRITER_ASCII	0.0
1777922698.299947	zeek	counter	zeek_log_writer_discarded_writes_total	filter_name,module,path,stream,writer	default,PacketFilter,packet_filter,PacketFilter::LOG,Log::WRITER_ASCII	0.0
1777922698.299947	zeek	counter	zeek_log_writer_truncated_string_fields_total	filter_name,module,path,stream,writer	default,Conn,conn,Conn::LOG,Log::WRITER_ASCII	0.0
1777922698.299947	zeek	counter	zeek_log_writer_truncated_string_fields_total	filter_name,module,path,stream,writer	default,CaptureLoss,capture_loss,CaptureLoss::LOG,Log::WRITER_ASCII	0.0
1777922698.299947	zeek	counter	zeek_log_writer_truncated_string_fields_total	filter_name,module,path,stream,writer	default,Notice,notice,Notice::LOG,Log::WRITER_ASCII	0.0
1777922698.299947	zeek	counter	zeek_log_writer_truncated_string_fields_total	filter_name,module,path,stream,writer	default,Stats,stats,Stats::LOG,Log::WRITER_ASCII	0.0
1777922698.299947	zeek	counter	zeek_log_writer_truncated_string_fields_total	filter_name,module,path,stream,writer	default,Telemetry,telemetry,Telemetry::LOG,Log::WRITER_ASCII	0.0
1777922698.299947	zeek	counter	zeek_log_writer_truncated_string_fields_total	filter_name,module,path,stream,writer	default,LoadedScripts,loaded_scripts,LoadedScripts::LOG,Log::WRITER_ASCII	0.0
1777922698.299947	zeek	counter	zeek_log_writer_truncated_string_fields_total	filter_name,module,path,stream,writer	default,PacketFilter,packet_filter,PacketFilter::LOG,Log::WRITER_ASCII	0.0
1777922698.299947	zeek	counter	zeek_log_writer_truncated_containers_total	filter_name,module,path,stream,writer	default,Conn,conn,Conn::LOG,Log::WRITER_ASCII	0.0
1777922698.299947	zeek	counter	zeek_log_writer_truncated_containers_total	filter_name,module,path,stream,writer	default,CaptureLoss,capture_loss,CaptureLoss::LOG,Log::WRITER_ASCII	0.0
1777922698.299947	zeek	counter	zeek_log_writer_truncated_containers_total	filter_name,module,path,stream,writer	default,Notice,notice,Notice::LOG,Log::WRITER_ASCII	0.0
1777922698.299947	zeek	counter	zeek_log_writer_truncated_containers_total	filter_name,module,path,stream,writer	default,Stats,stats,Stats::LOG,Log::WRITER_ASCII	0.0
1777922698.299947	zeek	counter	zeek_log_writer_truncated_containers_total	filter_name,module,path,stream,writer	default,Telemetry,telemetry,Telemetry::LOG,Log::WRITER_ASCII	0.0
1777922698.299947	zeek	counter	zeek_log_writer_truncated_containers_total	filter_name,module,path,stream,writer	default,LoadedScripts,loaded_scripts,LoadedScripts::LOG,Log::WRITER_ASCII	0.0
1777922698.299947	zeek	counter	zeek_log_writer_truncated_containers_total	filter_name,module,path,stream,writer	default,PacketFilter,packet_filter,PacketFilter::LOG,Log::WRITER_ASCII	0.0
1777922698.299947	zeek	counter	zeek_net_received_bytes_total	(empty)	(empty)	5033.0
1777922698.299947	zeek	counter	zeek_net_received_packets_total	(empty)	(empty)	38.0
1777922698.299947	zeek	counter	zeek_net_dropped_packets_total	(empty)	(empty)	0.0
1777922698.299947	zeek	counter	zeek_net_link_packets_total	(empty)	(empty)	38.0
1777922698.299947	zeek	counter	zeek_msgthread_threads_total	(empty)	(empty)	7.0
1777922698.299947	zeek	counter	zeek_msgthread_in_messages_total	(empty)	(empty)	66.0
1777922698.299947	zeek	counter	zeek_msgthread_out_messages_total	(empty)	(empty)	0.0
1777922698.299947	zeek	counter	zeek_cluster_core_outgoing_events_total	(empty)	(empty)	0.0
1777922698.299947	zeek	counter	zeek_cluster_core_incoming_events_total	(empty)	(empty)	0.0
1777922698.299947	zeek	counter	zeek_broker_incoming_events_total	(empty)	(empty)	0.0
1777922698.299947	zeek	counter	zeek_broker_outgoing_events_total	(empty)	(empty)	0.0
1777922698.299947	zeek	counter	zeek_broker_incoming_logs_total	(empty)	(empty)	0.0
1777922698.299947	zeek	counter	zeek_broker_outgoing_logs_total	(empty)	(empty)	0.0
1777922698.299947	zeek	counter	zeek_broker_incoming_ids_total	(empty)	(empty)	0.0
1777922698.299947	zeek	counter	zeek_broker_outgoing_ids_total	(empty)	(empty)	0.0
1777922698.299947	zeek	counter	zeek_timers_total	(empty)	(empty)	13747.0
1777922698.299947	zeek	counter	zeek_dnsmgr_requests_total	(empty)	(empty)	0.0
1777922698.299947	zeek	counter	zeek_dnsmgr_successful_requests_total	(empty)	(empty)	0.0
1777922698.299947	zeek	counter	zeek_dnsmgr_failed_requests_total	(empty)	(empty)	0.0
1777922698.299947	zeek	counter	zeek_triggers_total	(empty)	(empty)	0.0
1777922698.299947	zeek	counter	zeek_ended_sessions_total	reason	inactivity	15.0
1777922698.299947	zeek	counter	zeek_event_handler_invocations_total	name	connection_state_remove	15.0
1777922698.299947	zeek	counter	zeek_event_handler_invocations_total	name	zeek_init	1.0
1777922698.299947	zeek	counter	zeek_event_handler_invocations_total	name	Telemetry::log	36.0
1777922698.299947	zeek	counter	zeek_event_handler_invocations_total	name	NetControl::init	1.0
1777922698.299947	zeek	counter	zeek_event_handler_invocations_total	name	ChecksumOffloading::check	2.0
1777922698.299947	zeek	counter	zeek_event_handler_invocations_total	name	grab_vulnerable_versions	2.0
1777922698.299947	zeek	counter	zeek_event_handler_invocations_total	name	filter_change_tracking	9.0
1777922698.299947	zeek	counter	zeek_event_handler_invocations_total	name	Broker::log_flush	2098.0
1777922698.299947	zeek	counter	zeek_event_handler_invocations_total	name	zeek_script_loaded	538.0
1777922698.299947	zeek	counter	zeek_event_handler_invocations_total	name	new_connection	15.0
1777922698.299947	zeek	counter	zeek_event_handler_invocations_total	name	check_stats	8.0
1777922698.299947	zeek	counter	zeek_event_handler_invocations_total	name	CaptureLoss::take_measurement	4.0
1777922698.299947	zeek	counter	zeek_event_handler_invocations_total	name	net_stats_update	8.0
1777922698.299947	zeek	counter	zeek_event_handler_invocations_total	name	SumStats::finish_epoch	3.0
1777922698.299947	zeek	counter	zeek_total_sessions_total	protocol	unknown	1.0
1777922698.299947	zeek	counter	zeek_total_sessions_total	protocol	icmp	8.0
1777922698.299947	zeek	counter	zeek_total_sessions_total	protocol	udp	6.0
1777922698.299947	zeek	counter	zeek_total_sessions_total	protocol	tcp	0.0
1777922698.299947	zeek	gauge	zeek_version_info	beta,commit,debug,major,minor,patch,version_number,version_string	false,0,false,8,1,2,80102,8.1.2	1.0
1777922698.299947	zeek	gauge	zeek_net_packet_lag_seconds	(empty)	(empty)	0.000787
1777922698.299947	zeek	gauge	zeek_net_timestamp_seconds	(empty)	(empty)	1777922698.299947
1777922698.299947	zeek	gauge	zeek_msgthread_active_threads	(empty)	(empty)	7.0
1777922698.299947	zeek	gauge	zeek_msgthread_pending_in_messages	(empty)	(empty)	0.0
1777922698.299947	zeek	gauge	zeek_msgthread_pending_out_messages	(empty)	(empty)	0.0
1777922698.299947	zeek	gauge	zeek_msgthread_pending_messages_in_buckets	leq	inf	7.0
1777922698.299947	zeek	gauge	zeek_msgthread_pending_messages_in_buckets	leq	10000	7.0
1777922698.299947	zeek	gauge	zeek_msgthread_pending_messages_in_buckets	leq	1000	7.0
1777922698.299947	zeek	gauge	zeek_msgthread_pending_messages_in_buckets	leq	100	7.0
1777922698.299947	zeek	gauge	zeek_msgthread_pending_messages_in_buckets	leq	10	7.0
1777922698.299947	zeek	gauge	zeek_msgthread_pending_messages_in_buckets	leq	1	7.0
1777922698.299947	zeek	gauge	zeek_msgthread_pending_messages_out_buckets	leq	inf	7.0
1777922698.299947	zeek	gauge	zeek_msgthread_pending_messages_out_buckets	leq	10000	7.0
1777922698.299947	zeek	gauge	zeek_msgthread_pending_messages_out_buckets	leq	1000	7.0
1777922698.299947	zeek	gauge	zeek_msgthread_pending_messages_out_buckets	leq	100	7.0
1777922698.299947	zeek	gauge	zeek_msgthread_pending_messages_out_buckets	leq	10	7.0
1777922698.299947	zeek	gauge	zeek_msgthread_pending_messages_out_buckets	leq	1	7.0
1777922698.299947	zeek	gauge	zeek_broker_peers	(empty)	(empty)	0.0
1777922698.299947	zeek	gauge	zeek_broker_stores	(empty)	(empty)	1.0
1777922698.299947	zeek	gauge	zeek_broker_pending_queries	(empty)	(empty)	0.0
1777922698.299947	zeek	gauge	zeek_timers_lag_time_seconds	(empty)	(empty)	0.00011
1777922698.299947	zeek	gauge	zeek_timers_pending	type	LogDelayExpire	0.0
1777922698.299947	zeek	gauge	zeek_timers_pending	type	ThreadHeartbeat	1.0
1777922698.299947	zeek	gauge	zeek_timers_pending	type	TimerMgrExpireTimer	0.0
1777922698.299947	zeek	gauge	zeek_timers_pending	type	ParentProcessIDCheck	0.0
1777922698.299947	zeek	gauge	zeek_timers_pending	type	FragTimer	0.0
1777922698.299947	zeek	gauge	zeek_timers_pending	type	RotateTimer	0.0
1777922698.299947	zeek	gauge	zeek_timers_pending	type	FlowWeirdTimer	0.0
1777922698.299947	zeek	gauge	zeek_timers_pending	type	FileAnalysisInactivityTimer	0.0
1777922698.299947	zeek	gauge	zeek_timers_pending	type	StorageExpire	1.0
1777922698.299947	zeek	gauge	zeek_timers_pending	type	ConnectionInactivityTimer	0.0
1777922698.299947	zeek	gauge	zeek_timers_pending	type	TCPConnectionExpireTimer	0.0
1777922698.299947	zeek	gauge	zeek_timers_pending	type	ConnectionStatusUpdateTimer	0.0
1777922698.299947	zeek	gauge	zeek_timers_pending	type	LogFlushWriteBufferTimer	1.0
1777922698.299947	zeek	gauge	zeek_timers_pending	type	NetWeirdTimer	0.0
1777922698.299947	zeek	gauge	zeek_timers_pending	type	InterconnTimer	0.0
1777922698.299947	zeek	gauge	zeek_timers_pending	type	IPTunnelInactivityTimer	0.0
1777922698.299947	zeek	gauge	zeek_timers_pending	type	DNSExpireTimer	0.0
1777922698.299947	zeek	gauge	zeek_timers_pending	type	UnknownProtocolExpire	0.0
1777922698.299947	zeek	gauge	zeek_timers_pending	type	ProfileTimer	0.0
1777922698.299947	zeek	gauge	zeek_timers_pending	type	ConnectionExpireTimer	0.0
1777922698.299947	zeek	gauge	zeek_timers_pending	type	BreakpointTimer	0.0
1777922698.299947	zeek	gauge	zeek_timers_pending	type	BackdoorTimer	0.0
1777922698.299947	zeek	gauge	zeek_timers_pending	type	NetbiosExpireTimer	0.0
1777922698.299947	zeek	gauge	zeek_timers_pending	type	NetworkTimer	0.0
1777922698.299947	zeek	gauge	zeek_timers_pending	type	RemoveConnection	0.0
1777922698.299947	zeek	gauge	zeek_timers_pending	type	TCPConnectionResetTimer	0.0
1777922698.299947	zeek	gauge	zeek_timers_pending	type	ConnTupleWeirdTimer	0.0
1777922698.299947	zeek	gauge	zeek_timers_pending	type	TCPConnectionDeleteTimer	0.0
1777922698.299947	zeek	gauge	zeek_timers_pending	type	ScheduleTimer	6.0
1777922698.299947	zeek	gauge	zeek_timers_pending	type	NTPExpireTimer	0.0
1777922698.299947	zeek	gauge	zeek_timers_pending	type	RPCExpireTimer	0.0
1777922698.299947	zeek	gauge	zeek_timers_pending	type	ConnectionDeleteTimer	0.0
1777922698.299947	zeek	gauge	zeek_timers_pending	type	TriggerTimer	0.0
1777922698.299947	zeek	gauge	zeek_timers_pending	type	TableValTimer	34.0
1777922698.299947	zeek	gauge	zeek_timers_pending	type	TCPConnectionAttemptTimer	0.0
1777922698.299947	zeek	gauge	zeek_timers_pending	type	TCPConnectionPartialClose	0.0
1777922698.299947	zeek	gauge	zeek_dnsmgr_pending_asyncs_requests	(empty)	(empty)	0.0
1777922698.299947	zeek	gauge	zeek_dnsmgr_cache_entries	type	text	0.0
1777922698.299947	zeek	gauge	zeek_dnsmgr_cache_entries	type	address	0.0
1777922698.299947	zeek	gauge	zeek_dnsmgr_cache_entries	type	host	0.0
1777922698.299947	zeek	gauge	zeek_pending_triggers	(empty)	(empty)	0.0
1777922698.299947	zeek	gauge	zeek_active_sessions	protocol	unknown	0.0
1777922698.299947	zeek	gauge	zeek_active_sessions	protocol	icmp	0.0
1777922698.299947	zeek	gauge	zeek_active_sessions	protocol	udp	0.0
1777922698.299947	zeek	gauge	zeek_active_sessions	protocol	tcp	0.0
1777922758.300772	zeek	counter	process_cpu_user_seconds_total	(empty)	(empty)	3.26
1777922758.300772	zeek	counter	process_cpu_system_seconds_total	(empty)	(empty)	1.73
1777922758.300772	zeek	gauge	process_resident_memory_bytes	(empty)	(empty)	284684288.0
1777922758.300772	zeek	gauge	process_virtual_memory_bytes	(empty)	(empty)	1543462912.0
1777922758.300772	zeek	gauge	process_open_fds	(empty)	(empty)	43.0
1777922758.300772	zeek	gauge	process_start_time_seconds	(empty)	(empty)	1777920597.582311
1777922758.300772	zeek	counter	zeek_log_stream_writes_total	module,stream	Conn,Conn::LOG	15.0
1777922758.300772	zeek	counter	zeek_log_stream_writes_total	module,stream	CaptureLoss,CaptureLoss::LOG	3.0
1777922758.300772	zeek	counter	zeek_log_stream_writes_total	module,stream	Notice,Notice::LOG	3.0
1777922758.300772	zeek	counter	zeek_log_stream_writes_total	module,stream	Stats,Stats::LOG	8.0
1777922758.300772	zeek	counter	zeek_log_stream_writes_total	module,stream	Telemetry,Telemetry::LOG	5253.0
1777922758.300772	zeek	counter	zeek_log_stream_writes_total	module,stream	LoadedScripts,LoadedScripts::LOG	538.0
1777922758.300772	zeek	counter	zeek_log_stream_writes_total	module,stream	PacketFilter,PacketFilter::LOG	1.0
1777922758.300772	zeek	counter	zeek_log_writer_writes_total	filter_name,module,path,stream,writer	default,Conn,conn,Conn::LOG,Log::WRITER_ASCII	15.0
1777922758.300772	zeek	counter	zeek_log_writer_writes_total	filter_name,module,path,stream,writer	default,CaptureLoss,capture_loss,CaptureLoss::LOG,Log::WRITER_ASCII	3.0
1777922758.300772	zeek	counter	zeek_log_writer_writes_total	filter_name,module,path,stream,writer	default,Notice,notice,Notice::LOG,Log::WRITER_ASCII	3.0
1777922758.300772	zeek	counter	zeek_log_writer_writes_total	filter_name,module,path,stream,writer	default,Stats,stats,Stats::LOG,Log::WRITER_ASCII	8.0
1777922758.300772	zeek	counter	zeek_log_writer_writes_total	filter_name,module,path,stream,writer	default,Telemetry,telemetry,Telemetry::LOG,Log::WRITER_ASCII	5253.0
1777922758.300772	zeek	counter	zeek_log_writer_writes_total	filter_name,module,path,stream,writer	default,LoadedScripts,loaded_scripts,LoadedScripts::LOG,Log::WRITER_ASCII	538.0
1777922758.300772	zeek	counter	zeek_log_writer_writes_total	filter_name,module,path,stream,writer	default,PacketFilter,packet_filter,PacketFilter::LOG,Log::WRITER_ASCII	1.0
1777922758.300772	zeek	counter	zeek_log_writer_discarded_writes_total	filter_name,module,path,stream,writer	default,Conn,conn,Conn::LOG,Log::WRITER_ASCII	0.0
1777922758.300772	zeek	counter	zeek_log_writer_discarded_writes_total	filter_name,module,path,stream,writer	default,CaptureLoss,capture_loss,CaptureLoss::LOG,Log::WRITER_ASCII	0.0
1777922758.300772	zeek	counter	zeek_log_writer_discarded_writes_total	filter_name,module,path,stream,writer	default,Notice,notice,Notice::LOG,Log::WRITER_ASCII	0.0
1777922758.300772	zeek	counter	zeek_log_writer_discarded_writes_total	filter_name,module,path,stream,writer	default,Stats,stats,Stats::LOG,Log::WRITER_ASCII	0.0
1777922758.300772	zeek	counter	zeek_log_writer_discarded_writes_total	filter_name,module,path,stream,writer	default,Telemetry,telemetry,Telemetry::LOG,Log::WRITER_ASCII	0.0
1777922758.300772	zeek	counter	zeek_log_writer_discarded_writes_total	filter_name,module,path,stream,writer	default,LoadedScripts,loaded_scripts,LoadedScripts::LOG,Log::WRITER_ASCII	0.0
1777922758.300772	zeek	counter	zeek_log_writer_discarded_writes_total	filter_name,module,path,stream,writer	default,PacketFilter,packet_filter,PacketFilter::LOG,Log::WRITER_ASCII	0.0
1777922758.300772	zeek	counter	zeek_log_writer_truncated_string_fields_total	filter_name,module,path,stream,writer	default,Conn,conn,Conn::LOG,Log::WRITER_ASCII	0.0
1777922758.300772	zeek	counter	zeek_log_writer_truncated_string_fields_total	filter_name,module,path,stream,writer	default,CaptureLoss,capture_loss,CaptureLoss::LOG,Log::WRITER_ASCII	0.0
1777922758.300772	zeek	counter	zeek_log_writer_truncated_string_fields_total	filter_name,module,path,stream,writer	default,Notice,notice,Notice::LOG,Log::WRITER_ASCII	0.0
1777922758.300772	zeek	counter	zeek_log_writer_truncated_string_fields_total	filter_name,module,path,stream,writer	default,Stats,stats,Stats::LOG,Log::WRITER_ASCII	0.0
1777922758.300772	zeek	counter	zeek_log_writer_truncated_string_fields_total	filter_name,module,path,stream,writer	default,Telemetry,telemetry,Telemetry::LOG,Log::WRITER_ASCII	0.0
1777922758.300772	zeek	counter	zeek_log_writer_truncated_string_fields_total	filter_name,module,path,stream,writer	default,LoadedScripts,loaded_scripts,LoadedScripts::LOG,Log::WRITER_ASCII	0.0
1777922758.300772	zeek	counter	zeek_log_writer_truncated_string_fields_total	filter_name,module,path,stream,writer	default,PacketFilter,packet_filter,PacketFilter::LOG,Log::WRITER_ASCII	0.0
1777922758.300772	zeek	counter	zeek_log_writer_truncated_containers_total	filter_name,module,path,stream,writer	default,Conn,conn,Conn::LOG,Log::WRITER_ASCII	0.0
1777922758.300772	zeek	counter	zeek_log_writer_truncated_containers_total	filter_name,module,path,stream,writer	default,CaptureLoss,capture_loss,CaptureLoss::LOG,Log::WRITER_ASCII	0.0
1777922758.300772	zeek	counter	zeek_log_writer_truncated_containers_total	filter_name,module,path,stream,writer	default,Notice,notice,Notice::LOG,Log::WRITER_ASCII	0.0
1777922758.300772	zeek	counter	zeek_log_writer_truncated_containers_total	filter_name,module,path,stream,writer	default,Stats,stats,Stats::LOG,Log::WRITER_ASCII	0.0
1777922758.300772	zeek	counter	zeek_log_writer_truncated_containers_total	filter_name,module,path,stream,writer	default,Telemetry,telemetry,Telemetry::LOG,Log::WRITER_ASCII	0.0
1777922758.300772	zeek	counter	zeek_log_writer_truncated_containers_total	filter_name,module,path,stream,writer	default,LoadedScripts,loaded_scripts,LoadedScripts::LOG,Log::WRITER_ASCII	0.0
1777922758.300772	zeek	counter	zeek_log_writer_truncated_containers_total	filter_name,module,path,stream,writer	default,PacketFilter,packet_filter,PacketFilter::LOG,Log::WRITER_ASCII	0.0
1777922758.300772	zeek	counter	zeek_net_received_bytes_total	(empty)	(empty)	5033.0
1777922758.300772	zeek	counter	zeek_net_received_packets_total	(empty)	(empty)	38.0
1777922758.300772	zeek	counter	zeek_net_dropped_packets_total	(empty)	(empty)	0.0
1777922758.300772	zeek	counter	zeek_net_link_packets_total	(empty)	(empty)	38.0
1777922758.300772	zeek	counter	zeek_msgthread_threads_total	(empty)	(empty)	7.0
1777922758.300772	zeek	counter	zeek_msgthread_in_messages_total	(empty)	(empty)	68.0
1777922758.300772	zeek	counter	zeek_msgthread_out_messages_total	(empty)	(empty)	0.0
1777922758.300772	zeek	counter	zeek_cluster_core_outgoing_events_total	(empty)	(empty)	0.0
1777922758.300772	zeek	counter	zeek_cluster_core_incoming_events_total	(empty)	(empty)	0.0
1777922758.300772	zeek	counter	zeek_broker_incoming_events_total	(empty)	(empty)	0.0
1777922758.300772	zeek	counter	zeek_broker_outgoing_events_total	(empty)	(empty)	0.0
1777922758.300772	zeek	counter	zeek_broker_incoming_logs_total	(empty)	(empty)	0.0
1777922758.300772	zeek	counter	zeek_broker_outgoing_logs_total	(empty)	(empty)	0.0
1777922758.300772	zeek	counter	zeek_broker_incoming_ids_total	(empty)	(empty)	0.0
1777922758.300772	zeek	counter	zeek_broker_outgoing_ids_total	(empty)	(empty)	0.0
1777922758.300772	zeek	counter	zeek_timers_total	(empty)	(empty)	14136.0
1777922758.300772	zeek	counter	zeek_dnsmgr_requests_total	(empty)	(empty)	0.0
1777922758.300772	zeek	counter	zeek_dnsmgr_successful_requests_total	(empty)	(empty)	0.0
1777922758.300772	zeek	counter	zeek_dnsmgr_failed_requests_total	(empty)	(empty)	0.0
1777922758.300772	zeek	counter	zeek_triggers_total	(empty)	(empty)	0.0
1777922758.300772	zeek	counter	zeek_ended_sessions_total	reason	inactivity	15.0
1777922758.300772	zeek	counter	zeek_event_handler_invocations_total	name	connection_state_remove	15.0
1777922758.300772	zeek	counter	zeek_event_handler_invocations_total	name	zeek_init	1.0
1777922758.300772	zeek	counter	zeek_event_handler_invocations_total	name	Telemetry::log	37.0
1777922758.300772	zeek	counter	zeek_event_handler_invocations_total	name	NetControl::init	1.0
1777922758.300772	zeek	counter	zeek_event_handler_invocations_total	name	ChecksumOffloading::check	2.0
1777922758.300772	zeek	counter	zeek_event_handler_invocations_total	name	grab_vulnerable_versions	2.0
1777922758.300772	zeek	counter	zeek_event_handler_invocations_total	name	filter_change_tracking	9.0
1777922758.300772	zeek	counter	zeek_event_handler_invocations_total	name	Broker::log_flush	2158.0
1777922758.300772	zeek	counter	zeek_event_handler_invocations_total	name	zeek_script_loaded	538.0
1777922758.300772	zeek	counter	zeek_event_handler_invocations_total	name	new_connection	15.0
1777922758.300772	zeek	counter	zeek_event_handler_invocations_total	name	check_stats	8.0
1777922758.300772	zeek	counter	zeek_event_handler_invocations_total	name	CaptureLoss::take_measurement	4.0
1777922758.300772	zeek	counter	zeek_event_handler_invocations_total	name	net_stats_update	8.0
1777922758.300772	zeek	counter	zeek_event_handler_invocations_total	name	SumStats::finish_epoch	3.0
1777922758.300772	zeek	counter	zeek_total_sessions_total	protocol	unknown	1.0
1777922758.300772	zeek	counter	zeek_total_sessions_total	protocol	icmp	8.0
1777922758.300772	zeek	counter	zeek_total_sessions_total	protocol	udp	6.0
1777922758.300772	zeek	counter	zeek_total_sessions_total	protocol	tcp	0.0
1777922758.300772	zeek	gauge	zeek_version_info	beta,commit,debug,major,minor,patch,version_number,version_string	false,0,false,8,1,2,80102,8.1.2	1.0
1777922758.300772	zeek	gauge	zeek_net_packet_lag_seconds	(empty)	(empty)	0.001062
1777922758.300772	zeek	gauge	zeek_net_timestamp_seconds	(empty)	(empty)	1777922758.300772
1777922758.300772	zeek	gauge	zeek_msgthread_active_threads	(empty)	(empty)	7.0
1777922758.300772	zeek	gauge	zeek_msgthread_pending_in_messages	(empty)	(empty)	0.0
1777922758.300772	zeek	gauge	zeek_msgthread_pending_out_messages	(empty)	(empty)	0.0
1777922758.300772	zeek	gauge	zeek_msgthread_pending_messages_in_buckets	leq	inf	7.0
1777922758.300772	zeek	gauge	zeek_msgthread_pending_messages_in_buckets	leq	10000	7.0
1777922758.300772	zeek	gauge	zeek_msgthread_pending_messages_in_buckets	leq	1000	7.0
1777922758.300772	zeek	gauge	zeek_msgthread_pending_messages_in_buckets	leq	100	7.0
1777922758.300772	zeek	gauge	zeek_msgthread_pending_messages_in_buckets	leq	10	7.0
1777922758.300772	zeek	gauge	zeek_msgthread_pending_messages_in_buckets	leq	1	7.0
1777922758.300772	zeek	gauge	zeek_msgthread_pending_messages_out_buckets	leq	inf	7.0
1777922758.300772	zeek	gauge	zeek_msgthread_pending_messages_out_buckets	leq	10000	7.0
1777922758.300772	zeek	gauge	zeek_msgthread_pending_messages_out_buckets	leq	1000	7.0
1777922758.300772	zeek	gauge	zeek_msgthread_pending_messages_out_buckets	leq	100	7.0
1777922758.300772	zeek	gauge	zeek_msgthread_pending_messages_out_buckets	leq	10	7.0
1777922758.300772	zeek	gauge	zeek_msgthread_pending_messages_out_buckets	leq	1	7.0
1777922758.300772	zeek	gauge	zeek_broker_peers	(empty)	(empty)	0.0
1777922758.300772	zeek	gauge	zeek_broker_stores	(empty)	(empty)	1.0
1777922758.300772	zeek	gauge	zeek_broker_pending_queries	(empty)	(empty)	0.0
1777922758.300772	zeek	gauge	zeek_timers_lag_time_seconds	(empty)	(empty)	0.000825
1777922758.300772	zeek	gauge	zeek_timers_pending	type	LogDelayExpire	0.0
1777922758.300772	zeek	gauge	zeek_timers_pending	type	ThreadHeartbeat	1.0
1777922758.300772	zeek	gauge	zeek_timers_pending	type	TimerMgrExpireTimer	0.0
1777922758.300772	zeek	gauge	zeek_timers_pending	type	ParentProcessIDCheck	0.0
1777922758.300772	zeek	gauge	zeek_timers_pending	type	FragTimer	0.0
1777922758.300772	zeek	gauge	zeek_timers_pending	type	RotateTimer	0.0
1777922758.300772	zeek	gauge	zeek_timers_pending	type	FlowWeirdTimer	0.0
1777922758.300772	zeek	gauge	zeek_timers_pending	type	FileAnalysisInactivityTimer	0.0
1777922758.300772	zeek	gauge	zeek_timers_pending	type	StorageExpire	1.0
1777922758.300772	zeek	gauge	zeek_timers_pending	type	ConnectionInactivityTimer	0.0
1777922758.300772	zeek	gauge	zeek_timers_pending	type	TCPConnectionExpireTimer	0.0
1777922758.300772	zeek	gauge	zeek_timers_pending	type	ConnectionStatusUpdateTimer	0.0
1777922758.300772	zeek	gauge	zeek_timers_pending	type	LogFlushWriteBufferTimer	1.0
1777922758.300772	zeek	gauge	zeek_timers_pending	type	NetWeirdTimer	0.0
1777922758.300772	zeek	gauge	zeek_timers_pending	type	InterconnTimer	0.0
1777922758.300772	zeek	gauge	zeek_timers_pending	type	IPTunnelInactivityTimer	0.0
1777922758.300772	zeek	gauge	zeek_timers_pending	type	DNSExpireTimer	0.0
1777922758.300772	zeek	gauge	zeek_timers_pending	type	UnknownProtocolExpire	0.0
1777922758.300772	zeek	gauge	zeek_timers_pending	type	ProfileTimer	0.0
1777922758.300772	zeek	gauge	zeek_timers_pending	type	ConnectionExpireTimer	0.0
1777922758.300772	zeek	gauge	zeek_timers_pending	type	BreakpointTimer	0.0
1777922758.300772	zeek	gauge	zeek_timers_pending	type	BackdoorTimer	0.0
1777922758.300772	zeek	gauge	zeek_timers_pending	type	NetbiosExpireTimer	0.0
1777922758.300772	zeek	gauge	zeek_timers_pending	type	NetworkTimer	0.0
1777922758.300772	zeek	gauge	zeek_timers_pending	type	RemoveConnection	0.0
1777922758.300772	zeek	gauge	zeek_timers_pending	type	TCPConnectionResetTimer	0.0
1777922758.300772	zeek	gauge	zeek_timers_pending	type	ConnTupleWeirdTimer	0.0
1777922758.300772	zeek	gauge	zeek_timers_pending	type	TCPConnectionDeleteTimer	0.0
1777922758.300772	zeek	gauge	zeek_timers_pending	type	ScheduleTimer	6.0
1777922758.300772	zeek	gauge	zeek_timers_pending	type	NTPExpireTimer	0.0
1777922758.300772	zeek	gauge	zeek_timers_pending	type	RPCExpireTimer	0.0
1777922758.300772	zeek	gauge	zeek_timers_pending	type	ConnectionDeleteTimer	0.0
1777922758.300772	zeek	gauge	zeek_timers_pending	type	TriggerTimer	0.0
1777922758.300772	zeek	gauge	zeek_timers_pending	type	TableValTimer	34.0
1777922758.300772	zeek	gauge	zeek_timers_pending	type	TCPConnectionAttemptTimer	0.0
1777922758.300772	zeek	gauge	zeek_timers_pending	type	TCPConnectionPartialClose	0.0
1777922758.300772	zeek	gauge	zeek_dnsmgr_pending_asyncs_requests	(empty)	(empty)	0.0
1777922758.300772	zeek	gauge	zeek_dnsmgr_cache_entries	type	text	0.0
1777922758.300772	zeek	gauge	zeek_dnsmgr_cache_entries	type	address	0.0
1777922758.300772	zeek	gauge	zeek_dnsmgr_cache_entries	type	host	0.0
1777922758.300772	zeek	gauge	zeek_pending_triggers	(empty)	(empty)	0.0
1777922758.300772	zeek	gauge	zeek_active_sessions	protocol	unknown	0.0
1777922758.300772	zeek	gauge	zeek_active_sessions	protocol	icmp	0.0
1777922758.300772	zeek	gauge	zeek_active_sessions	protocol	udp	0.0
1777922758.300772	zeek	gauge	zeek_active_sessions	protocol	tcp	0.0
