#separator \x09
#set_separator	,
#empty_field	(empty)
#unset_field	-
#path	telemetry
#open	2026-05-04-20-44-56
#fields	ts	peer	metric_type	name	labels	label_values	value
#types	time	string	string	string	vector[string]	vector[string]	double
1777927496.408763	zeek	counter	process_cpu_user_seconds_total	(empty)	(empty)	0.27
1777927496.408763	zeek	counter	process_cpu_system_seconds_total	(empty)	(empty)	0.12
1777927496.408763	zeek	gauge	process_resident_memory_bytes	(empty)	(empty)	283725824.0
1777927496.408763	zeek	gauge	process_virtual_memory_bytes	(empty)	(empty)	1165873152.0
1777927496.408763	zeek	gauge	process_open_fds	(empty)	(empty)	28.0
1777927496.408763	zeek	gauge	process_start_time_seconds	(empty)	(empty)	1777927495.971219
1777927496.408763	zeek	counter	zeek_log_stream_writes_total	module,stream	LoadedScripts,LoadedScripts::LOG	538.0
1777927496.408763	zeek	counter	zeek_log_stream_writes_total	module,stream	PacketFilter,PacketFilter::LOG	1.0
1777927496.408763	zeek	counter	zeek_log_writer_writes_total	filter_name,module,path,stream,writer	default,LoadedScripts,loaded_scripts,LoadedScripts::LOG,Log::WRITER_ASCII	538.0
1777927496.408763	zeek	counter	zeek_log_writer_writes_total	filter_name,module,path,stream,writer	default,PacketFilter,packet_filter,PacketFilter::LOG,Log::WRITER_ASCII	1.0
1777927496.408763	zeek	counter	zeek_log_writer_discarded_writes_total	filter_name,module,path,stream,writer	default,LoadedScripts,loaded_scripts,LoadedScripts::LOG,Log::WRITER_ASCII	0.0
1777927496.408763	zeek	counter	zeek_log_writer_discarded_writes_total	filter_name,module,path,stream,writer	default,PacketFilter,packet_filter,PacketFilter::LOG,Log::WRITER_ASCII	0.0
1777927496.408763	zeek	counter	zeek_log_writer_truncated_string_fields_total	filter_name,module,path,stream,writer	default,LoadedScripts,loaded_scripts,LoadedScripts::LOG,Log::WRITER_ASCII	0.0
1777927496.408763	zeek	counter	zeek_log_writer_truncated_string_fields_total	filter_name,module,path,stream,writer	default,PacketFilter,packet_filter,PacketFilter::LOG,Log::WRITER_ASCII	0.0
1777927496.408763	zeek	counter	zeek_log_writer_truncated_containers_total	filter_name,module,path,stream,writer	default,LoadedScripts,loaded_scripts,LoadedScripts::LOG,Log::WRITER_ASCII	0.0
1777927496.408763	zeek	counter	zeek_log_writer_truncated_containers_total	filter_name,module,path,stream,writer	default,PacketFilter,packet_filter,PacketFilter::LOG,Log::WRITER_ASCII	0.0
1777927496.408763	zeek	counter	zeek_net_received_bytes_total	(empty)	(empty)	90.0
1777927496.408763	zeek	counter	zeek_net_received_packets_total	(empty)	(empty)	1.0
1777927496.408763	zeek	counter	zeek_net_dropped_packets_total	(empty)	(empty)	0.0
1777927496.408763	zeek	counter	zeek_net_link_packets_total	(empty)	(empty)	1.0
1777927496.408763	zeek	counter	zeek_msgthread_threads_total	(empty)	(empty)	2.0
1777927496.408763	zeek	counter	zeek_msgthread_in_messages_total	(empty)	(empty)	4.0
1777927496.408763	zeek	counter	zeek_msgthread_out_messages_total	(empty)	(empty)	0.0
1777927496.408763	zeek	counter	zeek_cluster_core_outgoing_events_total	(empty)	(empty)	0.0
1777927496.408763	zeek	counter	zeek_cluster_core_incoming_events_total	(empty)	(empty)	0.0
1777927496.408763	zeek	counter	zeek_broker_incoming_events_total	(empty)	(empty)	0.0
1777927496.408763	zeek	counter	zeek_broker_outgoing_events_total	(empty)	(empty)	0.0
1777927496.408763	zeek	counter	zeek_broker_incoming_logs_total	(empty)	(empty)	0.0
1777927496.408763	zeek	counter	zeek_broker_outgoing_logs_total	(empty)	(empty)	0.0
1777927496.408763	zeek	counter	zeek_broker_incoming_ids_total	(empty)	(empty)	0.0
1777927496.408763	zeek	counter	zeek_broker_outgoing_ids_total	(empty)	(empty)	0.0
1777927496.408763	zeek	counter	zeek_timers_total	(empty)	(empty)	125.0
1777927496.408763	zeek	counter	zeek_dnsmgr_requests_total	(empty)	(empty)	0.0
1777927496.408763	zeek	counter	zeek_dnsmgr_successful_requests_total	(empty)	(empty)	0.0
1777927496.408763	zeek	counter	zeek_dnsmgr_failed_requests_total	(empty)	(empty)	0.0
1777927496.408763	zeek	counter	zeek_triggers_total	(empty)	(empty)	0.0
1777927496.408763	zeek	counter	zeek_ended_sessions_total	reason	inactivity	0.0
1777927496.408763	zeek	counter	zeek_event_handler_invocations_total	name	Broker::log_flush	1.0
1777927496.408763	zeek	counter	zeek_event_handler_invocations_total	name	filter_change_tracking	1.0
1777927496.408763	zeek	counter	zeek_event_handler_invocations_total	name	ChecksumOffloading::check	1.0
1777927496.408763	zeek	counter	zeek_event_handler_invocations_total	name	NetControl::init	1.0
1777927496.408763	zeek	counter	zeek_event_handler_invocations_total	name	zeek_script_loaded	538.0
1777927496.408763	zeek	counter	zeek_event_handler_invocations_total	name	Telemetry::log	1.0
1777927496.408763	zeek	counter	zeek_event_handler_invocations_total	name	grab_vulnerable_versions	1.0
1777927496.408763	zeek	counter	zeek_event_handler_invocations_total	name	zeek_init	1.0
1777927496.408763	zeek	counter	zeek_total_sessions_total	protocol	icmp	1.0
1777927496.408763	zeek	counter	zeek_total_sessions_total	protocol	udp	0.0
1777927496.408763	zeek	counter	zeek_total_sessions_total	protocol	tcp	0.0
1777927496.408763	zeek	gauge	zeek_version_info	beta,commit,debug,major,minor,patch,version_number,version_string	false,0,false,8,1,2,80102,8.1.2	1.0
1777927496.408763	zeek	gauge	zeek_net_packet_lag_seconds	(empty)	(empty)	0.002095
1777927496.408763	zeek	gauge	zeek_net_timestamp_seconds	(empty)	(empty)	1777927496.408763
1777927496.408763	zeek	gauge	zeek_msgthread_active_threads	(empty)	(empty)	2.0
1777927496.408763	zeek	gauge	zeek_msgthread_pending_in_messages	(empty)	(empty)	0.0
1777927496.408763	zeek	gauge	zeek_msgthread_pending_out_messages	(empty)	(empty)	0.0
1777927496.408763	zeek	gauge	zeek_msgthread_pending_messages_in_buckets	leq	inf	2.0
1777927496.408763	zeek	gauge	zeek_msgthread_pending_messages_in_buckets	leq	10000	2.0
1777927496.408763	zeek	gauge	zeek_msgthread_pending_messages_in_buckets	leq	1000	2.0
1777927496.408763	zeek	gauge	zeek_msgthread_pending_messages_in_buckets	leq	100	2.0
1777927496.408763	zeek	gauge	zeek_msgthread_pending_messages_in_buckets	leq	10	2.0
1777927496.408763	zeek	gauge	zeek_msgthread_pending_messages_in_buckets	leq	1	2.0
1777927496.408763	zeek	gauge	zeek_msgthread_pending_messages_out_buckets	leq	inf	2.0
1777927496.408763	zeek	gauge	zeek_msgthread_pending_messages_out_buckets	leq	10000	2.0
1777927496.408763	zeek	gauge	zeek_msgthread_pending_messages_out_buckets	leq	1000	2.0
1777927496.408763	zeek	gauge	zeek_msgthread_pending_messages_out_buckets	leq	100	2.0
1777927496.408763	zeek	gauge	zeek_msgthread_pending_messages_out_buckets	leq	10	2.0
1777927496.408763	zeek	gauge	zeek_msgthread_pending_messages_out_buckets	leq	1	2.0
1777927496.408763	zeek	gauge	zeek_broker_peers	(empty)	(empty)	0.0
1777927496.408763	zeek	gauge	zeek_broker_stores	(empty)	(empty)	1.0
1777927496.408763	zeek	gauge	zeek_broker_pending_queries	(empty)	(empty)	0.0
1777927496.408763	zeek	gauge	zeek_timers_lag_time_seconds	(empty)	(empty)	1777923896.408763
1777927496.408763	zeek	gauge	zeek_timers_pending	type	LogDelayExpire	0.0
1777927496.408763	zeek	gauge	zeek_timers_pending	type	ThreadHeartbeat	1.0
1777927496.408763	zeek	gauge	zeek_timers_pending	type	TimerMgrExpireTimer	0.0
1777927496.408763	zeek	gauge	zeek_timers_pending	type	ParentProcessIDCheck	0.0
1777927496.408763	zeek	gauge	zeek_timers_pending	type	FragTimer	0.0
1777927496.408763	zeek	gauge	zeek_timers_pending	type	RotateTimer	0.0
1777927496.408763	zeek	gauge	zeek_timers_pending	type	FlowWeirdTimer	0.0
1777927496.408763	zeek	gauge	zeek_timers_pending	type	FileAnalysisInactivityTimer	0.0
1777927496.408763	zeek	gauge	zeek_timers_pending	type	StorageExpire	1.0
1777927496.408763	zeek	gauge	zeek_timers_pending	type	ConnectionInactivityTimer	1.0
1777927496.408763	zeek	gauge	zeek_timers_pending	type	TCPConnectionExpireTimer	0.0
1777927496.408763	zeek	gauge	zeek_timers_pending	type	ConnectionStatusUpdateTimer	0.0
1777927496.408763	zeek	gauge	zeek_timers_pending	type	LogFlushWriteBufferTimer	1.0
1777927496.408763	zeek	gauge	zeek_timers_pending	type	NetWeirdTimer	0.0
1777927496.408763	zeek	gauge	zeek_timers_pending	type	InterconnTimer	0.0
1777927496.408763	zeek	gauge	zeek_timers_pending	type	IPTunnelInactivityTimer	0.0
1777927496.408763	zeek	gauge	zeek_timers_pending	type	DNSExpireTimer	0.0
1777927496.408763	zeek	gauge	zeek_timers_pending	type	UnknownProtocolExpire	0.0
1777927496.408763	zeek	gauge	zeek_timers_pending	type	ProfileTimer	0.0
1777927496.408763	zeek	gauge	zeek_timers_pending	type	ConnectionExpireTimer	0.0
1777927496.408763	zeek	gauge	zeek_timers_pending	type	BreakpointTimer	0.0
1777927496.408763	zeek	gauge	zeek_timers_pending	type	BackdoorTimer	0.0
1777927496.408763	zeek	gauge	zeek_timers_pending	type	NetbiosExpireTimer	0.0
1777927496.408763	zeek	gauge	zeek_timers_pending	type	NetworkTimer	0.0
1777927496.408763	zeek	gauge	zeek_timers_pending	type	RemoveConnection	0.0
1777927496.408763	zeek	gauge	zeek_timers_pending	type	TCPConnectionResetTimer	0.0
1777927496.408763	zeek	gauge	zeek_timers_pending	type	ConnTupleWeirdTimer	0.0
1777927496.408763	zeek	gauge	zeek_timers_pending	type	TCPConnectionDeleteTimer	0.0
1777927496.408763	zeek	gauge	zeek_timers_pending	type	ScheduleTimer	2.0
1777927496.408763	zeek	gauge	zeek_timers_pending	type	NTPExpireTimer	0.0
1777927496.408763	zeek	gauge	zeek_timers_pending	type	RPCExpireTimer	0.0
1777927496.408763	zeek	gauge	zeek_timers_pending	type	ConnectionDeleteTimer	0.0
1777927496.408763	zeek	gauge	zeek_timers_pending	type	TriggerTimer	0.0
1777927496.408763	zeek	gauge	zeek_timers_pending	type	TableValTimer	34.0
1777927496.408763	zeek	gauge	zeek_timers_pending	type	TCPConnectionAttemptTimer	0.0
1777927496.408763	zeek	gauge	zeek_timers_pending	type	TCPConnectionPartialClose	0.0
1777927496.408763	zeek	gauge	zeek_dnsmgr_pending_asyncs_requests	(empty)	(empty)	0.0
1777927496.408763	zeek	gauge	zeek_dnsmgr_cache_entries	type	text	0.0
1777927496.408763	zeek	gauge	zeek_dnsmgr_cache_entries	type	address	0.0
1777927496.408763	zeek	gauge	zeek_dnsmgr_cache_entries	type	host	0.0
1777927496.408763	zeek	gauge	zeek_pending_triggers	(empty)	(empty)	0.0
1777927496.408763	zeek	gauge	zeek_active_sessions	protocol	icmp	1.0
1777927496.408763	zeek	gauge	zeek_active_sessions	protocol	udp	0.0
1777927496.408763	zeek	gauge	zeek_active_sessions	protocol	tcp	0.0
1777927556.411521	zeek	counter	process_cpu_user_seconds_total	(empty)	(empty)	0.43
1777927556.411521	zeek	counter	process_cpu_system_seconds_total	(empty)	(empty)	0.21
1777927556.411521	zeek	gauge	process_resident_memory_bytes	(empty)	(empty)	283856896.0
1777927556.411521	zeek	gauge	process_virtual_memory_bytes	(empty)	(empty)	1467879424.0
1777927556.411521	zeek	gauge	process_open_fds	(empty)	(empty)	40.0
1777927556.411521	zeek	gauge	process_start_time_seconds	(empty)	(empty)	1777927495.971219
1777927556.411521	zeek	counter	zeek_log_stream_writes_total	module,stream	CaptureLoss,CaptureLoss::LOG	1.0
1777927556.411521	zeek	counter	zeek_log_stream_writes_total	module,stream	Notice,Notice::LOG	1.0
1777927556.411521	zeek	counter	zeek_log_stream_writes_total	module,stream	Stats,Stats::LOG	1.0
1777927556.411521	zeek	counter	zeek_log_stream_writes_total	module,stream	Telemetry,Telemetry::LOG	114.0
1777927556.411521	zeek	counter	zeek_log_stream_writes_total	module,stream	LoadedScripts,LoadedScripts::LOG	538.0
1777927556.411521	zeek	counter	zeek_log_stream_writes_total	module,stream	PacketFilter,PacketFilter::LOG	1.0
1777927556.411521	zeek	counter	zeek_log_writer_writes_total	filter_name,module,path,stream,writer	default,CaptureLoss,capture_loss,CaptureLoss::LOG,Log::WRITER_ASCII	1.0
1777927556.411521	zeek	counter	zeek_log_writer_writes_total	filter_name,module,path,stream,writer	default,Notice,notice,Notice::LOG,Log::WRITER_ASCII	1.0
1777927556.411521	zeek	counter	zeek_log_writer_writes_total	filter_name,module,path,stream,writer	default,Stats,stats,Stats::LOG,Log::WRITER_ASCII	1.0
1777927556.411521	zeek	counter	zeek_log_writer_writes_total	filter_name,module,path,stream,writer	default,Telemetry,telemetry,Telemetry::LOG,Log::WRITER_ASCII	114.0
1777927556.411521	zeek	counter	zeek_log_writer_writes_total	filter_name,module,path,stream,writer	default,LoadedScripts,loaded_scripts,LoadedScripts::LOG,Log::WRITER_ASCII	538.0
1777927556.411521	zeek	counter	zeek_log_writer_writes_total	filter_name,module,path,stream,writer	default,PacketFilter,packet_filter,PacketFilter::LOG,Log::WRITER_ASCII	1.0
1777927556.411521	zeek	counter	zeek_log_writer_discarded_writes_total	filter_name,module,path,stream,writer	default,CaptureLoss,capture_loss,CaptureLoss::LOG,Log::WRITER_ASCII	0.0
1777927556.411521	zeek	counter	zeek_log_writer_discarded_writes_total	filter_name,module,path,stream,writer	default,Notice,notice,Notice::LOG,Log::WRITER_ASCII	0.0
1777927556.411521	zeek	counter	zeek_log_writer_discarded_writes_total	filter_name,module,path,stream,writer	default,Stats,stats,Stats::LOG,Log::WRITER_ASCII	0.0
1777927556.411521	zeek	counter	zeek_log_writer_discarded_writes_total	filter_name,module,path,stream,writer	default,Telemetry,telemetry,Telemetry::LOG,Log::WRITER_ASCII	0.0
1777927556.411521	zeek	counter	zeek_log_writer_discarded_writes_total	filter_name,module,path,stream,writer	default,LoadedScripts,loaded_scripts,LoadedScripts::LOG,Log::WRITER_ASCII	0.0
1777927556.411521	zeek	counter	zeek_log_writer_discarded_writes_total	filter_name,module,path,stream,writer	default,PacketFilter,packet_filter,PacketFilter::LOG,Log::WRITER_ASCII	0.0
1777927556.411521	zeek	counter	zeek_log_writer_truncated_string_fields_total	filter_name,module,path,stream,writer	default,CaptureLoss,capture_loss,CaptureLoss::LOG,Log::WRITER_ASCII	0.0
1777927556.411521	zeek	counter	zeek_log_writer_truncated_string_fields_total	filter_name,module,path,stream,writer	default,Notice,notice,Notice::LOG,Log::WRITER_ASCII	0.0
1777927556.411521	zeek	counter	zeek_log_writer_truncated_string_fields_total	filter_name,module,path,stream,writer	default,Stats,stats,Stats::LOG,Log::WRITER_ASCII	0.0
1777927556.411521	zeek	counter	zeek_log_writer_truncated_string_fields_total	filter_name,module,path,stream,writer	default,Telemetry,telemetry,Telemetry::LOG,Log::WRITER_ASCII	0.0
1777927556.411521	zeek	counter	zeek_log_writer_truncated_string_fields_total	filter_name,module,path,stream,writer	default,LoadedScripts,loaded_scripts,LoadedScripts::LOG,Log::WRITER_ASCII	0.0
1777927556.411521	zeek	counter	zeek_log_writer_truncated_string_fields_total	filter_name,module,path,stream,writer	default,PacketFilter,packet_filter,PacketFilter::LOG,Log::WRITER_ASCII	0.0
1777927556.411521	zeek	counter	zeek_log_writer_truncated_containers_total	filter_name,module,path,stream,writer	default,CaptureLoss,capture_loss,CaptureLoss::LOG,Log::WRITER_ASCII	0.0
1777927556.411521	zeek	counter	zeek_log_writer_truncated_containers_total	filter_name,module,path,stream,writer	default,Notice,notice,Notice::LOG,Log::WRITER_ASCII	0.0
1777927556.411521	zeek	counter	zeek_log_writer_truncated_containers_total	filter_name,module,path,stream,writer	default,Stats,stats,Stats::LOG,Log::WRITER_ASCII	0.0
1777927556.411521	zeek	counter	zeek_log_writer_truncated_containers_total	filter_name,module,path,stream,writer	default,Telemetry,telemetry,Telemetry::LOG,Log::WRITER_ASCII	0.0
1777927556.411521	zeek	counter	zeek_log_writer_truncated_containers_total	filter_name,module,path,stream,writer	default,LoadedScripts,loaded_scripts,LoadedScripts::LOG,Log::WRITER_ASCII	0.0
1777927556.411521	zeek	counter	zeek_log_writer_truncated_containers_total	filter_name,module,path,stream,writer	default,PacketFilter,packet_filter,PacketFilter::LOG,Log::WRITER_ASCII	0.0
1777927556.411521	zeek	counter	zeek_net_received_bytes_total	(empty)	(empty)	402900.0
1777927556.411521	zeek	counter	zeek_net_received_packets_total	(empty)	(empty)	1711.0
1777927556.411521	zeek	counter	zeek_net_dropped_packets_total	(empty)	(empty)	0.0
1777927556.411521	zeek	counter	zeek_net_link_packets_total	(empty)	(empty)	1712.0
1777927556.411521	zeek	counter	zeek_msgthread_threads_total	(empty)	(empty)	6.0
1777927556.411521	zeek	counter	zeek_msgthread_in_messages_total	(empty)	(empty)	10.0
1777927556.411521	zeek	counter	zeek_msgthread_out_messages_total	(empty)	(empty)	0.0
1777927556.411521	zeek	counter	zeek_cluster_core_outgoing_events_total	(empty)	(empty)	0.0
1777927556.411521	zeek	counter	zeek_cluster_core_incoming_events_total	(empty)	(empty)	0.0
1777927556.411521	zeek	counter	zeek_broker_incoming_events_total	(empty)	(empty)	0.0
1777927556.411521	zeek	counter	zeek_broker_outgoing_events_total	(empty)	(empty)	0.0
1777927556.411521	zeek	counter	zeek_broker_incoming_logs_total	(empty)	(empty)	0.0
1777927556.411521	zeek	counter	zeek_broker_outgoing_logs_total	(empty)	(empty)	0.0
1777927556.411521	zeek	counter	zeek_broker_incoming_ids_total	(empty)	(empty)	0.0
1777927556.411521	zeek	counter	zeek_broker_outgoing_ids_total	(empty)	(empty)	0.0
1777927556.411521	zeek	counter	zeek_timers_total	(empty)	(empty)	493.0
1777927556.411521	zeek	counter	zeek_dnsmgr_requests_total	(empty)	(empty)	0.0
1777927556.411521	zeek	counter	zeek_dnsmgr_successful_requests_total	(empty)	(empty)	0.0
1777927556.411521	zeek	counter	zeek_dnsmgr_failed_requests_total	(empty)	(empty)	0.0
1777927556.411521	zeek	counter	zeek_triggers_total	(empty)	(empty)	0.0
1777927556.411521	zeek	counter	zeek_ended_sessions_total	reason	inactivity	0.0
1777927556.411521	zeek	counter	zeek_event_handler_invocations_total	name	SumStats::finish_epoch	3.0
1777927556.411521	zeek	counter	zeek_event_handler_invocations_total	name	net_stats_update	1.0
1777927556.411521	zeek	counter	zeek_event_handler_invocations_total	name	check_stats	1.0
1777927556.411521	zeek	counter	zeek_event_handler_invocations_total	name	CaptureLoss::take_measurement	2.0
1777927556.411521	zeek	counter	zeek_event_handler_invocations_total	name	new_connection	11.0
1777927556.411521	zeek	counter	zeek_event_handler_invocations_total	name	Broker::log_flush	60.0
1777927556.411521	zeek	counter	zeek_event_handler_invocations_total	name	filter_change_tracking	2.0
1777927556.411521	zeek	counter	zeek_event_handler_invocations_total	name	ChecksumOffloading::check	2.0
1777927556.411521	zeek	counter	zeek_event_handler_invocations_total	name	NetControl::init	1.0
1777927556.411521	zeek	counter	zeek_event_handler_invocations_total	name	zeek_script_loaded	538.0
1777927556.411521	zeek	counter	zeek_event_handler_invocations_total	name	Telemetry::log	2.0
1777927556.411521	zeek	counter	zeek_event_handler_invocations_total	name	grab_vulnerable_versions	2.0
1777927556.411521	zeek	counter	zeek_event_handler_invocations_total	name	zeek_init	1.0
1777927556.411521	zeek	counter	zeek_total_sessions_total	protocol	unknown	1.0
1777927556.411521	zeek	counter	zeek_total_sessions_total	protocol	icmp	6.0
1777927556.411521	zeek	counter	zeek_total_sessions_total	protocol	udp	4.0
1777927556.411521	zeek	counter	zeek_total_sessions_total	protocol	tcp	0.0
1777927556.411521	zeek	gauge	zeek_version_info	beta,commit,debug,major,minor,patch,version_number,version_string	false,0,false,8,1,2,80102,8.1.2	1.0
1777927556.411521	zeek	gauge	zeek_net_packet_lag_seconds	(empty)	(empty)	0.00319
1777927556.411521	zeek	gauge	zeek_net_timestamp_seconds	(empty)	(empty)	1777927556.411521
1777927556.411521	zeek	gauge	zeek_msgthread_active_threads	(empty)	(empty)	6.0
1777927556.411521	zeek	gauge	zeek_msgthread_pending_in_messages	(empty)	(empty)	0.0
1777927556.411521	zeek	gauge	zeek_msgthread_pending_out_messages	(empty)	(empty)	0.0
1777927556.411521	zeek	gauge	zeek_msgthread_pending_messages_in_buckets	leq	inf	6.0
1777927556.411521	zeek	gauge	zeek_msgthread_pending_messages_in_buckets	leq	10000	6.0
1777927556.411521	zeek	gauge	zeek_msgthread_pending_messages_in_buckets	leq	1000	6.0
1777927556.411521	zeek	gauge	zeek_msgthread_pending_messages_in_buckets	leq	100	6.0
1777927556.411521	zeek	gauge	zeek_msgthread_pending_messages_in_buckets	leq	10	6.0
1777927556.411521	zeek	gauge	zeek_msgthread_pending_messages_in_buckets	leq	1	6.0
1777927556.411521	zeek	gauge	zeek_msgthread_pending_messages_out_buckets	leq	inf	6.0
1777927556.411521	zeek	gauge	zeek_msgthread_pending_messages_out_buckets	leq	10000	6.0
1777927556.411521	zeek	gauge	zeek_msgthread_pending_messages_out_buckets	leq	1000	6.0
1777927556.411521	zeek	gauge	zeek_msgthread_pending_messages_out_buckets	leq	100	6.0
1777927556.411521	zeek	gauge	zeek_msgthread_pending_messages_out_buckets	leq	10	6.0
1777927556.411521	zeek	gauge	zeek_msgthread_pending_messages_out_buckets	leq	1	6.0
1777927556.411521	zeek	gauge	zeek_broker_peers	(empty)	(empty)	0.0
1777927556.411521	zeek	gauge	zeek_broker_stores	(empty)	(empty)	1.0
1777927556.411521	zeek	gauge	zeek_broker_pending_queries	(empty)	(empty)	0.0
1777927556.411521	zeek	gauge	zeek_timers_lag_time_seconds	(empty)	(empty)	0.002758
1777927556.411521	zeek	gauge	zeek_timers_pending	type	LogDelayExpire	0.0
1777927556.411521	zeek	gauge	zeek_timers_pending	type	ThreadHeartbeat	1.0
1777927556.411521	zeek	gauge	zeek_timers_pending	type	TimerMgrExpireTimer	0.0
1777927556.411521	zeek	gauge	zeek_timers_pending	type	ParentProcessIDCheck	0.0
1777927556.411521	zeek	gauge	zeek_timers_pending	type	FragTimer	0.0
1777927556.411521	zeek	gauge	zeek_timers_pending	type	RotateTimer	0.0
1777927556.411521	zeek	gauge	zeek_timers_pending	type	FlowWeirdTimer	0.0
1777927556.411521	zeek	gauge	zeek_timers_pending	type	FileAnalysisInactivityTimer	0.0
1777927556.411521	zeek	gauge	zeek_timers_pending	type	StorageExpire	1.0
1777927556.411521	zeek	gauge	zeek_timers_pending	type	ConnectionInactivityTimer	11.0
1777927556.411521	zeek	gauge	zeek_timers_pending	type	TCPConnectionExpireTimer	0.0
1777927556.411521	zeek	gauge	zeek_timers_pending	type	ConnectionStatusUpdateTimer	0.0
1777927556.411521	zeek	gauge	zeek_timers_pending	type	LogFlushWriteBufferTimer	1.0
1777927556.411521	zeek	gauge	zeek_timers_pending	type	NetWeirdTimer	0.0
1777927556.411521	zeek	gauge	zeek_timers_pending	type	InterconnTimer	0.0
1777927556.411521	zeek	gauge	zeek_timers_pending	type	IPTunnelInactivityTimer	0.0
1777927556.411521	zeek	gauge	zeek_timers_pending	type	DNSExpireTimer	0.0
1777927556.411521	zeek	gauge	zeek_timers_pending	type	UnknownProtocolExpire	0.0
1777927556.411521	zeek	gauge	zeek_timers_pending	type	ProfileTimer	0.0
1777927556.411521	zeek	gauge	zeek_timers_pending	type	ConnectionExpireTimer	0.0
1777927556.411521	zeek	gauge	zeek_timers_pending	type	BreakpointTimer	0.0
1777927556.411521	zeek	gauge	zeek_timers_pending	type	BackdoorTimer	0.0
1777927556.411521	zeek	gauge	zeek_timers_pending	type	NetbiosExpireTimer	0.0
1777927556.411521	zeek	gauge	zeek_timers_pending	type	NetworkTimer	0.0
1777927556.411521	zeek	gauge	zeek_timers_pending	type	RemoveConnection	0.0
1777927556.411521	zeek	gauge	zeek_timers_pending	type	TCPConnectionResetTimer	0.0
1777927556.411521	zeek	gauge	zeek_timers_pending	type	ConnTupleWeirdTimer	0.0
1777927556.411521	zeek	gauge	zeek_timers_pending	type	TCPConnectionDeleteTimer	0.0
1777927556.411521	zeek	gauge	zeek_timers_pending	type	ScheduleTimer	6.0
1777927556.411521	zeek	gauge	zeek_timers_pending	type	NTPExpireTimer	0.0
1777927556.411521	zeek	gauge	zeek_timers_pending	type	RPCExpireTimer	0.0
1777927556.411521	zeek	gauge	zeek_timers_pending	type	ConnectionDeleteTimer	0.0
1777927556.411521	zeek	gauge	zeek_timers_pending	type	TriggerTimer	0.0
1777927556.411521	zeek	gauge	zeek_timers_pending	type	TableValTimer	34.0
1777927556.411521	zeek	gauge	zeek_timers_pending	type	TCPConnectionAttemptTimer	0.0
1777927556.411521	zeek	gauge	zeek_timers_pending	type	TCPConnectionPartialClose	0.0
1777927556.411521	zeek	gauge	zeek_dnsmgr_pending_asyncs_requests	(empty)	(empty)	0.0
1777927556.411521	zeek	gauge	zeek_dnsmgr_cache_entries	type	text	0.0
1777927556.411521	zeek	gauge	zeek_dnsmgr_cache_entries	type	address	0.0
1777927556.411521	zeek	gauge	zeek_dnsmgr_cache_entries	type	host	0.0
1777927556.411521	zeek	gauge	zeek_pending_triggers	(empty)	(empty)	0.0
1777927556.411521	zeek	gauge	zeek_active_sessions	protocol	unknown	1.0
1777927556.411521	zeek	gauge	zeek_active_sessions	protocol	icmp	6.0
1777927556.411521	zeek	gauge	zeek_active_sessions	protocol	udp	4.0
1777927556.411521	zeek	gauge	zeek_active_sessions	protocol	tcp	0.0
1777927616.426834	zeek	counter	process_cpu_user_seconds_total	(empty)	(empty)	0.8
1777927616.426834	zeek	counter	process_cpu_system_seconds_total	(empty)	(empty)	0.43
1777927616.426834	zeek	gauge	process_resident_memory_bytes	(empty)	(empty)	283856896.0
1777927616.426834	zeek	gauge	process_virtual_memory_bytes	(empty)	(empty)	1543380992.0
1777927616.426834	zeek	gauge	process_open_fds	(empty)	(empty)	43.0
1777927616.426834	zeek	gauge	process_start_time_seconds	(empty)	(empty)	1777927495.971219
1777927616.426834	zeek	counter	zeek_log_stream_writes_total	module,stream	Conn,Conn::LOG	9.0
1777927616.426834	zeek	counter	zeek_log_stream_writes_total	module,stream	CaptureLoss,CaptureLoss::LOG	1.0
1777927616.426834	zeek	counter	zeek_log_stream_writes_total	module,stream	Notice,Notice::LOG	1.0
1777927616.426834	zeek	counter	zeek_log_stream_writes_total	module,stream	Stats,Stats::LOG	1.0
1777927616.426834	zeek	counter	zeek_log_stream_writes_total	module,stream	Telemetry,Telemetry::LOG	255.0
1777927616.426834	zeek	counter	zeek_log_stream_writes_total	module,stream	LoadedScripts,LoadedScripts::LOG	538.0
1777927616.426834	zeek	counter	zeek_log_stream_writes_total	module,stream	PacketFilter,PacketFilter::LOG	1.0
1777927616.426834	zeek	counter	zeek_log_writer_writes_total	filter_name,module,path,stream,writer	default,Conn,conn,Conn::LOG,Log::WRITER_ASCII	9.0
1777927616.426834	zeek	counter	zeek_log_writer_writes_total	filter_name,module,path,stream,writer	default,CaptureLoss,capture_loss,CaptureLoss::LOG,Log::WRITER_ASCII	1.0
1777927616.426834	zeek	counter	zeek_log_writer_writes_total	filter_name,module,path,stream,writer	default,Notice,notice,Notice::LOG,Log::WRITER_ASCII	1.0
1777927616.426834	zeek	counter	zeek_log_writer_writes_total	filter_name,module,path,stream,writer	default,Stats,stats,Stats::LOG,Log::WRITER_ASCII	1.0
1777927616.426834	zeek	counter	zeek_log_writer_writes_total	filter_name,module,path,stream,writer	default,Telemetry,telemetry,Telemetry::LOG,Log::WRITER_ASCII	255.0
1777927616.426834	zeek	counter	zeek_log_writer_writes_total	filter_name,module,path,stream,writer	default,LoadedScripts,loaded_scripts,LoadedScripts::LOG,Log::WRITER_ASCII	538.0
1777927616.426834	zeek	counter	zeek_log_writer_writes_total	filter_name,module,path,stream,writer	default,PacketFilter,packet_filter,PacketFilter::LOG,Log::WRITER_ASCII	1.0
1777927616.426834	zeek	counter	zeek_log_writer_discarded_writes_total	filter_name,module,path,stream,writer	default,Conn,conn,Conn::LOG,Log::WRITER_ASCII	0.0
1777927616.426834	zeek	counter	zeek_log_writer_discarded_writes_total	filter_name,module,path,stream,writer	default,CaptureLoss,capture_loss,CaptureLoss::LOG,Log::WRITER_ASCII	0.0
1777927616.426834	zeek	counter	zeek_log_writer_discarded_writes_total	filter_name,module,path,stream,writer	default,Notice,notice,Notice::LOG,Log::WRITER_ASCII	0.0
1777927616.426834	zeek	counter	zeek_log_writer_discarded_writes_total	filter_name,module,path,stream,writer	default,Stats,stats,Stats::LOG,Log::WRITER_ASCII	0.0
1777927616.426834	zeek	counter	zeek_log_writer_discarded_writes_total	filter_name,module,path,stream,writer	default,Telemetry,telemetry,Telemetry::LOG,Log::WRITER_ASCII	0.0
1777927616.426834	zeek	counter	zeek_log_writer_discarded_writes_total	filter_name,module,path,stream,writer	default,LoadedScripts,loaded_scripts,LoadedScripts::LOG,Log::WRITER_ASCII	0.0
1777927616.426834	zeek	counter	zeek_log_writer_discarded_writes_total	filter_name,module,path,stream,writer	default,PacketFilter,packet_filter,PacketFilter::LOG,Log::WRITER_ASCII	0.0
1777927616.426834	zeek	counter	zeek_log_writer_truncated_string_fields_total	filter_name,module,path,stream,writer	default,Conn,conn,Conn::LOG,Log::WRITER_ASCII	0.0
1777927616.426834	zeek	counter	zeek_log_writer_truncated_string_fields_total	filter_name,module,path,stream,writer	default,CaptureLoss,capture_loss,CaptureLoss::LOG,Log::WRITER_ASCII	0.0
1777927616.426834	zeek	counter	zeek_log_writer_truncated_string_fields_total	filter_name,module,path,stream,writer	default,Notice,notice,Notice::LOG,Log::WRITER_ASCII	0.0
1777927616.426834	zeek	counter	zeek_log_writer_truncated_string_fields_total	filter_name,module,path,stream,writer	default,Stats,stats,Stats::LOG,Log::WRITER_ASCII	0.0
1777927616.426834	zeek	counter	zeek_log_writer_truncated_string_fields_total	filter_name,module,path,stream,writer	default,Telemetry,telemetry,Telemetry::LOG,Log::WRITER_ASCII	0.0
1777927616.426834	zeek	counter	zeek_log_writer_truncated_string_fields_total	filter_name,module,path,stream,writer	default,LoadedScripts,loaded_scripts,LoadedScripts::LOG,Log::WRITER_ASCII	0.0
1777927616.426834	zeek	counter	zeek_log_writer_truncated_string_fields_total	filter_name,module,path,stream,writer	default,PacketFilter,packet_filter,PacketFilter::LOG,Log::WRITER_ASCII	0.0
1777927616.426834	zeek	counter	zeek_log_writer_truncated_containers_total	filter_name,module,path,stream,writer	default,Conn,conn,Conn::LOG,Log::WRITER_ASCII	0.0
1777927616.426834	zeek	counter	zeek_log_writer_truncated_containers_total	filter_name,module,path,stream,writer	default,CaptureLoss,capture_loss,CaptureLoss::LOG,Log::WRITER_ASCII	0.0
1777927616.426834	zeek	counter	zeek_log_writer_truncated_containers_total	filter_name,module,path,stream,writer	default,Notice,notice,Notice::LOG,Log::WRITER_ASCII	0.0
1777927616.426834	zeek	counter	zeek_log_writer_truncated_containers_total	filter_name,module,path,stream,writer	default,Stats,stats,Stats::LOG,Log::WRITER_ASCII	0.0
1777927616.426834	zeek	counter	zeek_log_writer_truncated_containers_total	filter_name,module,path,stream,writer	default,Telemetry,telemetry,Telemetry::LOG,Log::WRITER_ASCII	0.0
1777927616.426834	zeek	counter	zeek_log_writer_truncated_containers_total	filter_name,module,path,stream,writer	default,LoadedScripts,loaded_scripts,LoadedScripts::LOG,Log::WRITER_ASCII	0.0
1777927616.426834	zeek	counter	zeek_log_writer_truncated_containers_total	filter_name,module,path,stream,writer	default,PacketFilter,packet_filter,PacketFilter::LOG,Log::WRITER_ASCII	0.0
1777927616.426834	zeek	counter	zeek_net_received_bytes_total	(empty)	(empty)	1824195.0
1777927616.426834	zeek	counter	zeek_net_received_packets_total	(empty)	(empty)	7837.0
1777927616.426834	zeek	counter	zeek_net_dropped_packets_total	(empty)	(empty)	0.0
1777927616.426834	zeek	counter	zeek_net_link_packets_total	(empty)	(empty)	7837.0
1777927616.426834	zeek	counter	zeek_msgthread_threads_total	(empty)	(empty)	7.0
1777927616.426834	zeek	counter	zeek_msgthread_in_messages_total	(empty)	(empty)	18.0
1777927616.426834	zeek	counter	zeek_msgthread_out_messages_total	(empty)	(empty)	0.0
1777927616.426834	zeek	counter	zeek_cluster_core_outgoing_events_total	(empty)	(empty)	0.0
1777927616.426834	zeek	counter	zeek_cluster_core_incoming_events_total	(empty)	(empty)	0.0
1777927616.426834	zeek	counter	zeek_broker_incoming_events_total	(empty)	(empty)	0.0
1777927616.426834	zeek	counter	zeek_broker_outgoing_events_total	(empty)	(empty)	0.0
1777927616.426834	zeek	counter	zeek_broker_incoming_logs_total	(empty)	(empty)	0.0
1777927616.426834	zeek	counter	zeek_broker_outgoing_logs_total	(empty)	(empty)	0.0
1777927616.426834	zeek	counter	zeek_broker_incoming_ids_total	(empty)	(empty)	0.0
1777927616.426834	zeek	counter	zeek_broker_outgoing_ids_total	(empty)	(empty)	0.0
1777927616.426834	zeek	counter	zeek_timers_total	(empty)	(empty)	889.0
1777927616.426834	zeek	counter	zeek_dnsmgr_requests_total	(empty)	(empty)	0.0
1777927616.426834	zeek	counter	zeek_dnsmgr_successful_requests_total	(empty)	(empty)	0.0
1777927616.426834	zeek	counter	zeek_dnsmgr_failed_requests_total	(empty)	(empty)	0.0
1777927616.426834	zeek	counter	zeek_triggers_total	(empty)	(empty)	0.0
1777927616.426834	zeek	counter	zeek_ended_sessions_total	reason	inactivity	9.0
1777927616.426834	zeek	counter	zeek_event_handler_invocations_total	name	connection_state_remove	9.0
1777927616.426834	zeek	counter	zeek_event_handler_invocations_total	name	zeek_init	1.0
1777927616.426834	zeek	counter	zeek_event_handler_invocations_total	name	Telemetry::log	3.0
1777927616.426834	zeek	counter	zeek_event_handler_invocations_total	name	NetControl::init	1.0
1777927616.426834	zeek	counter	zeek_event_handler_invocations_total	name	ChecksumOffloading::check	2.0
1777927616.426834	zeek	counter	zeek_event_handler_invocations_total	name	grab_vulnerable_versions	2.0
1777927616.426834	zeek	counter	zeek_event_handler_invocations_total	name	filter_change_tracking	2.0
1777927616.426834	zeek	counter	zeek_event_handler_invocations_total	name	Broker::log_flush	120.0
1777927616.426834	zeek	counter	zeek_event_handler_invocations_total	name	zeek_script_loaded	538.0
1777927616.426834	zeek	counter	zeek_event_handler_invocations_total	name	new_connection	11.0
1777927616.426834	zeek	counter	zeek_event_handler_invocations_total	name	check_stats	1.0
1777927616.426834	zeek	counter	zeek_event_handler_invocations_total	name	CaptureLoss::take_measurement	2.0
1777927616.426834	zeek	counter	zeek_event_handler_invocations_total	name	net_stats_update	1.0
1777927616.426834	zeek	counter	zeek_event_handler_invocations_total	name	SumStats::finish_epoch	3.0
1777927616.426834	zeek	counter	zeek_total_sessions_total	protocol	unknown	1.0
1777927616.426834	zeek	counter	zeek_total_sessions_total	protocol	icmp	6.0
1777927616.426834	zeek	counter	zeek_total_sessions_total	protocol	udp	4.0
1777927616.426834	zeek	counter	zeek_total_sessions_total	protocol	tcp	0.0
1777927616.426834	zeek	gauge	zeek_version_info	beta,commit,debug,major,minor,patch,version_number,version_string	false,0,false,8,1,2,80102,8.1.2	1.0
1777927616.426834	zeek	gauge	zeek_net_packet_lag_seconds	(empty)	(empty)	0.002712
1777927616.426834	zeek	gauge	zeek_net_timestamp_seconds	(empty)	(empty)	1777927616.426834
1777927616.426834	zeek	gauge	zeek_msgthread_active_threads	(empty)	(empty)	7.0
1777927616.426834	zeek	gauge	zeek_msgthread_pending_in_messages	(empty)	(empty)	0.0
1777927616.426834	zeek	gauge	zeek_msgthread_pending_out_messages	(empty)	(empty)	0.0
1777927616.426834	zeek	gauge	zeek_msgthread_pending_messages_in_buckets	leq	inf	7.0
1777927616.426834	zeek	gauge	zeek_msgthread_pending_messages_in_buckets	leq	10000	7.0
1777927616.426834	zeek	gauge	zeek_msgthread_pending_messages_in_buckets	leq	1000	7.0
1777927616.426834	zeek	gauge	zeek_msgthread_pending_messages_in_buckets	leq	100	7.0
1777927616.426834	zeek	gauge	zeek_msgthread_pending_messages_in_buckets	leq	10	7.0
1777927616.426834	zeek	gauge	zeek_msgthread_pending_messages_in_buckets	leq	1	7.0
1777927616.426834	zeek	gauge	zeek_msgthread_pending_messages_out_buckets	leq	inf	7.0
1777927616.426834	zeek	gauge	zeek_msgthread_pending_messages_out_buckets	leq	10000	7.0
1777927616.426834	zeek	gauge	zeek_msgthread_pending_messages_out_buckets	leq	1000	7.0
1777927616.426834	zeek	gauge	zeek_msgthread_pending_messages_out_buckets	leq	100	7.0
1777927616.426834	zeek	gauge	zeek_msgthread_pending_messages_out_buckets	leq	10	7.0
1777927616.426834	zeek	gauge	zeek_msgthread_pending_messages_out_buckets	leq	1	7.0
1777927616.426834	zeek	gauge	zeek_broker_peers	(empty)	(empty)	0.0
1777927616.426834	zeek	gauge	zeek_broker_stores	(empty)	(empty)	1.0
1777927616.426834	zeek	gauge	zeek_broker_pending_queries	(empty)	(empty)	0.0
1777927616.426834	zeek	gauge	zeek_timers_lag_time_seconds	(empty)	(empty)	0.015313
1777927616.426834	zeek	gauge	zeek_timers_pending	type	LogDelayExpire	0.0
1777927616.426834	zeek	gauge	zeek_timers_pending	type	ThreadHeartbeat	1.0
1777927616.426834	zeek	gauge	zeek_timers_pending	type	TimerMgrExpireTimer	0.0
1777927616.426834	zeek	gauge	zeek_timers_pending	type	ParentProcessIDCheck	0.0
1777927616.426834	zeek	gauge	zeek_timers_pending	type	FragTimer	0.0
1777927616.426834	zeek	gauge	zeek_timers_pending	type	RotateTimer	0.0
1777927616.426834	zeek	gauge	zeek_timers_pending	type	FlowWeirdTimer	0.0
1777927616.426834	zeek	gauge	zeek_timers_pending	type	FileAnalysisInactivityTimer	0.0
1777927616.426834	zeek	gauge	zeek_timers_pending	type	StorageExpire	1.0
1777927616.426834	zeek	gauge	zeek_timers_pending	type	ConnectionInactivityTimer	2.0
1777927616.426834	zeek	gauge	zeek_timers_pending	type	TCPConnectionExpireTimer	0.0
1777927616.426834	zeek	gauge	zeek_timers_pending	type	ConnectionStatusUpdateTimer	0.0
1777927616.426834	zeek	gauge	zeek_timers_pending	type	LogFlushWriteBufferTimer	1.0
1777927616.426834	zeek	gauge	zeek_timers_pending	type	NetWeirdTimer	0.0
1777927616.426834	zeek	gauge	zeek_timers_pending	type	InterconnTimer	0.0
1777927616.426834	zeek	gauge	zeek_timers_pending	type	IPTunnelInactivityTimer	0.0
1777927616.426834	zeek	gauge	zeek_timers_pending	type	DNSExpireTimer	0.0
1777927616.426834	zeek	gauge	zeek_timers_pending	type	UnknownProtocolExpire	0.0
1777927616.426834	zeek	gauge	zeek_timers_pending	type	ProfileTimer	0.0
1777927616.426834	zeek	gauge	zeek_timers_pending	type	ConnectionExpireTimer	0.0
1777927616.426834	zeek	gauge	zeek_timers_pending	type	BreakpointTimer	0.0
1777927616.426834	zeek	gauge	zeek_timers_pending	type	BackdoorTimer	0.0
1777927616.426834	zeek	gauge	zeek_timers_pending	type	NetbiosExpireTimer	0.0
1777927616.426834	zeek	gauge	zeek_timers_pending	type	NetworkTimer	0.0
1777927616.426834	zeek	gauge	zeek_timers_pending	type	RemoveConnection	0.0
1777927616.426834	zeek	gauge	zeek_timers_pending	type	TCPConnectionResetTimer	0.0
1777927616.426834	zeek	gauge	zeek_timers_pending	type	ConnTupleWeirdTimer	0.0
1777927616.426834	zeek	gauge	zeek_timers_pending	type	TCPConnectionDeleteTimer	0.0
1777927616.426834	zeek	gauge	zeek_timers_pending	type	ScheduleTimer	6.0
1777927616.426834	zeek	gauge	zeek_timers_pending	type	NTPExpireTimer	0.0
1777927616.426834	zeek	gauge	zeek_timers_pending	type	RPCExpireTimer	0.0
1777927616.426834	zeek	gauge	zeek_timers_pending	type	ConnectionDeleteTimer	0.0
1777927616.426834	zeek	gauge	zeek_timers_pending	type	TriggerTimer	0.0
1777927616.426834	zeek	gauge	zeek_timers_pending	type	TableValTimer	34.0
1777927616.426834	zeek	gauge	zeek_timers_pending	type	TCPConnectionAttemptTimer	0.0
1777927616.426834	zeek	gauge	zeek_timers_pending	type	TCPConnectionPartialClose	0.0
1777927616.426834	zeek	gauge	zeek_dnsmgr_pending_asyncs_requests	(empty)	(empty)	0.0
1777927616.426834	zeek	gauge	zeek_dnsmgr_cache_entries	type	text	0.0
1777927616.426834	zeek	gauge	zeek_dnsmgr_cache_entries	type	address	0.0
1777927616.426834	zeek	gauge	zeek_dnsmgr_cache_entries	type	host	0.0
1777927616.426834	zeek	gauge	zeek_pending_triggers	(empty)	(empty)	0.0
1777927616.426834	zeek	gauge	zeek_active_sessions	protocol	unknown	0.0
1777927616.426834	zeek	gauge	zeek_active_sessions	protocol	icmp	1.0
1777927616.426834	zeek	gauge	zeek_active_sessions	protocol	udp	1.0
1777927616.426834	zeek	gauge	zeek_active_sessions	protocol	tcp	0.0
1777927676.430325	zeek	counter	process_cpu_user_seconds_total	(empty)	(empty)	1.24
1777927676.430325	zeek	counter	process_cpu_system_seconds_total	(empty)	(empty)	0.59
1777927676.430325	zeek	gauge	process_resident_memory_bytes	(empty)	(empty)	283856896.0
1777927676.430325	zeek	gauge	process_virtual_memory_bytes	(empty)	(empty)	1543380992.0
1777927676.430325	zeek	gauge	process_open_fds	(empty)	(empty)	43.0
1777927676.430325	zeek	gauge	process_start_time_seconds	(empty)	(empty)	1777927495.971219
1777927676.430325	zeek	counter	zeek_log_stream_writes_total	module,stream	Conn,Conn::LOG	10.0
1777927676.430325	zeek	counter	zeek_log_stream_writes_total	module,stream	CaptureLoss,CaptureLoss::LOG	1.0
1777927676.430325	zeek	counter	zeek_log_stream_writes_total	module,stream	Notice,Notice::LOG	1.0
1777927676.430325	zeek	counter	zeek_log_stream_writes_total	module,stream	Stats,Stats::LOG	1.0
1777927676.430325	zeek	counter	zeek_log_stream_writes_total	module,stream	Telemetry,Telemetry::LOG	402.0
1777927676.430325	zeek	counter	zeek_log_stream_writes_total	module,stream	LoadedScripts,LoadedScripts::LOG	538.0
1777927676.430325	zeek	counter	zeek_log_stream_writes_total	module,stream	PacketFilter,PacketFilter::LOG	1.0
1777927676.430325	zeek	counter	zeek_log_writer_writes_total	filter_name,module,path,stream,writer	default,Conn,conn,Conn::LOG,Log::WRITER_ASCII	10.0
1777927676.430325	zeek	counter	zeek_log_writer_writes_total	filter_name,module,path,stream,writer	default,CaptureLoss,capture_loss,CaptureLoss::LOG,Log::WRITER_ASCII	1.0
1777927676.430325	zeek	counter	zeek_log_writer_writes_total	filter_name,module,path,stream,writer	default,Notice,notice,Notice::LOG,Log::WRITER_ASCII	1.0
1777927676.430325	zeek	counter	zeek_log_writer_writes_total	filter_name,module,path,stream,writer	default,Stats,stats,Stats::LOG,Log::WRITER_ASCII	1.0
1777927676.430325	zeek	counter	zeek_log_writer_writes_total	filter_name,module,path,stream,writer	default,Telemetry,telemetry,Telemetry::LOG,Log::WRITER_ASCII	402.0
1777927676.430325	zeek	counter	zeek_log_writer_writes_total	filter_name,module,path,stream,writer	default,LoadedScripts,loaded_scripts,LoadedScripts::LOG,Log::WRITER_ASCII	538.0
1777927676.430325	zeek	counter	zeek_log_writer_writes_total	filter_name,module,path,stream,writer	default,PacketFilter,packet_filter,PacketFilter::LOG,Log::WRITER_ASCII	1.0
1777927676.430325	zeek	counter	zeek_log_writer_discarded_writes_total	filter_name,module,path,stream,writer	default,Conn,conn,Conn::LOG,Log::WRITER_ASCII	0.0
1777927676.430325	zeek	counter	zeek_log_writer_discarded_writes_total	filter_name,module,path,stream,writer	default,CaptureLoss,capture_loss,CaptureLoss::LOG,Log::WRITER_ASCII	0.0
1777927676.430325	zeek	counter	zeek_log_writer_discarded_writes_total	filter_name,module,path,stream,writer	default,Notice,notice,Notice::LOG,Log::WRITER_ASCII	0.0
1777927676.430325	zeek	counter	zeek_log_writer_discarded_writes_total	filter_name,module,path,stream,writer	default,Stats,stats,Stats::LOG,Log::WRITER_ASCII	0.0
1777927676.430325	zeek	counter	zeek_log_writer_discarded_writes_total	filter_name,module,path,stream,writer	default,Telemetry,telemetry,Telemetry::LOG,Log::WRITER_ASCII	0.0
1777927676.430325	zeek	counter	zeek_log_writer_discarded_writes_total	filter_name,module,path,stream,writer	default,LoadedScripts,loaded_scripts,LoadedScripts::LOG,Log::WRITER_ASCII	0.0
1777927676.430325	zeek	counter	zeek_log_writer_discarded_writes_total	filter_name,module,path,stream,writer	default,PacketFilter,packet_filter,PacketFilter::LOG,Log::WRITER_ASCII	0.0
1777927676.430325	zeek	counter	zeek_log_writer_truncated_string_fields_total	filter_name,module,path,stream,writer	default,Conn,conn,Conn::LOG,Log::WRITER_ASCII	0.0
1777927676.430325	zeek	counter	zeek_log_writer_truncated_string_fields_total	filter_name,module,path,stream,writer	default,CaptureLoss,capture_loss,CaptureLoss::LOG,Log::WRITER_ASCII	0.0
1777927676.430325	zeek	counter	zeek_log_writer_truncated_string_fields_total	filter_name,module,path,stream,writer	default,Notice,notice,Notice::LOG,Log::WRITER_ASCII	0.0
1777927676.430325	zeek	counter	zeek_log_writer_truncated_string_fields_total	filter_name,module,path,stream,writer	default,Stats,stats,Stats::LOG,Log::WRITER_ASCII	0.0
1777927676.430325	zeek	counter	zeek_log_writer_truncated_string_fields_total	filter_name,module,path,stream,writer	default,Telemetry,telemetry,Telemetry::LOG,Log::WRITER_ASCII	0.0
1777927676.430325	zeek	counter	zeek_log_writer_truncated_string_fields_total	filter_name,module,path,stream,writer	default,LoadedScripts,loaded_scripts,LoadedScripts::LOG,Log::WRITER_ASCII	0.0
1777927676.430325	zeek	counter	zeek_log_writer_truncated_string_fields_total	filter_name,module,path,stream,writer	default,PacketFilter,packet_filter,PacketFilter::LOG,Log::WRITER_ASCII	0.0
1777927676.430325	zeek	counter	zeek_log_writer_truncated_containers_total	filter_name,module,path,stream,writer	default,Conn,conn,Conn::LOG,Log::WRITER_ASCII	0.0
1777927676.430325	zeek	counter	zeek_log_writer_truncated_containers_total	filter_name,module,path,stream,writer	default,CaptureLoss,capture_loss,CaptureLoss::LOG,Log::WRITER_ASCII	0.0
1777927676.430325	zeek	counter	zeek_log_writer_truncated_containers_total	filter_name,module,path,stream,writer	default,Notice,notice,Notice::LOG,Log::WRITER_ASCII	0.0
1777927676.430325	zeek	counter	zeek_log_writer_truncated_containers_total	filter_name,module,path,stream,writer	default,Stats,stats,Stats::LOG,Log::WRITER_ASCII	0.0
1777927676.430325	zeek	counter	zeek_log_writer_truncated_containers_total	filter_name,module,path,stream,writer	default,Telemetry,telemetry,Telemetry::LOG,Log::WRITER_ASCII	0.0
1777927676.430325	zeek	counter	zeek_log_writer_truncated_containers_total	filter_name,module,path,stream,writer	default,LoadedScripts,loaded_scripts,LoadedScripts::LOG,Log::WRITER_ASCII	0.0
1777927676.430325	zeek	counter	zeek_log_writer_truncated_containers_total	filter_name,module,path,stream,writer	default,PacketFilter,packet_filter,PacketFilter::LOG,Log::WRITER_ASCII	0.0
1777927676.430325	zeek	counter	zeek_net_received_bytes_total	(empty)	(empty)	3056310.0
1777927676.430325	zeek	counter	zeek_net_received_packets_total	(empty)	(empty)	13460.0
1777927676.430325	zeek	counter	zeek_net_dropped_packets_total	(empty)	(empty)	0.0
1777927676.430325	zeek	counter	zeek_net_link_packets_total	(empty)	(empty)	13460.0
1777927676.430325	zeek	counter	zeek_msgthread_threads_total	(empty)	(empty)	7.0
1777927676.430325	zeek	counter	zeek_msgthread_in_messages_total	(empty)	(empty)	20.0
1777927676.430325	zeek	counter	zeek_msgthread_out_messages_total	(empty)	(empty)	0.0
1777927676.430325	zeek	counter	zeek_cluster_core_outgoing_events_total	(empty)	(empty)	0.0
1777927676.430325	zeek	counter	zeek_cluster_core_incoming_events_total	(empty)	(empty)	0.0
1777927676.430325	zeek	counter	zeek_broker_incoming_events_total	(empty)	(empty)	0.0
1777927676.430325	zeek	counter	zeek_broker_outgoing_events_total	(empty)	(empty)	0.0
1777927676.430325	zeek	counter	zeek_broker_incoming_logs_total	(empty)	(empty)	0.0
1777927676.430325	zeek	counter	zeek_broker_outgoing_logs_total	(empty)	(empty)	0.0
1777927676.430325	zeek	counter	zeek_broker_incoming_ids_total	(empty)	(empty)	0.0
1777927676.430325	zeek	counter	zeek_broker_outgoing_ids_total	(empty)	(empty)	0.0
1777927676.430325	zeek	counter	zeek_timers_total	(empty)	(empty)	1280.0
1777927676.430325	zeek	counter	zeek_dnsmgr_requests_total	(empty)	(empty)	0.0
1777927676.430325	zeek	counter	zeek_dnsmgr_successful_requests_total	(empty)	(empty)	0.0
1777927676.430325	zeek	counter	zeek_dnsmgr_failed_requests_total	(empty)	(empty)	0.0
1777927676.430325	zeek	counter	zeek_triggers_total	(empty)	(empty)	0.0
1777927676.430325	zeek	counter	zeek_ended_sessions_total	reason	inactivity	10.0
1777927676.430325	zeek	counter	zeek_event_handler_invocations_total	name	connection_state_remove	10.0
1777927676.430325	zeek	counter	zeek_event_handler_invocations_total	name	zeek_init	1.0
1777927676.430325	zeek	counter	zeek_event_handler_invocations_total	name	Telemetry::log	4.0
1777927676.430325	zeek	counter	zeek_event_handler_invocations_total	name	NetControl::init	1.0
1777927676.430325	zeek	counter	zeek_event_handler_invocations_total	name	ChecksumOffloading::check	2.0
1777927676.430325	zeek	counter	zeek_event_handler_invocations_total	name	grab_vulnerable_versions	2.0
1777927676.430325	zeek	counter	zeek_event_handler_invocations_total	name	filter_change_tracking	2.0
1777927676.430325	zeek	counter	zeek_event_handler_invocations_total	name	Broker::log_flush	179.0
1777927676.430325	zeek	counter	zeek_event_handler_invocations_total	name	zeek_script_loaded	538.0
1777927676.430325	zeek	counter	zeek_event_handler_invocations_total	name	new_connection	13.0
1777927676.430325	zeek	counter	zeek_event_handler_invocations_total	name	check_stats	1.0
1777927676.430325	zeek	counter	zeek_event_handler_invocations_total	name	CaptureLoss::take_measurement	2.0
1777927676.430325	zeek	counter	zeek_event_handler_invocations_total	name	net_stats_update	1.0
1777927676.430325	zeek	counter	zeek_event_handler_invocations_total	name	SumStats::finish_epoch	3.0
1777927676.430325	zeek	counter	zeek_total_sessions_total	protocol	unknown	1.0
1777927676.430325	zeek	counter	zeek_total_sessions_total	protocol	icmp	7.0
1777927676.430325	zeek	counter	zeek_total_sessions_total	protocol	udp	5.0
1777927676.430325	zeek	counter	zeek_total_sessions_total	protocol	tcp	0.0
1777927676.430325	zeek	gauge	zeek_version_info	beta,commit,debug,major,minor,patch,version_number,version_string	false,0,false,8,1,2,80102,8.1.2	1.0
1777927676.430325	zeek	gauge	zeek_net_packet_lag_seconds	(empty)	(empty)	0.002488
1777927676.430325	zeek	gauge	zeek_net_timestamp_seconds	(empty)	(empty)	1777927676.430325
1777927676.430325	zeek	gauge	zeek_msgthread_active_threads	(empty)	(empty)	7.0
1777927676.430325	zeek	gauge	zeek_msgthread_pending_in_messages	(empty)	(empty)	0.0
1777927676.430325	zeek	gauge	zeek_msgthread_pending_out_messages	(empty)	(empty)	0.0
1777927676.430325	zeek	gauge	zeek_msgthread_pending_messages_in_buckets	leq	inf	7.0
1777927676.430325	zeek	gauge	zeek_msgthread_pending_messages_in_buckets	leq	10000	7.0
1777927676.430325	zeek	gauge	zeek_msgthread_pending_messages_in_buckets	leq	1000	7.0
1777927676.430325	zeek	gauge	zeek_msgthread_pending_messages_in_buckets	leq	100	7.0
1777927676.430325	zeek	gauge	zeek_msgthread_pending_messages_in_buckets	leq	10	7.0
1777927676.430325	zeek	gauge	zeek_msgthread_pending_messages_in_buckets	leq	1	7.0
1777927676.430325	zeek	gauge	zeek_msgthread_pending_messages_out_buckets	leq	inf	7.0
1777927676.430325	zeek	gauge	zeek_msgthread_pending_messages_out_buckets	leq	10000	7.0
1777927676.430325	zeek	gauge	zeek_msgthread_pending_messages_out_buckets	leq	1000	7.0
1777927676.430325	zeek	gauge	zeek_msgthread_pending_messages_out_buckets	leq	100	7.0
1777927676.430325	zeek	gauge	zeek_msgthread_pending_messages_out_buckets	leq	10	7.0
1777927676.430325	zeek	gauge	zeek_msgthread_pending_messages_out_buckets	leq	1	7.0
1777927676.430325	zeek	gauge	zeek_broker_peers	(empty)	(empty)	0.0
1777927676.430325	zeek	gauge	zeek_broker_stores	(empty)	(empty)	1.0
1777927676.430325	zeek	gauge	zeek_broker_pending_queries	(empty)	(empty)	0.0
1777927676.430325	zeek	gauge	zeek_timers_lag_time_seconds	(empty)	(empty)	0.001841
1777927676.430325	zeek	gauge	zeek_timers_pending	type	LogDelayExpire	0.0
1777927676.430325	zeek	gauge	zeek_timers_pending	type	ThreadHeartbeat	1.0
1777927676.430325	zeek	gauge	zeek_timers_pending	type	TimerMgrExpireTimer	0.0
1777927676.430325	zeek	gauge	zeek_timers_pending	type	ParentProcessIDCheck	0.0
1777927676.430325	zeek	gauge	zeek_timers_pending	type	FragTimer	0.0
1777927676.430325	zeek	gauge	zeek_timers_pending	type	RotateTimer	0.0
1777927676.430325	zeek	gauge	zeek_timers_pending	type	FlowWeirdTimer	0.0
1777927676.430325	zeek	gauge	zeek_timers_pending	type	FileAnalysisInactivityTimer	0.0
1777927676.430325	zeek	gauge	zeek_timers_pending	type	StorageExpire	1.0
1777927676.430325	zeek	gauge	zeek_timers_pending	type	ConnectionInactivityTimer	3.0
1777927676.430325	zeek	gauge	zeek_timers_pending	type	TCPConnectionExpireTimer	0.0
1777927676.430325	zeek	gauge	zeek_timers_pending	type	ConnectionStatusUpdateTimer	0.0
1777927676.430325	zeek	gauge	zeek_timers_pending	type	LogFlushWriteBufferTimer	1.0
1777927676.430325	zeek	gauge	zeek_timers_pending	type	NetWeirdTimer	0.0
1777927676.430325	zeek	gauge	zeek_timers_pending	type	InterconnTimer	0.0
1777927676.430325	zeek	gauge	zeek_timers_pending	type	IPTunnelInactivityTimer	0.0
1777927676.430325	zeek	gauge	zeek_timers_pending	type	DNSExpireTimer	0.0
1777927676.430325	zeek	gauge	zeek_timers_pending	type	UnknownProtocolExpire	0.0
1777927676.430325	zeek	gauge	zeek_timers_pending	type	ProfileTimer	0.0
1777927676.430325	zeek	gauge	zeek_timers_pending	type	ConnectionExpireTimer	0.0
1777927676.430325	zeek	gauge	zeek_timers_pending	type	BreakpointTimer	0.0
1777927676.430325	zeek	gauge	zeek_timers_pending	type	BackdoorTimer	0.0
1777927676.430325	zeek	gauge	zeek_timers_pending	type	NetbiosExpireTimer	0.0
1777927676.430325	zeek	gauge	zeek_timers_pending	type	NetworkTimer	0.0
1777927676.430325	zeek	gauge	zeek_timers_pending	type	RemoveConnection	0.0
1777927676.430325	zeek	gauge	zeek_timers_pending	type	TCPConnectionResetTimer	0.0
1777927676.430325	zeek	gauge	zeek_timers_pending	type	ConnTupleWeirdTimer	0.0
1777927676.430325	zeek	gauge	zeek_timers_pending	type	TCPConnectionDeleteTimer	0.0
1777927676.430325	zeek	gauge	zeek_timers_pending	type	ScheduleTimer	5.0
1777927676.430325	zeek	gauge	zeek_timers_pending	type	NTPExpireTimer	0.0
1777927676.430325	zeek	gauge	zeek_timers_pending	type	RPCExpireTimer	0.0
1777927676.430325	zeek	gauge	zeek_timers_pending	type	ConnectionDeleteTimer	0.0
1777927676.430325	zeek	gauge	zeek_timers_pending	type	TriggerTimer	0.0
1777927676.430325	zeek	gauge	zeek_timers_pending	type	TableValTimer	34.0
1777927676.430325	zeek	gauge	zeek_timers_pending	type	TCPConnectionAttemptTimer	0.0
1777927676.430325	zeek	gauge	zeek_timers_pending	type	TCPConnectionPartialClose	0.0
1777927676.430325	zeek	gauge	zeek_dnsmgr_pending_asyncs_requests	(empty)	(empty)	0.0
1777927676.430325	zeek	gauge	zeek_dnsmgr_cache_entries	type	text	0.0
1777927676.430325	zeek	gauge	zeek_dnsmgr_cache_entries	type	address	0.0
1777927676.430325	zeek	gauge	zeek_dnsmgr_cache_entries	type	host	0.0
1777927676.430325	zeek	gauge	zeek_pending_triggers	(empty)	(empty)	0.0
1777927676.430325	zeek	gauge	zeek_active_sessions	protocol	unknown	0.0
1777927676.430325	zeek	gauge	zeek_active_sessions	protocol	icmp	1.0
1777927676.430325	zeek	gauge	zeek_active_sessions	protocol	udp	2.0
1777927676.430325	zeek	gauge	zeek_active_sessions	protocol	tcp	0.0
1777927736.433054	zeek	counter	process_cpu_user_seconds_total	(empty)	(empty)	1.7
1777927736.433054	zeek	counter	process_cpu_system_seconds_total	(empty)	(empty)	0.84
1777927736.433054	zeek	gauge	process_resident_memory_bytes	(empty)	(empty)	283856896.0
1777927736.433054	zeek	gauge	process_virtual_memory_bytes	(empty)	(empty)	1543380992.0
1777927736.433054	zeek	gauge	process_open_fds	(empty)	(empty)	43.0
1777927736.433054	zeek	gauge	process_start_time_seconds	(empty)	(empty)	1777927495.971219
1777927736.433054	zeek	counter	zeek_log_stream_writes_total	module,stream	Conn,Conn::LOG	12.0
1777927736.433054	zeek	counter	zeek_log_stream_writes_total	module,stream	CaptureLoss,CaptureLoss::LOG	1.0
1777927736.433054	zeek	counter	zeek_log_stream_writes_total	module,stream	Notice,Notice::LOG	1.0
1777927736.433054	zeek	counter	zeek_log_stream_writes_total	module,stream	Stats,Stats::LOG	1.0
1777927736.433054	zeek	counter	zeek_log_stream_writes_total	module,stream	Telemetry,Telemetry::LOG	549.0
1777927736.433054	zeek	counter	zeek_log_stream_writes_total	module,stream	LoadedScripts,LoadedScripts::LOG	538.0
1777927736.433054	zeek	counter	zeek_log_stream_writes_total	module,stream	PacketFilter,PacketFilter::LOG	1.0
1777927736.433054	zeek	counter	zeek_log_writer_writes_total	filter_name,module,path,stream,writer	default,Conn,conn,Conn::LOG,Log::WRITER_ASCII	12.0
1777927736.433054	zeek	counter	zeek_log_writer_writes_total	filter_name,module,path,stream,writer	default,CaptureLoss,capture_loss,CaptureLoss::LOG,Log::WRITER_ASCII	1.0
1777927736.433054	zeek	counter	zeek_log_writer_writes_total	filter_name,module,path,stream,writer	default,Notice,notice,Notice::LOG,Log::WRITER_ASCII	1.0
1777927736.433054	zeek	counter	zeek_log_writer_writes_total	filter_name,module,path,stream,writer	default,Stats,stats,Stats::LOG,Log::WRITER_ASCII	1.0
1777927736.433054	zeek	counter	zeek_log_writer_writes_total	filter_name,module,path,stream,writer	default,Telemetry,telemetry,Telemetry::LOG,Log::WRITER_ASCII	549.0
1777927736.433054	zeek	counter	zeek_log_writer_writes_total	filter_name,module,path,stream,writer	default,LoadedScripts,loaded_scripts,LoadedScripts::LOG,Log::WRITER_ASCII	538.0
1777927736.433054	zeek	counter	zeek_log_writer_writes_total	filter_name,module,path,stream,writer	default,PacketFilter,packet_filter,PacketFilter::LOG,Log::WRITER_ASCII	1.0
1777927736.433054	zeek	counter	zeek_log_writer_discarded_writes_total	filter_name,module,path,stream,writer	default,Conn,conn,Conn::LOG,Log::WRITER_ASCII	0.0
1777927736.433054	zeek	counter	zeek_log_writer_discarded_writes_total	filter_name,module,path,stream,writer	default,CaptureLoss,capture_loss,CaptureLoss::LOG,Log::WRITER_ASCII	0.0
1777927736.433054	zeek	counter	zeek_log_writer_discarded_writes_total	filter_name,module,path,stream,writer	default,Notice,notice,Notice::LOG,Log::WRITER_ASCII	0.0
1777927736.433054	zeek	counter	zeek_log_writer_discarded_writes_total	filter_name,module,path,stream,writer	default,Stats,stats,Stats::LOG,Log::WRITER_ASCII	0.0
1777927736.433054	zeek	counter	zeek_log_writer_discarded_writes_total	filter_name,module,path,stream,writer	default,Telemetry,telemetry,Telemetry::LOG,Log::WRITER_ASCII	0.0
1777927736.433054	zeek	counter	zeek_log_writer_discarded_writes_total	filter_name,module,path,stream,writer	default,LoadedScripts,loaded_scripts,LoadedScripts::LOG,Log::WRITER_ASCII	0.0
1777927736.433054	zeek	counter	zeek_log_writer_discarded_writes_total	filter_name,module,path,stream,writer	default,PacketFilter,packet_filter,PacketFilter::LOG,Log::WRITER_ASCII	0.0
1777927736.433054	zeek	counter	zeek_log_writer_truncated_string_fields_total	filter_name,module,path,stream,writer	default,Conn,conn,Conn::LOG,Log::WRITER_ASCII	0.0
1777927736.433054	zeek	counter	zeek_log_writer_truncated_string_fields_total	filter_name,module,path,stream,writer	default,CaptureLoss,capture_loss,CaptureLoss::LOG,Log::WRITER_ASCII	0.0
1777927736.433054	zeek	counter	zeek_log_writer_truncated_string_fields_total	filter_name,module,path,stream,writer	default,Notice,notice,Notice::LOG,Log::WRITER_ASCII	0.0
1777927736.433054	zeek	counter	zeek_log_writer_truncated_string_fields_total	filter_name,module,path,stream,writer	default,Stats,stats,Stats::LOG,Log::WRITER_ASCII	0.0
1777927736.433054	zeek	counter	zeek_log_writer_truncated_string_fields_total	filter_name,module,path,stream,writer	default,Telemetry,telemetry,Telemetry::LOG,Log::WRITER_ASCII	0.0
1777927736.433054	zeek	counter	zeek_log_writer_truncated_string_fields_total	filter_name,module,path,stream,writer	default,LoadedScripts,loaded_scripts,LoadedScripts::LOG,Log::WRITER_ASCII	0.0
1777927736.433054	zeek	counter	zeek_log_writer_truncated_string_fields_total	filter_name,module,path,stream,writer	default,PacketFilter,packet_filter,PacketFilter::LOG,Log::WRITER_ASCII	0.0
1777927736.433054	zeek	counter	zeek_log_writer_truncated_containers_total	filter_name,module,path,stream,writer	default,Conn,conn,Conn::LOG,Log::WRITER_ASCII	0.0
1777927736.433054	zeek	counter	zeek_log_writer_truncated_containers_total	filter_name,module,path,stream,writer	default,CaptureLoss,capture_loss,CaptureLoss::LOG,Log::WRITER_ASCII	0.0
1777927736.433054	zeek	counter	zeek_log_writer_truncated_containers_total	filter_name,module,path,stream,writer	default,Notice,notice,Notice::LOG,Log::WRITER_ASCII	0.0
1777927736.433054	zeek	counter	zeek_log_writer_truncated_containers_total	filter_name,module,path,stream,writer	default,Stats,stats,Stats::LOG,Log::WRITER_ASCII	0.0
1777927736.433054	zeek	counter	zeek_log_writer_truncated_containers_total	filter_name,module,path,stream,writer	default,Telemetry,telemetry,Telemetry::LOG,Log::WRITER_ASCII	0.0
1777927736.433054	zeek	counter	zeek_log_writer_truncated_containers_total	filter_name,module,path,stream,writer	default,LoadedScripts,loaded_scripts,LoadedScripts::LOG,Log::WRITER_ASCII	0.0
1777927736.433054	zeek	counter	zeek_log_writer_truncated_containers_total	filter_name,module,path,stream,writer	default,PacketFilter,packet_filter,PacketFilter::LOG,Log::WRITER_ASCII	0.0
1777927736.433054	zeek	counter	zeek_net_received_bytes_total	(empty)	(empty)	4200181.0
1777927736.433054	zeek	counter	zeek_net_received_packets_total	(empty)	(empty)	19309.0
1777927736.433054	zeek	counter	zeek_net_dropped_packets_total	(empty)	(empty)	0.0
1777927736.433054	zeek	counter	zeek_net_link_packets_total	(empty)	(empty)	19310.0
1777927736.433054	zeek	counter	zeek_msgthread_threads_total	(empty)	(empty)	7.0
1777927736.433054	zeek	counter	zeek_msgthread_in_messages_total	(empty)	(empty)	23.0
1777927736.433054	zeek	counter	zeek_msgthread_out_messages_total	(empty)	(empty)	0.0
1777927736.433054	zeek	counter	zeek_cluster_core_outgoing_events_total	(empty)	(empty)	0.0
1777927736.433054	zeek	counter	zeek_cluster_core_incoming_events_total	(empty)	(empty)	0.0
1777927736.433054	zeek	counter	zeek_broker_incoming_events_total	(empty)	(empty)	0.0
1777927736.433054	zeek	counter	zeek_broker_outgoing_events_total	(empty)	(empty)	0.0
1777927736.433054	zeek	counter	zeek_broker_incoming_logs_total	(empty)	(empty)	0.0
1777927736.433054	zeek	counter	zeek_broker_outgoing_logs_total	(empty)	(empty)	0.0
1777927736.433054	zeek	counter	zeek_broker_incoming_ids_total	(empty)	(empty)	0.0
1777927736.433054	zeek	counter	zeek_broker_outgoing_ids_total	(empty)	(empty)	0.0
1777927736.433054	zeek	counter	zeek_timers_total	(empty)	(empty)	1670.0
1777927736.433054	zeek	counter	zeek_dnsmgr_requests_total	(empty)	(empty)	0.0
1777927736.433054	zeek	counter	zeek_dnsmgr_successful_requests_total	(empty)	(empty)	0.0
1777927736.433054	zeek	counter	zeek_dnsmgr_failed_requests_total	(empty)	(empty)	0.0
1777927736.433054	zeek	counter	zeek_triggers_total	(empty)	(empty)	0.0
1777927736.433054	zeek	counter	zeek_ended_sessions_total	reason	inactivity	12.0
1777927736.433054	zeek	counter	zeek_event_handler_invocations_total	name	connection_state_remove	12.0
1777927736.433054	zeek	counter	zeek_event_handler_invocations_total	name	zeek_init	1.0
1777927736.433054	zeek	counter	zeek_event_handler_invocations_total	name	Telemetry::log	5.0
1777927736.433054	zeek	counter	zeek_event_handler_invocations_total	name	NetControl::init	1.0
1777927736.433054	zeek	counter	zeek_event_handler_invocations_total	name	ChecksumOffloading::check	2.0
1777927736.433054	zeek	counter	zeek_event_handler_invocations_total	name	grab_vulnerable_versions	2.0
1777927736.433054	zeek	counter	zeek_event_handler_invocations_total	name	filter_change_tracking	2.0
1777927736.433054	zeek	counter	zeek_event_handler_invocations_total	name	Broker::log_flush	239.0
1777927736.433054	zeek	counter	zeek_event_handler_invocations_total	name	zeek_script_loaded	538.0
1777927736.433054	zeek	counter	zeek_event_handler_invocations_total	name	new_connection	13.0
1777927736.433054	zeek	counter	zeek_event_handler_invocations_total	name	check_stats	1.0
1777927736.433054	zeek	counter	zeek_event_handler_invocations_total	name	CaptureLoss::take_measurement	2.0
1777927736.433054	zeek	counter	zeek_event_handler_invocations_total	name	net_stats_update	1.0
1777927736.433054	zeek	counter	zeek_event_handler_invocations_total	name	SumStats::finish_epoch	3.0
1777927736.433054	zeek	counter	zeek_total_sessions_total	protocol	unknown	1.0
1777927736.433054	zeek	counter	zeek_total_sessions_total	protocol	icmp	7.0
1777927736.433054	zeek	counter	zeek_total_sessions_total	protocol	udp	5.0
1777927736.433054	zeek	counter	zeek_total_sessions_total	protocol	tcp	0.0
1777927736.433054	zeek	gauge	zeek_version_info	beta,commit,debug,major,minor,patch,version_number,version_string	false,0,false,8,1,2,80102,8.1.2	1.0
1777927736.433054	zeek	gauge	zeek_net_packet_lag_seconds	(empty)	(empty)	0.001719
1777927736.433054	zeek	gauge	zeek_net_timestamp_seconds	(empty)	(empty)	1777927736.433054
1777927736.433054	zeek	gauge	zeek_msgthread_active_threads	(empty)	(empty)	7.0
1777927736.433054	zeek	gauge	zeek_msgthread_pending_in_messages	(empty)	(empty)	0.0
1777927736.433054	zeek	gauge	zeek_msgthread_pending_out_messages	(empty)	(empty)	0.0
1777927736.433054	zeek	gauge	zeek_msgthread_pending_messages_in_buckets	leq	inf	7.0
1777927736.433054	zeek	gauge	zeek_msgthread_pending_messages_in_buckets	leq	10000	7.0
1777927736.433054	zeek	gauge	zeek_msgthread_pending_messages_in_buckets	leq	1000	7.0
1777927736.433054	zeek	gauge	zeek_msgthread_pending_messages_in_buckets	leq	100	7.0
1777927736.433054	zeek	gauge	zeek_msgthread_pending_messages_in_buckets	leq	10	7.0
1777927736.433054	zeek	gauge	zeek_msgthread_pending_messages_in_buckets	leq	1	7.0
1777927736.433054	zeek	gauge	zeek_msgthread_pending_messages_out_buckets	leq	inf	7.0
1777927736.433054	zeek	gauge	zeek_msgthread_pending_messages_out_buckets	leq	10000	7.0
1777927736.433054	zeek	gauge	zeek_msgthread_pending_messages_out_buckets	leq	1000	7.0
1777927736.433054	zeek	gauge	zeek_msgthread_pending_messages_out_buckets	leq	100	7.0
1777927736.433054	zeek	gauge	zeek_msgthread_pending_messages_out_buckets	leq	10	7.0
1777927736.433054	zeek	gauge	zeek_msgthread_pending_messages_out_buckets	leq	1	7.0
1777927736.433054	zeek	gauge	zeek_broker_peers	(empty)	(empty)	0.0
1777927736.433054	zeek	gauge	zeek_broker_stores	(empty)	(empty)	1.0
1777927736.433054	zeek	gauge	zeek_broker_pending_queries	(empty)	(empty)	0.0
1777927736.433054	zeek	gauge	zeek_timers_lag_time_seconds	(empty)	(empty)	0.002729
1777927736.433054	zeek	gauge	zeek_timers_pending	type	LogDelayExpire	0.0
1777927736.433054	zeek	gauge	zeek_timers_pending	type	ThreadHeartbeat	1.0
1777927736.433054	zeek	gauge	zeek_timers_pending	type	TimerMgrExpireTimer	0.0
1777927736.433054	zeek	gauge	zeek_timers_pending	type	ParentProcessIDCheck	0.0
1777927736.433054	zeek	gauge	zeek_timers_pending	type	FragTimer	0.0
1777927736.433054	zeek	gauge	zeek_timers_pending	type	RotateTimer	0.0
1777927736.433054	zeek	gauge	zeek_timers_pending	type	FlowWeirdTimer	0.0
1777927736.433054	zeek	gauge	zeek_timers_pending	type	FileAnalysisInactivityTimer	0.0
1777927736.433054	zeek	gauge	zeek_timers_pending	type	StorageExpire	1.0
1777927736.433054	zeek	gauge	zeek_timers_pending	type	ConnectionInactivityTimer	1.0
1777927736.433054	zeek	gauge	zeek_timers_pending	type	TCPConnectionExpireTimer	0.0
1777927736.433054	zeek	gauge	zeek_timers_pending	type	ConnectionStatusUpdateTimer	0.0
1777927736.433054	zeek	gauge	zeek_timers_pending	type	LogFlushWriteBufferTimer	1.0
1777927736.433054	zeek	gauge	zeek_timers_pending	type	NetWeirdTimer	0.0
1777927736.433054	zeek	gauge	zeek_timers_pending	type	InterconnTimer	0.0
1777927736.433054	zeek	gauge	zeek_timers_pending	type	IPTunnelInactivityTimer	0.0
1777927736.433054	zeek	gauge	zeek_timers_pending	type	DNSExpireTimer	0.0
1777927736.433054	zeek	gauge	zeek_timers_pending	type	UnknownProtocolExpire	0.0
1777927736.433054	zeek	gauge	zeek_timers_pending	type	ProfileTimer	0.0
1777927736.433054	zeek	gauge	zeek_timers_pending	type	ConnectionExpireTimer	0.0
1777927736.433054	zeek	gauge	zeek_timers_pending	type	BreakpointTimer	0.0
1777927736.433054	zeek	gauge	zeek_timers_pending	type	BackdoorTimer	0.0
1777927736.433054	zeek	gauge	zeek_timers_pending	type	NetbiosExpireTimer	0.0
1777927736.433054	zeek	gauge	zeek_timers_pending	type	NetworkTimer	0.0
1777927736.433054	zeek	gauge	zeek_timers_pending	type	RemoveConnection	0.0
1777927736.433054	zeek	gauge	zeek_timers_pending	type	TCPConnectionResetTimer	0.0
1777927736.433054	zeek	gauge	zeek_timers_pending	type	ConnTupleWeirdTimer	0.0
1777927736.433054	zeek	gauge	zeek_timers_pending	type	TCPConnectionDeleteTimer	0.0
1777927736.433054	zeek	gauge	zeek_timers_pending	type	ScheduleTimer	7.0
1777927736.433054	zeek	gauge	zeek_timers_pending	type	NTPExpireTimer	0.0
1777927736.433054	zeek	gauge	zeek_timers_pending	type	RPCExpireTimer	0.0
1777927736.433054	zeek	gauge	zeek_timers_pending	type	ConnectionDeleteTimer	0.0
1777927736.433054	zeek	gauge	zeek_timers_pending	type	TriggerTimer	0.0
1777927736.433054	zeek	gauge	zeek_timers_pending	type	TableValTimer	34.0
1777927736.433054	zeek	gauge	zeek_timers_pending	type	TCPConnectionAttemptTimer	0.0
1777927736.433054	zeek	gauge	zeek_timers_pending	type	TCPConnectionPartialClose	0.0
1777927736.433054	zeek	gauge	zeek_dnsmgr_pending_asyncs_requests	(empty)	(empty)	0.0
1777927736.433054	zeek	gauge	zeek_dnsmgr_cache_entries	type	text	0.0
1777927736.433054	zeek	gauge	zeek_dnsmgr_cache_entries	type	address	0.0
1777927736.433054	zeek	gauge	zeek_dnsmgr_cache_entries	type	host	0.0
1777927736.433054	zeek	gauge	zeek_pending_triggers	(empty)	(empty)	0.0
1777927736.433054	zeek	gauge	zeek_active_sessions	protocol	unknown	0.0
1777927736.433054	zeek	gauge	zeek_active_sessions	protocol	icmp	0.0
1777927736.433054	zeek	gauge	zeek_active_sessions	protocol	udp	1.0
1777927736.433054	zeek	gauge	zeek_active_sessions	protocol	tcp	0.0
1777927796.437493	zeek	counter	process_cpu_user_seconds_total	(empty)	(empty)	2.07
1777927796.437493	zeek	counter	process_cpu_system_seconds_total	(empty)	(empty)	1.02
1777927796.437493	zeek	gauge	process_resident_memory_bytes	(empty)	(empty)	283856896.0
1777927796.437493	zeek	gauge	process_virtual_memory_bytes	(empty)	(empty)	1543380992.0
1777927796.437493	zeek	gauge	process_open_fds	(empty)	(empty)	43.0
1777927796.437493	zeek	gauge	process_start_time_seconds	(empty)	(empty)	1777927495.971219
1777927796.437493	zeek	counter	zeek_log_stream_writes_total	module,stream	Conn,Conn::LOG	12.0
1777927796.437493	zeek	counter	zeek_log_stream_writes_total	module,stream	CaptureLoss,CaptureLoss::LOG	1.0
1777927796.437493	zeek	counter	zeek_log_stream_writes_total	module,stream	Notice,Notice::LOG	1.0
1777927796.437493	zeek	counter	zeek_log_stream_writes_total	module,stream	Stats,Stats::LOG	2.0
1777927796.437493	zeek	counter	zeek_log_stream_writes_total	module,stream	Telemetry,Telemetry::LOG	696.0
1777927796.437493	zeek	counter	zeek_log_stream_writes_total	module,stream	LoadedScripts,LoadedScripts::LOG	538.0
1777927796.437493	zeek	counter	zeek_log_stream_writes_total	module,stream	PacketFilter,PacketFilter::LOG	1.0
1777927796.437493	zeek	counter	zeek_log_writer_writes_total	filter_name,module,path,stream,writer	default,Conn,conn,Conn::LOG,Log::WRITER_ASCII	12.0
1777927796.437493	zeek	counter	zeek_log_writer_writes_total	filter_name,module,path,stream,writer	default,CaptureLoss,capture_loss,CaptureLoss::LOG,Log::WRITER_ASCII	1.0
1777927796.437493	zeek	counter	zeek_log_writer_writes_total	filter_name,module,path,stream,writer	default,Notice,notice,Notice::LOG,Log::WRITER_ASCII	1.0
1777927796.437493	zeek	counter	zeek_log_writer_writes_total	filter_name,module,path,stream,writer	default,Stats,stats,Stats::LOG,Log::WRITER_ASCII	2.0
1777927796.437493	zeek	counter	zeek_log_writer_writes_total	filter_name,module,path,stream,writer	default,Telemetry,telemetry,Telemetry::LOG,Log::WRITER_ASCII	696.0
1777927796.437493	zeek	counter	zeek_log_writer_writes_total	filter_name,module,path,stream,writer	default,LoadedScripts,loaded_scripts,LoadedScripts::LOG,Log::WRITER_ASCII	538.0
1777927796.437493	zeek	counter	zeek_log_writer_writes_total	filter_name,module,path,stream,writer	default,PacketFilter,packet_filter,PacketFilter::LOG,Log::WRITER_ASCII	1.0
1777927796.437493	zeek	counter	zeek_log_writer_discarded_writes_total	filter_name,module,path,stream,writer	default,Conn,conn,Conn::LOG,Log::WRITER_ASCII	0.0
1777927796.437493	zeek	counter	zeek_log_writer_discarded_writes_total	filter_name,module,path,stream,writer	default,CaptureLoss,capture_loss,CaptureLoss::LOG,Log::WRITER_ASCII	0.0
1777927796.437493	zeek	counter	zeek_log_writer_discarded_writes_total	filter_name,module,path,stream,writer	default,Notice,notice,Notice::LOG,Log::WRITER_ASCII	0.0
1777927796.437493	zeek	counter	zeek_log_writer_discarded_writes_total	filter_name,module,path,stream,writer	default,Stats,stats,Stats::LOG,Log::WRITER_ASCII	0.0
1777927796.437493	zeek	counter	zeek_log_writer_discarded_writes_total	filter_name,module,path,stream,writer	default,Telemetry,telemetry,Telemetry::LOG,Log::WRITER_ASCII	0.0
1777927796.437493	zeek	counter	zeek_log_writer_discarded_writes_total	filter_name,module,path,stream,writer	default,LoadedScripts,loaded_scripts,LoadedScripts::LOG,Log::WRITER_ASCII	0.0
1777927796.437493	zeek	counter	zeek_log_writer_discarded_writes_total	filter_name,module,path,stream,writer	default,PacketFilter,packet_filter,PacketFilter::LOG,Log::WRITER_ASCII	0.0
1777927796.437493	zeek	counter	zeek_log_writer_truncated_string_fields_total	filter_name,module,path,stream,writer	default,Conn,conn,Conn::LOG,Log::WRITER_ASCII	0.0
1777927796.437493	zeek	counter	zeek_log_writer_truncated_string_fields_total	filter_name,module,path,stream,writer	default,CaptureLoss,capture_loss,CaptureLoss::LOG,Log::WRITER_ASCII	0.0
1777927796.437493	zeek	counter	zeek_log_writer_truncated_string_fields_total	filter_name,module,path,stream,writer	default,Notice,notice,Notice::LOG,Log::WRITER_ASCII	0.0
1777927796.437493	zeek	counter	zeek_log_writer_truncated_string_fields_total	filter_name,module,path,stream,writer	default,Stats,stats,Stats::LOG,Log::WRITER_ASCII	0.0
1777927796.437493	zeek	counter	zeek_log_writer_truncated_string_fields_total	filter_name,module,path,stream,writer	default,Telemetry,telemetry,Telemetry::LOG,Log::WRITER_ASCII	0.0
1777927796.437493	zeek	counter	zeek_log_writer_truncated_string_fields_total	filter_name,module,path,stream,writer	default,LoadedScripts,loaded_scripts,LoadedScripts::LOG,Log::WRITER_ASCII	0.0
1777927796.437493	zeek	counter	zeek_log_writer_truncated_string_fields_total	filter_name,module,path,stream,writer	default,PacketFilter,packet_filter,PacketFilter::LOG,Log::WRITER_ASCII	0.0
1777927796.437493	zeek	counter	zeek_log_writer_truncated_containers_total	filter_name,module,path,stream,writer	default,Conn,conn,Conn::LOG,Log::WRITER_ASCII	0.0
1777927796.437493	zeek	counter	zeek_log_writer_truncated_containers_total	filter_name,module,path,stream,writer	default,CaptureLoss,capture_loss,CaptureLoss::LOG,Log::WRITER_ASCII	0.0
1777927796.437493	zeek	counter	zeek_log_writer_truncated_containers_total	filter_name,module,path,stream,writer	default,Notice,notice,Notice::LOG,Log::WRITER_ASCII	0.0
1777927796.437493	zeek	counter	zeek_log_writer_truncated_containers_total	filter_name,module,path,stream,writer	default,Stats,stats,Stats::LOG,Log::WRITER_ASCII	0.0
1777927796.437493	zeek	counter	zeek_log_writer_truncated_containers_total	filter_name,module,path,stream,writer	default,Telemetry,telemetry,Telemetry::LOG,Log::WRITER_ASCII	0.0
1777927796.437493	zeek	counter	zeek_log_writer_truncated_containers_total	filter_name,module,path,stream,writer	default,LoadedScripts,loaded_scripts,LoadedScripts::LOG,Log::WRITER_ASCII	0.0
1777927796.437493	zeek	counter	zeek_log_writer_truncated_containers_total	filter_name,module,path,stream,writer	default,PacketFilter,packet_filter,PacketFilter::LOG,Log::WRITER_ASCII	0.0
1777927796.437493	zeek	counter	zeek_net_received_bytes_total	(empty)	(empty)	5547694.0
1777927796.437493	zeek	counter	zeek_net_received_packets_total	(empty)	(empty)	25026.0
1777927796.437493	zeek	counter	zeek_net_dropped_packets_total	(empty)	(empty)	0.0
1777927796.437493	zeek	counter	zeek_net_link_packets_total	(empty)	(empty)	25027.0
1777927796.437493	zeek	counter	zeek_msgthread_threads_total	(empty)	(empty)	7.0
1777927796.437493	zeek	counter	zeek_msgthread_in_messages_total	(empty)	(empty)	24.0
1777927796.437493	zeek	counter	zeek_msgthread_out_messages_total	(empty)	(empty)	0.0
1777927796.437493	zeek	counter	zeek_cluster_core_outgoing_events_total	(empty)	(empty)	0.0
1777927796.437493	zeek	counter	zeek_cluster_core_incoming_events_total	(empty)	(empty)	0.0
1777927796.437493	zeek	counter	zeek_broker_incoming_events_total	(empty)	(empty)	0.0
1777927796.437493	zeek	counter	zeek_broker_outgoing_events_total	(empty)	(empty)	0.0
1777927796.437493	zeek	counter	zeek_broker_incoming_logs_total	(empty)	(empty)	0.0
1777927796.437493	zeek	counter	zeek_broker_outgoing_logs_total	(empty)	(empty)	0.0
1777927796.437493	zeek	counter	zeek_broker_incoming_ids_total	(empty)	(empty)	0.0
1777927796.437493	zeek	counter	zeek_broker_outgoing_ids_total	(empty)	(empty)	0.0
1777927796.437493	zeek	counter	zeek_timers_total	(empty)	(empty)	2064.0
1777927796.437493	zeek	counter	zeek_dnsmgr_requests_total	(empty)	(empty)	0.0
1777927796.437493	zeek	counter	zeek_dnsmgr_successful_requests_total	(empty)	(empty)	0.0
1777927796.437493	zeek	counter	zeek_dnsmgr_failed_requests_total	(empty)	(empty)	0.0
1777927796.437493	zeek	counter	zeek_triggers_total	(empty)	(empty)	0.0
1777927796.437493	zeek	counter	zeek_ended_sessions_total	reason	inactivity	12.0
1777927796.437493	zeek	counter	zeek_event_handler_invocations_total	name	connection_state_remove	12.0
1777927796.437493	zeek	counter	zeek_event_handler_invocations_total	name	zeek_init	1.0
1777927796.437493	zeek	counter	zeek_event_handler_invocations_total	name	Telemetry::log	6.0
1777927796.437493	zeek	counter	zeek_event_handler_invocations_total	name	NetControl::init	1.0
1777927796.437493	zeek	counter	zeek_event_handler_invocations_total	name	ChecksumOffloading::check	2.0
1777927796.437493	zeek	counter	zeek_event_handler_invocations_total	name	grab_vulnerable_versions	2.0
1777927796.437493	zeek	counter	zeek_event_handler_invocations_total	name	filter_change_tracking	3.0
1777927796.437493	zeek	counter	zeek_event_handler_invocations_total	name	Broker::log_flush	299.0
1777927796.437493	zeek	counter	zeek_event_handler_invocations_total	name	zeek_script_loaded	538.0
1777927796.437493	zeek	counter	zeek_event_handler_invocations_total	name	new_connection	14.0
1777927796.437493	zeek	counter	zeek_event_handler_invocations_total	name	check_stats	2.0
1777927796.437493	zeek	counter	zeek_event_handler_invocations_total	name	CaptureLoss::take_measurement	2.0
1777927796.437493	zeek	counter	zeek_event_handler_invocations_total	name	net_stats_update	2.0
1777927796.437493	zeek	counter	zeek_event_handler_invocations_total	name	SumStats::finish_epoch	3.0
1777927796.437493	zeek	counter	zeek_total_sessions_total	protocol	unknown	1.0
1777927796.437493	zeek	counter	zeek_total_sessions_total	protocol	icmp	8.0
1777927796.437493	zeek	counter	zeek_total_sessions_total	protocol	udp	5.0
1777927796.437493	zeek	counter	zeek_total_sessions_total	protocol	tcp	0.0
1777927796.437493	zeek	gauge	zeek_version_info	beta,commit,debug,major,minor,patch,version_number,version_string	false,0,false,8,1,2,80102,8.1.2	1.0
1777927796.437493	zeek	gauge	zeek_net_packet_lag_seconds	(empty)	(empty)	0.003407
1777927796.437493	zeek	gauge	zeek_net_timestamp_seconds	(empty)	(empty)	1777927796.437493
1777927796.437493	zeek	gauge	zeek_msgthread_active_threads	(empty)	(empty)	7.0
1777927796.437493	zeek	gauge	zeek_msgthread_pending_in_messages	(empty)	(empty)	0.0
1777927796.437493	zeek	gauge	zeek_msgthread_pending_out_messages	(empty)	(empty)	0.0
1777927796.437493	zeek	gauge	zeek_msgthread_pending_messages_in_buckets	leq	inf	7.0
1777927796.437493	zeek	gauge	zeek_msgthread_pending_messages_in_buckets	leq	10000	7.0
1777927796.437493	zeek	gauge	zeek_msgthread_pending_messages_in_buckets	leq	1000	7.0
1777927796.437493	zeek	gauge	zeek_msgthread_pending_messages_in_buckets	leq	100	7.0
1777927796.437493	zeek	gauge	zeek_msgthread_pending_messages_in_buckets	leq	10	7.0
1777927796.437493	zeek	gauge	zeek_msgthread_pending_messages_in_buckets	leq	1	7.0
1777927796.437493	zeek	gauge	zeek_msgthread_pending_messages_out_buckets	leq	inf	7.0
1777927796.437493	zeek	gauge	zeek_msgthread_pending_messages_out_buckets	leq	10000	7.0
1777927796.437493	zeek	gauge	zeek_msgthread_pending_messages_out_buckets	leq	1000	7.0
1777927796.437493	zeek	gauge	zeek_msgthread_pending_messages_out_buckets	leq	100	7.0
1777927796.437493	zeek	gauge	zeek_msgthread_pending_messages_out_buckets	leq	10	7.0
1777927796.437493	zeek	gauge	zeek_msgthread_pending_messages_out_buckets	leq	1	7.0
1777927796.437493	zeek	gauge	zeek_broker_peers	(empty)	(empty)	0.0
1777927796.437493	zeek	gauge	zeek_broker_stores	(empty)	(empty)	1.0
1777927796.437493	zeek	gauge	zeek_broker_pending_queries	(empty)	(empty)	0.0
1777927796.437493	zeek	gauge	zeek_timers_lag_time_seconds	(empty)	(empty)	0.004439
1777927796.437493	zeek	gauge	zeek_timers_pending	type	LogDelayExpire	0.0
1777927796.437493	zeek	gauge	zeek_timers_pending	type	ThreadHeartbeat	1.0
1777927796.437493	zeek	gauge	zeek_timers_pending	type	TimerMgrExpireTimer	0.0
1777927796.437493	zeek	gauge	zeek_timers_pending	type	ParentProcessIDCheck	0.0
1777927796.437493	zeek	gauge	zeek_timers_pending	type	FragTimer	0.0
1777927796.437493	zeek	gauge	zeek_timers_pending	type	RotateTimer	0.0
1777927796.437493	zeek	gauge	zeek_timers_pending	type	FlowWeirdTimer	0.0
1777927796.437493	zeek	gauge	zeek_timers_pending	type	FileAnalysisInactivityTimer	0.0
1777927796.437493	zeek	gauge	zeek_timers_pending	type	StorageExpire	1.0
1777927796.437493	zeek	gauge	zeek_timers_pending	type	ConnectionInactivityTimer	2.0
1777927796.437493	zeek	gauge	zeek_timers_pending	type	TCPConnectionExpireTimer	0.0
1777927796.437493	zeek	gauge	zeek_timers_pending	type	ConnectionStatusUpdateTimer	0.0
1777927796.437493	zeek	gauge	zeek_timers_pending	type	LogFlushWriteBufferTimer	1.0
1777927796.437493	zeek	gauge	zeek_timers_pending	type	NetWeirdTimer	0.0
1777927796.437493	zeek	gauge	zeek_timers_pending	type	InterconnTimer	0.0
1777927796.437493	zeek	gauge	zeek_timers_pending	type	IPTunnelInactivityTimer	0.0
1777927796.437493	zeek	gauge	zeek_timers_pending	type	DNSExpireTimer	0.0
1777927796.437493	zeek	gauge	zeek_timers_pending	type	UnknownProtocolExpire	0.0
1777927796.437493	zeek	gauge	zeek_timers_pending	type	ProfileTimer	0.0
1777927796.437493	zeek	gauge	zeek_timers_pending	type	ConnectionExpireTimer	0.0
1777927796.437493	zeek	gauge	zeek_timers_pending	type	BreakpointTimer	0.0
1777927796.437493	zeek	gauge	zeek_timers_pending	type	BackdoorTimer	0.0
1777927796.437493	zeek	gauge	zeek_timers_pending	type	NetbiosExpireTimer	0.0
1777927796.437493	zeek	gauge	zeek_timers_pending	type	NetworkTimer	0.0
1777927796.437493	zeek	gauge	zeek_timers_pending	type	RemoveConnection	0.0
1777927796.437493	zeek	gauge	zeek_timers_pending	type	TCPConnectionResetTimer	0.0
1777927796.437493	zeek	gauge	zeek_timers_pending	type	ConnTupleWeirdTimer	0.0
1777927796.437493	zeek	gauge	zeek_timers_pending	type	TCPConnectionDeleteTimer	0.0
1777927796.437493	zeek	gauge	zeek_timers_pending	type	ScheduleTimer	7.0
1777927796.437493	zeek	gauge	zeek_timers_pending	type	NTPExpireTimer	0.0
1777927796.437493	zeek	gauge	zeek_timers_pending	type	RPCExpireTimer	0.0
1777927796.437493	zeek	gauge	zeek_timers_pending	type	ConnectionDeleteTimer	0.0
1777927796.437493	zeek	gauge	zeek_timers_pending	type	TriggerTimer	0.0
1777927796.437493	zeek	gauge	zeek_timers_pending	type	TableValTimer	34.0
1777927796.437493	zeek	gauge	zeek_timers_pending	type	TCPConnectionAttemptTimer	0.0
1777927796.437493	zeek	gauge	zeek_timers_pending	type	TCPConnectionPartialClose	0.0
1777927796.437493	zeek	gauge	zeek_dnsmgr_pending_asyncs_requests	(empty)	(empty)	0.0
1777927796.437493	zeek	gauge	zeek_dnsmgr_cache_entries	type	text	0.0
1777927796.437493	zeek	gauge	zeek_dnsmgr_cache_entries	type	address	0.0
1777927796.437493	zeek	gauge	zeek_dnsmgr_cache_entries	type	host	0.0
1777927796.437493	zeek	gauge	zeek_pending_triggers	(empty)	(empty)	0.0
1777927796.437493	zeek	gauge	zeek_active_sessions	protocol	unknown	0.0
1777927796.437493	zeek	gauge	zeek_active_sessions	protocol	icmp	1.0
1777927796.437493	zeek	gauge	zeek_active_sessions	protocol	udp	1.0
1777927796.437493	zeek	gauge	zeek_active_sessions	protocol	tcp	0.0
1777927856.444807	zeek	counter	process_cpu_user_seconds_total	(empty)	(empty)	2.46
1777927856.444807	zeek	counter	process_cpu_system_seconds_total	(empty)	(empty)	1.23
1777927856.444807	zeek	gauge	process_resident_memory_bytes	(empty)	(empty)	283856896.0
1777927856.444807	zeek	gauge	process_virtual_memory_bytes	(empty)	(empty)	1543380992.0
1777927856.444807	zeek	gauge	process_open_fds	(empty)	(empty)	43.0
1777927856.444807	zeek	gauge	process_start_time_seconds	(empty)	(empty)	1777927495.971219
1777927856.444807	zeek	counter	zeek_log_stream_writes_total	module,stream	Conn,Conn::LOG	13.0
1777927856.444807	zeek	counter	zeek_log_stream_writes_total	module,stream	CaptureLoss,CaptureLoss::LOG	1.0
1777927856.444807	zeek	counter	zeek_log_stream_writes_total	module,stream	Notice,Notice::LOG	1.0
1777927856.444807	zeek	counter	zeek_log_stream_writes_total	module,stream	Stats,Stats::LOG	2.0
1777927856.444807	zeek	counter	zeek_log_stream_writes_total	module,stream	Telemetry,Telemetry::LOG	843.0
1777927856.444807	zeek	counter	zeek_log_stream_writes_total	module,stream	LoadedScripts,LoadedScripts::LOG	538.0
1777927856.444807	zeek	counter	zeek_log_stream_writes_total	module,stream	PacketFilter,PacketFilter::LOG	1.0
1777927856.444807	zeek	counter	zeek_log_writer_writes_total	filter_name,module,path,stream,writer	default,Conn,conn,Conn::LOG,Log::WRITER_ASCII	13.0
1777927856.444807	zeek	counter	zeek_log_writer_writes_total	filter_name,module,path,stream,writer	default,CaptureLoss,capture_loss,CaptureLoss::LOG,Log::WRITER_ASCII	1.0
1777927856.444807	zeek	counter	zeek_log_writer_writes_total	filter_name,module,path,stream,writer	default,Notice,notice,Notice::LOG,Log::WRITER_ASCII	1.0
1777927856.444807	zeek	counter	zeek_log_writer_writes_total	filter_name,module,path,stream,writer	default,Stats,stats,Stats::LOG,Log::WRITER_ASCII	2.0
1777927856.444807	zeek	counter	zeek_log_writer_writes_total	filter_name,module,path,stream,writer	default,Telemetry,telemetry,Telemetry::LOG,Log::WRITER_ASCII	843.0
1777927856.444807	zeek	counter	zeek_log_writer_writes_total	filter_name,module,path,stream,writer	default,LoadedScripts,loaded_scripts,LoadedScripts::LOG,Log::WRITER_ASCII	538.0
1777927856.444807	zeek	counter	zeek_log_writer_writes_total	filter_name,module,path,stream,writer	default,PacketFilter,packet_filter,PacketFilter::LOG,Log::WRITER_ASCII	1.0
1777927856.444807	zeek	counter	zeek_log_writer_discarded_writes_total	filter_name,module,path,stream,writer	default,Conn,conn,Conn::LOG,Log::WRITER_ASCII	0.0
1777927856.444807	zeek	counter	zeek_log_writer_discarded_writes_total	filter_name,module,path,stream,writer	default,CaptureLoss,capture_loss,CaptureLoss::LOG,Log::WRITER_ASCII	0.0
1777927856.444807	zeek	counter	zeek_log_writer_discarded_writes_total	filter_name,module,path,stream,writer	default,Notice,notice,Notice::LOG,Log::WRITER_ASCII	0.0
1777927856.444807	zeek	counter	zeek_log_writer_discarded_writes_total	filter_name,module,path,stream,writer	default,Stats,stats,Stats::LOG,Log::WRITER_ASCII	0.0
1777927856.444807	zeek	counter	zeek_log_writer_discarded_writes_total	filter_name,module,path,stream,writer	default,Telemetry,telemetry,Telemetry::LOG,Log::WRITER_ASCII	0.0
1777927856.444807	zeek	counter	zeek_log_writer_discarded_writes_total	filter_name,module,path,stream,writer	default,LoadedScripts,loaded_scripts,LoadedScripts::LOG,Log::WRITER_ASCII	0.0
1777927856.444807	zeek	counter	zeek_log_writer_discarded_writes_total	filter_name,module,path,stream,writer	default,PacketFilter,packet_filter,PacketFilter::LOG,Log::WRITER_ASCII	0.0
1777927856.444807	zeek	counter	zeek_log_writer_truncated_string_fields_total	filter_name,module,path,stream,writer	default,Conn,conn,Conn::LOG,Log::WRITER_ASCII	0.0
1777927856.444807	zeek	counter	zeek_log_writer_truncated_string_fields_total	filter_name,module,path,stream,writer	default,CaptureLoss,capture_loss,CaptureLoss::LOG,Log::WRITER_ASCII	0.0
1777927856.444807	zeek	counter	zeek_log_writer_truncated_string_fields_total	filter_name,module,path,stream,writer	default,Notice,notice,Notice::LOG,Log::WRITER_ASCII	0.0
1777927856.444807	zeek	counter	zeek_log_writer_truncated_string_fields_total	filter_name,module,path,stream,writer	default,Stats,stats,Stats::LOG,Log::WRITER_ASCII	0.0
1777927856.444807	zeek	counter	zeek_log_writer_truncated_string_fields_total	filter_name,module,path,stream,writer	default,Telemetry,telemetry,Telemetry::LOG,Log::WRITER_ASCII	0.0
1777927856.444807	zeek	counter	zeek_log_writer_truncated_string_fields_total	filter_name,module,path,stream,writer	default,LoadedScripts,loaded_scripts,LoadedScripts::LOG,Log::WRITER_ASCII	0.0
1777927856.444807	zeek	counter	zeek_log_writer_truncated_string_fields_total	filter_name,module,path,stream,writer	default,PacketFilter,packet_filter,PacketFilter::LOG,Log::WRITER_ASCII	0.0
1777927856.444807	zeek	counter	zeek_log_writer_truncated_containers_total	filter_name,module,path,stream,writer	default,Conn,conn,Conn::LOG,Log::WRITER_ASCII	0.0
1777927856.444807	zeek	counter	zeek_log_writer_truncated_containers_total	filter_name,module,path,stream,writer	default,CaptureLoss,capture_loss,CaptureLoss::LOG,Log::WRITER_ASCII	0.0
1777927856.444807	zeek	counter	zeek_log_writer_truncated_containers_total	filter_name,module,path,stream,writer	default,Notice,notice,Notice::LOG,Log::WRITER_ASCII	0.0
1777927856.444807	zeek	counter	zeek_log_writer_truncated_containers_total	filter_name,module,path,stream,writer	default,Stats,stats,Stats::LOG,Log::WRITER_ASCII	0.0
1777927856.444807	zeek	counter	zeek_log_writer_truncated_containers_total	filter_name,module,path,stream,writer	default,Telemetry,telemetry,Telemetry::LOG,Log::WRITER_ASCII	0.0
1777927856.444807	zeek	counter	zeek_log_writer_truncated_containers_total	filter_name,module,path,stream,writer	default,LoadedScripts,loaded_scripts,LoadedScripts::LOG,Log::WRITER_ASCII	0.0
1777927856.444807	zeek	counter	zeek_log_writer_truncated_containers_total	filter_name,module,path,stream,writer	default,PacketFilter,packet_filter,PacketFilter::LOG,Log::WRITER_ASCII	0.0
1777927856.444807	zeek	counter	zeek_net_received_bytes_total	(empty)	(empty)	6915116.0
1777927856.444807	zeek	counter	zeek_net_received_packets_total	(empty)	(empty)	31086.0
1777927856.444807	zeek	counter	zeek_net_dropped_packets_total	(empty)	(empty)	0.0
1777927856.444807	zeek	counter	zeek_net_link_packets_total	(empty)	(empty)	31086.0
1777927856.444807	zeek	counter	zeek_msgthread_threads_total	(empty)	(empty)	7.0
1777927856.444807	zeek	counter	zeek_msgthread_in_messages_total	(empty)	(empty)	27.0
1777927856.444807	zeek	counter	zeek_msgthread_out_messages_total	(empty)	(empty)	0.0
1777927856.444807	zeek	counter	zeek_cluster_core_outgoing_events_total	(empty)	(empty)	0.0
1777927856.444807	zeek	counter	zeek_cluster_core_incoming_events_total	(empty)	(empty)	0.0
1777927856.444807	zeek	counter	zeek_broker_incoming_events_total	(empty)	(empty)	0.0
1777927856.444807	zeek	counter	zeek_broker_outgoing_events_total	(empty)	(empty)	0.0
1777927856.444807	zeek	counter	zeek_broker_incoming_logs_total	(empty)	(empty)	0.0
1777927856.444807	zeek	counter	zeek_broker_outgoing_logs_total	(empty)	(empty)	0.0
1777927856.444807	zeek	counter	zeek_broker_incoming_ids_total	(empty)	(empty)	0.0
1777927856.444807	zeek	counter	zeek_broker_outgoing_ids_total	(empty)	(empty)	0.0
1777927856.444807	zeek	counter	zeek_timers_total	(empty)	(empty)	2451.0
1777927856.444807	zeek	counter	zeek_dnsmgr_requests_total	(empty)	(empty)	0.0
1777927856.444807	zeek	counter	zeek_dnsmgr_successful_requests_total	(empty)	(empty)	0.0
1777927856.444807	zeek	counter	zeek_dnsmgr_failed_requests_total	(empty)	(empty)	0.0
1777927856.444807	zeek	counter	zeek_triggers_total	(empty)	(empty)	0.0
1777927856.444807	zeek	counter	zeek_ended_sessions_total	reason	inactivity	13.0
1777927856.444807	zeek	counter	zeek_event_handler_invocations_total	name	connection_state_remove	13.0
1777927856.444807	zeek	counter	zeek_event_handler_invocations_total	name	zeek_init	1.0
1777927856.444807	zeek	counter	zeek_event_handler_invocations_total	name	Telemetry::log	7.0
1777927856.444807	zeek	counter	zeek_event_handler_invocations_total	name	NetControl::init	1.0
1777927856.444807	zeek	counter	zeek_event_handler_invocations_total	name	ChecksumOffloading::check	2.0
1777927856.444807	zeek	counter	zeek_event_handler_invocations_total	name	grab_vulnerable_versions	2.0
1777927856.444807	zeek	counter	zeek_event_handler_invocations_total	name	filter_change_tracking	3.0
1777927856.444807	zeek	counter	zeek_event_handler_invocations_total	name	Broker::log_flush	358.0
1777927856.444807	zeek	counter	zeek_event_handler_invocations_total	name	zeek_script_loaded	538.0
1777927856.444807	zeek	counter	zeek_event_handler_invocations_total	name	new_connection	14.0
1777927856.444807	zeek	counter	zeek_event_handler_invocations_total	name	check_stats	2.0
1777927856.444807	zeek	counter	zeek_event_handler_invocations_total	name	CaptureLoss::take_measurement	2.0
1777927856.444807	zeek	counter	zeek_event_handler_invocations_total	name	net_stats_update	2.0
1777927856.444807	zeek	counter	zeek_event_handler_invocations_total	name	SumStats::finish_epoch	3.0
1777927856.444807	zeek	counter	zeek_total_sessions_total	protocol	unknown	1.0
1777927856.444807	zeek	counter	zeek_total_sessions_total	protocol	icmp	8.0
1777927856.444807	zeek	counter	zeek_total_sessions_total	protocol	udp	5.0
1777927856.444807	zeek	counter	zeek_total_sessions_total	protocol	tcp	0.0
1777927856.444807	zeek	gauge	zeek_version_info	beta,commit,debug,major,minor,patch,version_number,version_string	false,0,false,8,1,2,80102,8.1.2	1.0
1777927856.444807	zeek	gauge	zeek_net_packet_lag_seconds	(empty)	(empty)	0.002431
1777927856.444807	zeek	gauge	zeek_net_timestamp_seconds	(empty)	(empty)	1777927856.444807
1777927856.444807	zeek	gauge	zeek_msgthread_active_threads	(empty)	(empty)	7.0
1777927856.444807	zeek	gauge	zeek_msgthread_pending_in_messages	(empty)	(empty)	0.0
1777927856.444807	zeek	gauge	zeek_msgthread_pending_out_messages	(empty)	(empty)	0.0
1777927856.444807	zeek	gauge	zeek_msgthread_pending_messages_in_buckets	leq	inf	7.0
1777927856.444807	zeek	gauge	zeek_msgthread_pending_messages_in_buckets	leq	10000	7.0
1777927856.444807	zeek	gauge	zeek_msgthread_pending_messages_in_buckets	leq	1000	7.0
1777927856.444807	zeek	gauge	zeek_msgthread_pending_messages_in_buckets	leq	100	7.0
1777927856.444807	zeek	gauge	zeek_msgthread_pending_messages_in_buckets	leq	10	7.0
1777927856.444807	zeek	gauge	zeek_msgthread_pending_messages_in_buckets	leq	1	7.0
1777927856.444807	zeek	gauge	zeek_msgthread_pending_messages_out_buckets	leq	inf	7.0
1777927856.444807	zeek	gauge	zeek_msgthread_pending_messages_out_buckets	leq	10000	7.0
1777927856.444807	zeek	gauge	zeek_msgthread_pending_messages_out_buckets	leq	1000	7.0
1777927856.444807	zeek	gauge	zeek_msgthread_pending_messages_out_buckets	leq	100	7.0
1777927856.444807	zeek	gauge	zeek_msgthread_pending_messages_out_buckets	leq	10	7.0
1777927856.444807	zeek	gauge	zeek_msgthread_pending_messages_out_buckets	leq	1	7.0
1777927856.444807	zeek	gauge	zeek_broker_peers	(empty)	(empty)	0.0
1777927856.444807	zeek	gauge	zeek_broker_stores	(empty)	(empty)	1.0
1777927856.444807	zeek	gauge	zeek_broker_pending_queries	(empty)	(empty)	0.0
1777927856.444807	zeek	gauge	zeek_timers_lag_time_seconds	(empty)	(empty)	0.007314
1777927856.444807	zeek	gauge	zeek_timers_pending	type	LogDelayExpire	0.0
1777927856.444807	zeek	gauge	zeek_timers_pending	type	ThreadHeartbeat	1.0
1777927856.444807	zeek	gauge	zeek_timers_pending	type	TimerMgrExpireTimer	0.0
1777927856.444807	zeek	gauge	zeek_timers_pending	type	ParentProcessIDCheck	0.0
1777927856.444807	zeek	gauge	zeek_timers_pending	type	FragTimer	0.0
1777927856.444807	zeek	gauge	zeek_timers_pending	type	RotateTimer	0.0
1777927856.444807	zeek	gauge	zeek_timers_pending	type	FlowWeirdTimer	0.0
1777927856.444807	zeek	gauge	zeek_timers_pending	type	FileAnalysisInactivityTimer	0.0
1777927856.444807	zeek	gauge	zeek_timers_pending	type	StorageExpire	1.0
1777927856.444807	zeek	gauge	zeek_timers_pending	type	ConnectionInactivityTimer	1.0
1777927856.444807	zeek	gauge	zeek_timers_pending	type	TCPConnectionExpireTimer	0.0
1777927856.444807	zeek	gauge	zeek_timers_pending	type	ConnectionStatusUpdateTimer	0.0
1777927856.444807	zeek	gauge	zeek_timers_pending	type	LogFlushWriteBufferTimer	1.0
1777927856.444807	zeek	gauge	zeek_timers_pending	type	NetWeirdTimer	0.0
1777927856.444807	zeek	gauge	zeek_timers_pending	type	InterconnTimer	0.0
1777927856.444807	zeek	gauge	zeek_timers_pending	type	IPTunnelInactivityTimer	0.0
1777927856.444807	zeek	gauge	zeek_timers_pending	type	DNSExpireTimer	0.0
1777927856.444807	zeek	gauge	zeek_timers_pending	type	UnknownProtocolExpire	0.0
1777927856.444807	zeek	gauge	zeek_timers_pending	type	ProfileTimer	0.0
1777927856.444807	zeek	gauge	zeek_timers_pending	type	ConnectionExpireTimer	0.0
1777927856.444807	zeek	gauge	zeek_timers_pending	type	BreakpointTimer	0.0
1777927856.444807	zeek	gauge	zeek_timers_pending	type	BackdoorTimer	0.0
1777927856.444807	zeek	gauge	zeek_timers_pending	type	NetbiosExpireTimer	0.0
1777927856.444807	zeek	gauge	zeek_timers_pending	type	NetworkTimer	0.0
1777927856.444807	zeek	gauge	zeek_timers_pending	type	RemoveConnection	0.0
1777927856.444807	zeek	gauge	zeek_timers_pending	type	TCPConnectionResetTimer	0.0
1777927856.444807	zeek	gauge	zeek_timers_pending	type	ConnTupleWeirdTimer	0.0
1777927856.444807	zeek	gauge	zeek_timers_pending	type	TCPConnectionDeleteTimer	0.0
1777927856.444807	zeek	gauge	zeek_timers_pending	type	ScheduleTimer	7.0
1777927856.444807	zeek	gauge	zeek_timers_pending	type	NTPExpireTimer	0.0
1777927856.444807	zeek	gauge	zeek_timers_pending	type	RPCExpireTimer	0.0
1777927856.444807	zeek	gauge	zeek_timers_pending	type	ConnectionDeleteTimer	0.0
1777927856.444807	zeek	gauge	zeek_timers_pending	type	TriggerTimer	0.0
1777927856.444807	zeek	gauge	zeek_timers_pending	type	TableValTimer	34.0
1777927856.444807	zeek	gauge	zeek_timers_pending	type	TCPConnectionAttemptTimer	0.0
1777927856.444807	zeek	gauge	zeek_timers_pending	type	TCPConnectionPartialClose	0.0
1777927856.444807	zeek	gauge	zeek_dnsmgr_pending_asyncs_requests	(empty)	(empty)	0.0
1777927856.444807	zeek	gauge	zeek_dnsmgr_cache_entries	type	text	0.0
1777927856.444807	zeek	gauge	zeek_dnsmgr_cache_entries	type	address	0.0
1777927856.444807	zeek	gauge	zeek_dnsmgr_cache_entries	type	host	0.0
1777927856.444807	zeek	gauge	zeek_pending_triggers	(empty)	(empty)	0.0
1777927856.444807	zeek	gauge	zeek_active_sessions	protocol	unknown	0.0
1777927856.444807	zeek	gauge	zeek_active_sessions	protocol	icmp	0.0
1777927856.444807	zeek	gauge	zeek_active_sessions	protocol	udp	1.0
1777927856.444807	zeek	gauge	zeek_active_sessions	protocol	tcp	0.0
1777927916.464344	zeek	counter	process_cpu_user_seconds_total	(empty)	(empty)	2.83
1777927916.464344	zeek	counter	process_cpu_system_seconds_total	(empty)	(empty)	1.41
1777927916.464344	zeek	gauge	process_resident_memory_bytes	(empty)	(empty)	283856896.0
1777927916.464344	zeek	gauge	process_virtual_memory_bytes	(empty)	(empty)	1543380992.0
1777927916.464344	zeek	gauge	process_open_fds	(empty)	(empty)	43.0
1777927916.464344	zeek	gauge	process_start_time_seconds	(empty)	(empty)	1777927495.971219
1777927916.464344	zeek	counter	zeek_log_stream_writes_total	module,stream	Conn,Conn::LOG	13.0
1777927916.464344	zeek	counter	zeek_log_stream_writes_total	module,stream	CaptureLoss,CaptureLoss::LOG	1.0
1777927916.464344	zeek	counter	zeek_log_stream_writes_total	module,stream	Notice,Notice::LOG	1.0
1777927916.464344	zeek	counter	zeek_log_stream_writes_total	module,stream	Stats,Stats::LOG	2.0
1777927916.464344	zeek	counter	zeek_log_stream_writes_total	module,stream	Telemetry,Telemetry::LOG	990.0
1777927916.464344	zeek	counter	zeek_log_stream_writes_total	module,stream	LoadedScripts,LoadedScripts::LOG	538.0
1777927916.464344	zeek	counter	zeek_log_stream_writes_total	module,stream	PacketFilter,PacketFilter::LOG	1.0
1777927916.464344	zeek	counter	zeek_log_writer_writes_total	filter_name,module,path,stream,writer	default,Conn,conn,Conn::LOG,Log::WRITER_ASCII	13.0
1777927916.464344	zeek	counter	zeek_log_writer_writes_total	filter_name,module,path,stream,writer	default,CaptureLoss,capture_loss,CaptureLoss::LOG,Log::WRITER_ASCII	1.0
1777927916.464344	zeek	counter	zeek_log_writer_writes_total	filter_name,module,path,stream,writer	default,Notice,notice,Notice::LOG,Log::WRITER_ASCII	1.0
1777927916.464344	zeek	counter	zeek_log_writer_writes_total	filter_name,module,path,stream,writer	default,Stats,stats,Stats::LOG,Log::WRITER_ASCII	2.0
1777927916.464344	zeek	counter	zeek_log_writer_writes_total	filter_name,module,path,stream,writer	default,Telemetry,telemetry,Telemetry::LOG,Log::WRITER_ASCII	990.0
1777927916.464344	zeek	counter	zeek_log_writer_writes_total	filter_name,module,path,stream,writer	default,LoadedScripts,loaded_scripts,LoadedScripts::LOG,Log::WRITER_ASCII	538.0
1777927916.464344	zeek	counter	zeek_log_writer_writes_total	filter_name,module,path,stream,writer	default,PacketFilter,packet_filter,PacketFilter::LOG,Log::WRITER_ASCII	1.0
1777927916.464344	zeek	counter	zeek_log_writer_discarded_writes_total	filter_name,module,path,stream,writer	default,Conn,conn,Conn::LOG,Log::WRITER_ASCII	0.0
1777927916.464344	zeek	counter	zeek_log_writer_discarded_writes_total	filter_name,module,path,stream,writer	default,CaptureLoss,capture_loss,CaptureLoss::LOG,Log::WRITER_ASCII	0.0
1777927916.464344	zeek	counter	zeek_log_writer_discarded_writes_total	filter_name,module,path,stream,writer	default,Notice,notice,Notice::LOG,Log::WRITER_ASCII	0.0
1777927916.464344	zeek	counter	zeek_log_writer_discarded_writes_total	filter_name,module,path,stream,writer	default,Stats,stats,Stats::LOG,Log::WRITER_ASCII	0.0
1777927916.464344	zeek	counter	zeek_log_writer_discarded_writes_total	filter_name,module,path,stream,writer	default,Telemetry,telemetry,Telemetry::LOG,Log::WRITER_ASCII	0.0
1777927916.464344	zeek	counter	zeek_log_writer_discarded_writes_total	filter_name,module,path,stream,writer	default,LoadedScripts,loaded_scripts,LoadedScripts::LOG,Log::WRITER_ASCII	0.0
1777927916.464344	zeek	counter	zeek_log_writer_discarded_writes_total	filter_name,module,path,stream,writer	default,PacketFilter,packet_filter,PacketFilter::LOG,Log::WRITER_ASCII	0.0
1777927916.464344	zeek	counter	zeek_log_writer_truncated_string_fields_total	filter_name,module,path,stream,writer	default,Conn,conn,Conn::LOG,Log::WRITER_ASCII	0.0
1777927916.464344	zeek	counter	zeek_log_writer_truncated_string_fields_total	filter_name,module,path,stream,writer	default,CaptureLoss,capture_loss,CaptureLoss::LOG,Log::WRITER_ASCII	0.0
1777927916.464344	zeek	counter	zeek_log_writer_truncated_string_fields_total	filter_name,module,path,stream,writer	default,Notice,notice,Notice::LOG,Log::WRITER_ASCII	0.0
1777927916.464344	zeek	counter	zeek_log_writer_truncated_string_fields_total	filter_name,module,path,stream,writer	default,Stats,stats,Stats::LOG,Log::WRITER_ASCII	0.0
1777927916.464344	zeek	counter	zeek_log_writer_truncated_string_fields_total	filter_name,module,path,stream,writer	default,Telemetry,telemetry,Telemetry::LOG,Log::WRITER_ASCII	0.0
1777927916.464344	zeek	counter	zeek_log_writer_truncated_string_fields_total	filter_name,module,path,stream,writer	default,LoadedScripts,loaded_scripts,LoadedScripts::LOG,Log::WRITER_ASCII	0.0
1777927916.464344	zeek	counter	zeek_log_writer_truncated_string_fields_total	filter_name,module,path,stream,writer	default,PacketFilter,packet_filter,PacketFilter::LOG,Log::WRITER_ASCII	0.0
1777927916.464344	zeek	counter	zeek_log_writer_truncated_containers_total	filter_name,module,path,stream,writer	default,Conn,conn,Conn::LOG,Log::WRITER_ASCII	0.0
1777927916.464344	zeek	counter	zeek_log_writer_truncated_containers_total	filter_name,module,path,stream,writer	default,CaptureLoss,capture_loss,CaptureLoss::LOG,Log::WRITER_ASCII	0.0
1777927916.464344	zeek	counter	zeek_log_writer_truncated_containers_total	filter_name,module,path,stream,writer	default,Notice,notice,Notice::LOG,Log::WRITER_ASCII	0.0
1777927916.464344	zeek	counter	zeek_log_writer_truncated_containers_total	filter_name,module,path,stream,writer	default,Stats,stats,Stats::LOG,Log::WRITER_ASCII	0.0
1777927916.464344	zeek	counter	zeek_log_writer_truncated_containers_total	filter_name,module,path,stream,writer	default,Telemetry,telemetry,Telemetry::LOG,Log::WRITER_ASCII	0.0
1777927916.464344	zeek	counter	zeek_log_writer_truncated_containers_total	filter_name,module,path,stream,writer	default,LoadedScripts,loaded_scripts,LoadedScripts::LOG,Log::WRITER_ASCII	0.0
1777927916.464344	zeek	counter	zeek_log_writer_truncated_containers_total	filter_name,module,path,stream,writer	default,PacketFilter,packet_filter,PacketFilter::LOG,Log::WRITER_ASCII	0.0
1777927916.464344	zeek	counter	zeek_net_received_bytes_total	(empty)	(empty)	8258160.0
1777927916.464344	zeek	counter	zeek_net_received_packets_total	(empty)	(empty)	36872.0
1777927916.464344	zeek	counter	zeek_net_dropped_packets_total	(empty)	(empty)	0.0
1777927916.464344	zeek	counter	zeek_net_link_packets_total	(empty)	(empty)	36872.0
1777927916.464344	zeek	counter	zeek_msgthread_threads_total	(empty)	(empty)	7.0
1777927916.464344	zeek	counter	zeek_msgthread_in_messages_total	(empty)	(empty)	28.0
1777927916.464344	zeek	counter	zeek_msgthread_out_messages_total	(empty)	(empty)	0.0
1777927916.464344	zeek	counter	zeek_cluster_core_outgoing_events_total	(empty)	(empty)	0.0
1777927916.464344	zeek	counter	zeek_cluster_core_incoming_events_total	(empty)	(empty)	0.0
1777927916.464344	zeek	counter	zeek_broker_incoming_events_total	(empty)	(empty)	0.0
1777927916.464344	zeek	counter	zeek_broker_outgoing_events_total	(empty)	(empty)	0.0
1777927916.464344	zeek	counter	zeek_broker_incoming_logs_total	(empty)	(empty)	0.0
1777927916.464344	zeek	counter	zeek_broker_outgoing_logs_total	(empty)	(empty)	0.0
1777927916.464344	zeek	counter	zeek_broker_incoming_ids_total	(empty)	(empty)	0.0
1777927916.464344	zeek	counter	zeek_broker_outgoing_ids_total	(empty)	(empty)	0.0
1777927916.464344	zeek	counter	zeek_timers_total	(empty)	(empty)	2841.0
1777927916.464344	zeek	counter	zeek_dnsmgr_requests_total	(empty)	(empty)	0.0
1777927916.464344	zeek	counter	zeek_dnsmgr_successful_requests_total	(empty)	(empty)	0.0
1777927916.464344	zeek	counter	zeek_dnsmgr_failed_requests_total	(empty)	(empty)	0.0
1777927916.464344	zeek	counter	zeek_triggers_total	(empty)	(empty)	0.0
1777927916.464344	zeek	counter	zeek_ended_sessions_total	reason	inactivity	13.0
1777927916.464344	zeek	counter	zeek_event_handler_invocations_total	name	connection_state_remove	13.0
1777927916.464344	zeek	counter	zeek_event_handler_invocations_total	name	zeek_init	1.0
1777927916.464344	zeek	counter	zeek_event_handler_invocations_total	name	Telemetry::log	8.0
1777927916.464344	zeek	counter	zeek_event_handler_invocations_total	name	NetControl::init	1.0
1777927916.464344	zeek	counter	zeek_event_handler_invocations_total	name	ChecksumOffloading::check	2.0
1777927916.464344	zeek	counter	zeek_event_handler_invocations_total	name	grab_vulnerable_versions	2.0
1777927916.464344	zeek	counter	zeek_event_handler_invocations_total	name	filter_change_tracking	3.0
1777927916.464344	zeek	counter	zeek_event_handler_invocations_total	name	Broker::log_flush	418.0
1777927916.464344	zeek	counter	zeek_event_handler_invocations_total	name	zeek_script_loaded	538.0
1777927916.464344	zeek	counter	zeek_event_handler_invocations_total	name	new_connection	14.0
1777927916.464344	zeek	counter	zeek_event_handler_invocations_total	name	check_stats	2.0
1777927916.464344	zeek	counter	zeek_event_handler_invocations_total	name	CaptureLoss::take_measurement	2.0
1777927916.464344	zeek	counter	zeek_event_handler_invocations_total	name	net_stats_update	2.0
1777927916.464344	zeek	counter	zeek_event_handler_invocations_total	name	SumStats::finish_epoch	3.0
1777927916.464344	zeek	counter	zeek_total_sessions_total	protocol	unknown	1.0
1777927916.464344	zeek	counter	zeek_total_sessions_total	protocol	icmp	8.0
1777927916.464344	zeek	counter	zeek_total_sessions_total	protocol	udp	5.0
1777927916.464344	zeek	counter	zeek_total_sessions_total	protocol	tcp	0.0
1777927916.464344	zeek	gauge	zeek_version_info	beta,commit,debug,major,minor,patch,version_number,version_string	false,0,false,8,1,2,80102,8.1.2	1.0
1777927916.464344	zeek	gauge	zeek_net_packet_lag_seconds	(empty)	(empty)	0.004861
1777927916.464344	zeek	gauge	zeek_net_timestamp_seconds	(empty)	(empty)	1777927916.464344
1777927916.464344	zeek	gauge	zeek_msgthread_active_threads	(empty)	(empty)	7.0
1777927916.464344	zeek	gauge	zeek_msgthread_pending_in_messages	(empty)	(empty)	0.0
1777927916.464344	zeek	gauge	zeek_msgthread_pending_out_messages	(empty)	(empty)	0.0
1777927916.464344	zeek	gauge	zeek_msgthread_pending_messages_in_buckets	leq	inf	7.0
1777927916.464344	zeek	gauge	zeek_msgthread_pending_messages_in_buckets	leq	10000	7.0
1777927916.464344	zeek	gauge	zeek_msgthread_pending_messages_in_buckets	leq	1000	7.0
1777927916.464344	zeek	gauge	zeek_msgthread_pending_messages_in_buckets	leq	100	7.0
1777927916.464344	zeek	gauge	zeek_msgthread_pending_messages_in_buckets	leq	10	7.0
1777927916.464344	zeek	gauge	zeek_msgthread_pending_messages_in_buckets	leq	1	7.0
1777927916.464344	zeek	gauge	zeek_msgthread_pending_messages_out_buckets	leq	inf	7.0
1777927916.464344	zeek	gauge	zeek_msgthread_pending_messages_out_buckets	leq	10000	7.0
1777927916.464344	zeek	gauge	zeek_msgthread_pending_messages_out_buckets	leq	1000	7.0
1777927916.464344	zeek	gauge	zeek_msgthread_pending_messages_out_buckets	leq	100	7.0
1777927916.464344	zeek	gauge	zeek_msgthread_pending_messages_out_buckets	leq	10	7.0
1777927916.464344	zeek	gauge	zeek_msgthread_pending_messages_out_buckets	leq	1	7.0
1777927916.464344	zeek	gauge	zeek_broker_peers	(empty)	(empty)	0.0
1777927916.464344	zeek	gauge	zeek_broker_stores	(empty)	(empty)	1.0
1777927916.464344	zeek	gauge	zeek_broker_pending_queries	(empty)	(empty)	0.0
1777927916.464344	zeek	gauge	zeek_timers_lag_time_seconds	(empty)	(empty)	0.019537
1777927916.464344	zeek	gauge	zeek_timers_pending	type	LogDelayExpire	0.0
1777927916.464344	zeek	gauge	zeek_timers_pending	type	ThreadHeartbeat	1.0
1777927916.464344	zeek	gauge	zeek_timers_pending	type	TimerMgrExpireTimer	0.0
1777927916.464344	zeek	gauge	zeek_timers_pending	type	ParentProcessIDCheck	0.0
1777927916.464344	zeek	gauge	zeek_timers_pending	type	FragTimer	0.0
1777927916.464344	zeek	gauge	zeek_timers_pending	type	RotateTimer	0.0
1777927916.464344	zeek	gauge	zeek_timers_pending	type	FlowWeirdTimer	0.0
1777927916.464344	zeek	gauge	zeek_timers_pending	type	FileAnalysisInactivityTimer	0.0
1777927916.464344	zeek	gauge	zeek_timers_pending	type	StorageExpire	1.0
1777927916.464344	zeek	gauge	zeek_timers_pending	type	ConnectionInactivityTimer	1.0
1777927916.464344	zeek	gauge	zeek_timers_pending	type	TCPConnectionExpireTimer	0.0
1777927916.464344	zeek	gauge	zeek_timers_pending	type	ConnectionStatusUpdateTimer	0.0
1777927916.464344	zeek	gauge	zeek_timers_pending	type	LogFlushWriteBufferTimer	1.0
1777927916.464344	zeek	gauge	zeek_timers_pending	type	NetWeirdTimer	0.0
1777927916.464344	zeek	gauge	zeek_timers_pending	type	InterconnTimer	0.0
1777927916.464344	zeek	gauge	zeek_timers_pending	type	IPTunnelInactivityTimer	0.0
1777927916.464344	zeek	gauge	zeek_timers_pending	type	DNSExpireTimer	0.0
1777927916.464344	zeek	gauge	zeek_timers_pending	type	UnknownProtocolExpire	0.0
1777927916.464344	zeek	gauge	zeek_timers_pending	type	ProfileTimer	0.0
1777927916.464344	zeek	gauge	zeek_timers_pending	type	ConnectionExpireTimer	0.0
1777927916.464344	zeek	gauge	zeek_timers_pending	type	BreakpointTimer	0.0
1777927916.464344	zeek	gauge	zeek_timers_pending	type	BackdoorTimer	0.0
1777927916.464344	zeek	gauge	zeek_timers_pending	type	NetbiosExpireTimer	0.0
1777927916.464344	zeek	gauge	zeek_timers_pending	type	NetworkTimer	0.0
1777927916.464344	zeek	gauge	zeek_timers_pending	type	RemoveConnection	0.0
1777927916.464344	zeek	gauge	zeek_timers_pending	type	TCPConnectionResetTimer	0.0
1777927916.464344	zeek	gauge	zeek_timers_pending	type	ConnTupleWeirdTimer	0.0
1777927916.464344	zeek	gauge	zeek_timers_pending	type	TCPConnectionDeleteTimer	0.0
1777927916.464344	zeek	gauge	zeek_timers_pending	type	ScheduleTimer	7.0
1777927916.464344	zeek	gauge	zeek_timers_pending	type	NTPExpireTimer	0.0
1777927916.464344	zeek	gauge	zeek_timers_pending	type	RPCExpireTimer	0.0
1777927916.464344	zeek	gauge	zeek_timers_pending	type	ConnectionDeleteTimer	0.0
1777927916.464344	zeek	gauge	zeek_timers_pending	type	TriggerTimer	0.0
1777927916.464344	zeek	gauge	zeek_timers_pending	type	TableValTimer	34.0
1777927916.464344	zeek	gauge	zeek_timers_pending	type	TCPConnectionAttemptTimer	0.0
1777927916.464344	zeek	gauge	zeek_timers_pending	type	TCPConnectionPartialClose	0.0
1777927916.464344	zeek	gauge	zeek_dnsmgr_pending_asyncs_requests	(empty)	(empty)	0.0
1777927916.464344	zeek	gauge	zeek_dnsmgr_cache_entries	type	text	0.0
1777927916.464344	zeek	gauge	zeek_dnsmgr_cache_entries	type	address	0.0
1777927916.464344	zeek	gauge	zeek_dnsmgr_cache_entries	type	host	0.0
1777927916.464344	zeek	gauge	zeek_pending_triggers	(empty)	(empty)	0.0
1777927916.464344	zeek	gauge	zeek_active_sessions	protocol	unknown	0.0
1777927916.464344	zeek	gauge	zeek_active_sessions	protocol	icmp	0.0
1777927916.464344	zeek	gauge	zeek_active_sessions	protocol	udp	1.0
1777927916.464344	zeek	gauge	zeek_active_sessions	protocol	tcp	0.0
1777927976.466669	zeek	counter	process_cpu_user_seconds_total	(empty)	(empty)	3.25
1777927976.466669	zeek	counter	process_cpu_system_seconds_total	(empty)	(empty)	1.59
1777927976.466669	zeek	gauge	process_resident_memory_bytes	(empty)	(empty)	283856896.0
1777927976.466669	zeek	gauge	process_virtual_memory_bytes	(empty)	(empty)	1543380992.0
1777927976.466669	zeek	gauge	process_open_fds	(empty)	(empty)	43.0
1777927976.466669	zeek	gauge	process_start_time_seconds	(empty)	(empty)	1777927495.971219
1777927976.466669	zeek	counter	zeek_log_stream_writes_total	module,stream	Conn,Conn::LOG	13.0
1777927976.466669	zeek	counter	zeek_log_stream_writes_total	module,stream	CaptureLoss,CaptureLoss::LOG	1.0
1777927976.466669	zeek	counter	zeek_log_stream_writes_total	module,stream	Notice,Notice::LOG	1.0
1777927976.466669	zeek	counter	zeek_log_stream_writes_total	module,stream	Stats,Stats::LOG	2.0
1777927976.466669	zeek	counter	zeek_log_stream_writes_total	module,stream	Telemetry,Telemetry::LOG	1137.0
1777927976.466669	zeek	counter	zeek_log_stream_writes_total	module,stream	LoadedScripts,LoadedScripts::LOG	538.0
1777927976.466669	zeek	counter	zeek_log_stream_writes_total	module,stream	PacketFilter,PacketFilter::LOG	1.0
1777927976.466669	zeek	counter	zeek_log_writer_writes_total	filter_name,module,path,stream,writer	default,Conn,conn,Conn::LOG,Log::WRITER_ASCII	13.0
1777927976.466669	zeek	counter	zeek_log_writer_writes_total	filter_name,module,path,stream,writer	default,CaptureLoss,capture_loss,CaptureLoss::LOG,Log::WRITER_ASCII	1.0
1777927976.466669	zeek	counter	zeek_log_writer_writes_total	filter_name,module,path,stream,writer	default,Notice,notice,Notice::LOG,Log::WRITER_ASCII	1.0
1777927976.466669	zeek	counter	zeek_log_writer_writes_total	filter_name,module,path,stream,writer	default,Stats,stats,Stats::LOG,Log::WRITER_ASCII	2.0
1777927976.466669	zeek	counter	zeek_log_writer_writes_total	filter_name,module,path,stream,writer	default,Telemetry,telemetry,Telemetry::LOG,Log::WRITER_ASCII	1137.0
1777927976.466669	zeek	counter	zeek_log_writer_writes_total	filter_name,module,path,stream,writer	default,LoadedScripts,loaded_scripts,LoadedScripts::LOG,Log::WRITER_ASCII	538.0
1777927976.466669	zeek	counter	zeek_log_writer_writes_total	filter_name,module,path,stream,writer	default,PacketFilter,packet_filter,PacketFilter::LOG,Log::WRITER_ASCII	1.0
1777927976.466669	zeek	counter	zeek_log_writer_discarded_writes_total	filter_name,module,path,stream,writer	default,Conn,conn,Conn::LOG,Log::WRITER_ASCII	0.0
1777927976.466669	zeek	counter	zeek_log_writer_discarded_writes_total	filter_name,module,path,stream,writer	default,CaptureLoss,capture_loss,CaptureLoss::LOG,Log::WRITER_ASCII	0.0
1777927976.466669	zeek	counter	zeek_log_writer_discarded_writes_total	filter_name,module,path,stream,writer	default,Notice,notice,Notice::LOG,Log::WRITER_ASCII	0.0
1777927976.466669	zeek	counter	zeek_log_writer_discarded_writes_total	filter_name,module,path,stream,writer	default,Stats,stats,Stats::LOG,Log::WRITER_ASCII	0.0
1777927976.466669	zeek	counter	zeek_log_writer_discarded_writes_total	filter_name,module,path,stream,writer	default,Telemetry,telemetry,Telemetry::LOG,Log::WRITER_ASCII	0.0
1777927976.466669	zeek	counter	zeek_log_writer_discarded_writes_total	filter_name,module,path,stream,writer	default,LoadedScripts,loaded_scripts,LoadedScripts::LOG,Log::WRITER_ASCII	0.0
1777927976.466669	zeek	counter	zeek_log_writer_discarded_writes_total	filter_name,module,path,stream,writer	default,PacketFilter,packet_filter,PacketFilter::LOG,Log::WRITER_ASCII	0.0
1777927976.466669	zeek	counter	zeek_log_writer_truncated_string_fields_total	filter_name,module,path,stream,writer	default,Conn,conn,Conn::LOG,Log::WRITER_ASCII	0.0
1777927976.466669	zeek	counter	zeek_log_writer_truncated_string_fields_total	filter_name,module,path,stream,writer	default,CaptureLoss,capture_loss,CaptureLoss::LOG,Log::WRITER_ASCII	0.0
1777927976.466669	zeek	counter	zeek_log_writer_truncated_string_fields_total	filter_name,module,path,stream,writer	default,Notice,notice,Notice::LOG,Log::WRITER_ASCII	0.0
1777927976.466669	zeek	counter	zeek_log_writer_truncated_string_fields_total	filter_name,module,path,stream,writer	default,Stats,stats,Stats::LOG,Log::WRITER_ASCII	0.0
1777927976.466669	zeek	counter	zeek_log_writer_truncated_string_fields_total	filter_name,module,path,stream,writer	default,Telemetry,telemetry,Telemetry::LOG,Log::WRITER_ASCII	0.0
1777927976.466669	zeek	counter	zeek_log_writer_truncated_string_fields_total	filter_name,module,path,stream,writer	default,LoadedScripts,loaded_scripts,LoadedScripts::LOG,Log::WRITER_ASCII	0.0
1777927976.466669	zeek	counter	zeek_log_writer_truncated_string_fields_total	filter_name,module,path,stream,writer	default,PacketFilter,packet_filter,PacketFilter::LOG,Log::WRITER_ASCII	0.0
1777927976.466669	zeek	counter	zeek_log_writer_truncated_containers_total	filter_name,module,path,stream,writer	default,Conn,conn,Conn::LOG,Log::WRITER_ASCII	0.0
1777927976.466669	zeek	counter	zeek_log_writer_truncated_containers_total	filter_name,module,path,stream,writer	default,CaptureLoss,capture_loss,CaptureLoss::LOG,Log::WRITER_ASCII	0.0
1777927976.466669	zeek	counter	zeek_log_writer_truncated_containers_total	filter_name,module,path,stream,writer	default,Notice,notice,Notice::LOG,Log::WRITER_ASCII	0.0
1777927976.466669	zeek	counter	zeek_log_writer_truncated_containers_total	filter_name,module,path,stream,writer	default,Stats,stats,Stats::LOG,Log::WRITER_ASCII	0.0
1777927976.466669	zeek	counter	zeek_log_writer_truncated_containers_total	filter_name,module,path,stream,writer	default,Telemetry,telemetry,Telemetry::LOG,Log::WRITER_ASCII	0.0
1777927976.466669	zeek	counter	zeek_log_writer_truncated_containers_total	filter_name,module,path,stream,writer	default,LoadedScripts,loaded_scripts,LoadedScripts::LOG,Log::WRITER_ASCII	0.0
1777927976.466669	zeek	counter	zeek_log_writer_truncated_containers_total	filter_name,module,path,stream,writer	default,PacketFilter,packet_filter,PacketFilter::LOG,Log::WRITER_ASCII	0.0
1777927976.466669	zeek	counter	zeek_net_received_bytes_total	(empty)	(empty)	9581414.0
1777927976.466669	zeek	counter	zeek_net_received_packets_total	(empty)	(empty)	42785.0
1777927976.466669	zeek	counter	zeek_net_dropped_packets_total	(empty)	(empty)	0.0
1777927976.466669	zeek	counter	zeek_net_link_packets_total	(empty)	(empty)	42785.0
1777927976.466669	zeek	counter	zeek_msgthread_threads_total	(empty)	(empty)	7.0
1777927976.466669	zeek	counter	zeek_msgthread_in_messages_total	(empty)	(empty)	29.0
1777927976.466669	zeek	counter	zeek_msgthread_out_messages_total	(empty)	(empty)	0.0
1777927976.466669	zeek	counter	zeek_cluster_core_outgoing_events_total	(empty)	(empty)	0.0
1777927976.466669	zeek	counter	zeek_cluster_core_incoming_events_total	(empty)	(empty)	0.0
1777927976.466669	zeek	counter	zeek_broker_incoming_events_total	(empty)	(empty)	0.0
1777927976.466669	zeek	counter	zeek_broker_outgoing_events_total	(empty)	(empty)	0.0
1777927976.466669	zeek	counter	zeek_broker_incoming_logs_total	(empty)	(empty)	0.0
1777927976.466669	zeek	counter	zeek_broker_outgoing_logs_total	(empty)	(empty)	0.0
1777927976.466669	zeek	counter	zeek_broker_incoming_ids_total	(empty)	(empty)	0.0
1777927976.466669	zeek	counter	zeek_broker_outgoing_ids_total	(empty)	(empty)	0.0
1777927976.466669	zeek	counter	zeek_timers_total	(empty)	(empty)	3228.0
1777927976.466669	zeek	counter	zeek_dnsmgr_requests_total	(empty)	(empty)	0.0
1777927976.466669	zeek	counter	zeek_dnsmgr_successful_requests_total	(empty)	(empty)	0.0
1777927976.466669	zeek	counter	zeek_dnsmgr_failed_requests_total	(empty)	(empty)	0.0
1777927976.466669	zeek	counter	zeek_triggers_total	(empty)	(empty)	0.0
1777927976.466669	zeek	counter	zeek_ended_sessions_total	reason	inactivity	13.0
1777927976.466669	zeek	counter	zeek_event_handler_invocations_total	name	connection_state_remove	13.0
1777927976.466669	zeek	counter	zeek_event_handler_invocations_total	name	zeek_init	1.0
1777927976.466669	zeek	counter	zeek_event_handler_invocations_total	name	Telemetry::log	9.0
1777927976.466669	zeek	counter	zeek_event_handler_invocations_total	name	NetControl::init	1.0
1777927976.466669	zeek	counter	zeek_event_handler_invocations_total	name	ChecksumOffloading::check	2.0
1777927976.466669	zeek	counter	zeek_event_handler_invocations_total	name	grab_vulnerable_versions	2.0
1777927976.466669	zeek	counter	zeek_event_handler_invocations_total	name	filter_change_tracking	3.0
1777927976.466669	zeek	counter	zeek_event_handler_invocations_total	name	Broker::log_flush	477.0
1777927976.466669	zeek	counter	zeek_event_handler_invocations_total	name	zeek_script_loaded	538.0
1777927976.466669	zeek	counter	zeek_event_handler_invocations_total	name	new_connection	14.0
1777927976.466669	zeek	counter	zeek_event_handler_invocations_total	name	check_stats	2.0
1777927976.466669	zeek	counter	zeek_event_handler_invocations_total	name	CaptureLoss::take_measurement	2.0
1777927976.466669	zeek	counter	zeek_event_handler_invocations_total	name	net_stats_update	2.0
1777927976.466669	zeek	counter	zeek_event_handler_invocations_total	name	SumStats::finish_epoch	3.0
1777927976.466669	zeek	counter	zeek_total_sessions_total	protocol	unknown	1.0
1777927976.466669	zeek	counter	zeek_total_sessions_total	protocol	icmp	8.0
1777927976.466669	zeek	counter	zeek_total_sessions_total	protocol	udp	5.0
1777927976.466669	zeek	counter	zeek_total_sessions_total	protocol	tcp	0.0
1777927976.466669	zeek	gauge	zeek_version_info	beta,commit,debug,major,minor,patch,version_number,version_string	false,0,false,8,1,2,80102,8.1.2	1.0
1777927976.466669	zeek	gauge	zeek_net_packet_lag_seconds	(empty)	(empty)	0.0028
1777927976.466669	zeek	gauge	zeek_net_timestamp_seconds	(empty)	(empty)	1777927976.466669
1777927976.466669	zeek	gauge	zeek_msgthread_active_threads	(empty)	(empty)	7.0
1777927976.466669	zeek	gauge	zeek_msgthread_pending_in_messages	(empty)	(empty)	0.0
1777927976.466669	zeek	gauge	zeek_msgthread_pending_out_messages	(empty)	(empty)	0.0
1777927976.466669	zeek	gauge	zeek_msgthread_pending_messages_in_buckets	leq	inf	7.0
1777927976.466669	zeek	gauge	zeek_msgthread_pending_messages_in_buckets	leq	10000	7.0
1777927976.466669	zeek	gauge	zeek_msgthread_pending_messages_in_buckets	leq	1000	7.0
1777927976.466669	zeek	gauge	zeek_msgthread_pending_messages_in_buckets	leq	100	7.0
1777927976.466669	zeek	gauge	zeek_msgthread_pending_messages_in_buckets	leq	10	7.0
1777927976.466669	zeek	gauge	zeek_msgthread_pending_messages_in_buckets	leq	1	7.0
1777927976.466669	zeek	gauge	zeek_msgthread_pending_messages_out_buckets	leq	inf	7.0
1777927976.466669	zeek	gauge	zeek_msgthread_pending_messages_out_buckets	leq	10000	7.0
1777927976.466669	zeek	gauge	zeek_msgthread_pending_messages_out_buckets	leq	1000	7.0
1777927976.466669	zeek	gauge	zeek_msgthread_pending_messages_out_buckets	leq	100	7.0
1777927976.466669	zeek	gauge	zeek_msgthread_pending_messages_out_buckets	leq	10	7.0
1777927976.466669	zeek	gauge	zeek_msgthread_pending_messages_out_buckets	leq	1	7.0
1777927976.466669	zeek	gauge	zeek_broker_peers	(empty)	(empty)	0.0
1777927976.466669	zeek	gauge	zeek_broker_stores	(empty)	(empty)	1.0
1777927976.466669	zeek	gauge	zeek_broker_pending_queries	(empty)	(empty)	0.0
1777927976.466669	zeek	gauge	zeek_timers_lag_time_seconds	(empty)	(empty)	0.002325
1777927976.466669	zeek	gauge	zeek_timers_pending	type	LogDelayExpire	0.0
1777927976.466669	zeek	gauge	zeek_timers_pending	type	ThreadHeartbeat	1.0
1777927976.466669	zeek	gauge	zeek_timers_pending	type	TimerMgrExpireTimer	0.0
1777927976.466669	zeek	gauge	zeek_timers_pending	type	ParentProcessIDCheck	0.0
1777927976.466669	zeek	gauge	zeek_timers_pending	type	FragTimer	0.0
1777927976.466669	zeek	gauge	zeek_timers_pending	type	RotateTimer	0.0
1777927976.466669	zeek	gauge	zeek_timers_pending	type	FlowWeirdTimer	0.0
1777927976.466669	zeek	gauge	zeek_timers_pending	type	FileAnalysisInactivityTimer	0.0
1777927976.466669	zeek	gauge	zeek_timers_pending	type	StorageExpire	1.0
1777927976.466669	zeek	gauge	zeek_timers_pending	type	ConnectionInactivityTimer	1.0
1777927976.466669	zeek	gauge	zeek_timers_pending	type	TCPConnectionExpireTimer	0.0
1777927976.466669	zeek	gauge	zeek_timers_pending	type	ConnectionStatusUpdateTimer	0.0
1777927976.466669	zeek	gauge	zeek_timers_pending	type	LogFlushWriteBufferTimer	1.0
1777927976.466669	zeek	gauge	zeek_timers_pending	type	NetWeirdTimer	0.0
1777927976.466669	zeek	gauge	zeek_timers_pending	type	InterconnTimer	0.0
1777927976.466669	zeek	gauge	zeek_timers_pending	type	IPTunnelInactivityTimer	0.0
1777927976.466669	zeek	gauge	zeek_timers_pending	type	DNSExpireTimer	0.0
1777927976.466669	zeek	gauge	zeek_timers_pending	type	UnknownProtocolExpire	0.0
1777927976.466669	zeek	gauge	zeek_timers_pending	type	ProfileTimer	0.0
1777927976.466669	zeek	gauge	zeek_timers_pending	type	ConnectionExpireTimer	0.0
1777927976.466669	zeek	gauge	zeek_timers_pending	type	BreakpointTimer	0.0
1777927976.466669	zeek	gauge	zeek_timers_pending	type	BackdoorTimer	0.0
1777927976.466669	zeek	gauge	zeek_timers_pending	type	NetbiosExpireTimer	0.0
1777927976.466669	zeek	gauge	zeek_timers_pending	type	NetworkTimer	0.0
1777927976.466669	zeek	gauge	zeek_timers_pending	type	RemoveConnection	0.0
1777927976.466669	zeek	gauge	zeek_timers_pending	type	TCPConnectionResetTimer	0.0
1777927976.466669	zeek	gauge	zeek_timers_pending	type	ConnTupleWeirdTimer	0.0
1777927976.466669	zeek	gauge	zeek_timers_pending	type	TCPConnectionDeleteTimer	0.0
1777927976.466669	zeek	gauge	zeek_timers_pending	type	ScheduleTimer	7.0
1777927976.466669	zeek	gauge	zeek_timers_pending	type	NTPExpireTimer	0.0
1777927976.466669	zeek	gauge	zeek_timers_pending	type	RPCExpireTimer	0.0
1777927976.466669	zeek	gauge	zeek_timers_pending	type	ConnectionDeleteTimer	0.0
1777927976.466669	zeek	gauge	zeek_timers_pending	type	TriggerTimer	0.0
1777927976.466669	zeek	gauge	zeek_timers_pending	type	TableValTimer	34.0
1777927976.466669	zeek	gauge	zeek_timers_pending	type	TCPConnectionAttemptTimer	0.0
1777927976.466669	zeek	gauge	zeek_timers_pending	type	TCPConnectionPartialClose	0.0
1777927976.466669	zeek	gauge	zeek_dnsmgr_pending_asyncs_requests	(empty)	(empty)	0.0
1777927976.466669	zeek	gauge	zeek_dnsmgr_cache_entries	type	text	0.0
1777927976.466669	zeek	gauge	zeek_dnsmgr_cache_entries	type	address	0.0
1777927976.466669	zeek	gauge	zeek_dnsmgr_cache_entries	type	host	0.0
1777927976.466669	zeek	gauge	zeek_pending_triggers	(empty)	(empty)	0.0
1777927976.466669	zeek	gauge	zeek_active_sessions	protocol	unknown	0.0
1777927976.466669	zeek	gauge	zeek_active_sessions	protocol	icmp	0.0
1777927976.466669	zeek	gauge	zeek_active_sessions	protocol	udp	1.0
1777927976.466669	zeek	gauge	zeek_active_sessions	protocol	tcp	0.0
1777928036.478280	zeek	counter	process_cpu_user_seconds_total	(empty)	(empty)	3.56
1777928036.478280	zeek	counter	process_cpu_system_seconds_total	(empty)	(empty)	1.87
1777928036.478280	zeek	gauge	process_resident_memory_bytes	(empty)	(empty)	283856896.0
1777928036.478280	zeek	gauge	process_virtual_memory_bytes	(empty)	(empty)	1618882560.0
1777928036.478280	zeek	gauge	process_open_fds	(empty)	(empty)	46.0
1777928036.478280	zeek	gauge	process_start_time_seconds	(empty)	(empty)	1777927495.971219
1777928036.478280	zeek	counter	zeek_log_stream_writes_total	module,stream	Known,Known::SERVICES_LOG	2.0
1777928036.478280	zeek	counter	zeek_log_stream_writes_total	module,stream	Conn,Conn::LOG	13.0
1777928036.478280	zeek	counter	zeek_log_stream_writes_total	module,stream	CaptureLoss,CaptureLoss::LOG	1.0
1777928036.478280	zeek	counter	zeek_log_stream_writes_total	module,stream	Notice,Notice::LOG	1.0
1777928036.478280	zeek	counter	zeek_log_stream_writes_total	module,stream	Stats,Stats::LOG	2.0
1777928036.478280	zeek	counter	zeek_log_stream_writes_total	module,stream	Telemetry,Telemetry::LOG	1284.0
1777928036.478280	zeek	counter	zeek_log_stream_writes_total	module,stream	LoadedScripts,LoadedScripts::LOG	538.0
1777928036.478280	zeek	counter	zeek_log_stream_writes_total	module,stream	PacketFilter,PacketFilter::LOG	1.0
1777928036.478280	zeek	counter	zeek_log_writer_writes_total	filter_name,module,path,stream,writer	default,Conn,conn,Conn::LOG,Log::WRITER_ASCII	13.0
1777928036.478280	zeek	counter	zeek_log_writer_writes_total	filter_name,module,path,stream,writer	default,CaptureLoss,capture_loss,CaptureLoss::LOG,Log::WRITER_ASCII	1.0
1777928036.478280	zeek	counter	zeek_log_writer_writes_total	filter_name,module,path,stream,writer	default,Notice,notice,Notice::LOG,Log::WRITER_ASCII	1.0
1777928036.478280	zeek	counter	zeek_log_writer_writes_total	filter_name,module,path,stream,writer	default,Known,known_services,Known::SERVICES_LOG,Log::WRITER_ASCII	2.0
1777928036.478280	zeek	counter	zeek_log_writer_writes_total	filter_name,module,path,stream,writer	default,Stats,stats,Stats::LOG,Log::WRITER_ASCII	2.0
1777928036.478280	zeek	counter	zeek_log_writer_writes_total	filter_name,module,path,stream,writer	default,Telemetry,telemetry,Telemetry::LOG,Log::WRITER_ASCII	1284.0
1777928036.478280	zeek	counter	zeek_log_writer_writes_total	filter_name,module,path,stream,writer	default,LoadedScripts,loaded_scripts,LoadedScripts::LOG,Log::WRITER_ASCII	538.0
1777928036.478280	zeek	counter	zeek_log_writer_writes_total	filter_name,module,path,stream,writer	default,PacketFilter,packet_filter,PacketFilter::LOG,Log::WRITER_ASCII	1.0
1777928036.478280	zeek	counter	zeek_log_writer_discarded_writes_total	filter_name,module,path,stream,writer	default,Conn,conn,Conn::LOG,Log::WRITER_ASCII	0.0
1777928036.478280	zeek	counter	zeek_log_writer_discarded_writes_total	filter_name,module,path,stream,writer	default,CaptureLoss,capture_loss,CaptureLoss::LOG,Log::WRITER_ASCII	0.0
1777928036.478280	zeek	counter	zeek_log_writer_discarded_writes_total	filter_name,module,path,stream,writer	default,Notice,notice,Notice::LOG,Log::WRITER_ASCII	0.0
1777928036.478280	zeek	counter	zeek_log_writer_discarded_writes_total	filter_name,module,path,stream,writer	default,Known,known_services,Known::SERVICES_LOG,Log::WRITER_ASCII	0.0
1777928036.478280	zeek	counter	zeek_log_writer_discarded_writes_total	filter_name,module,path,stream,writer	default,Stats,stats,Stats::LOG,Log::WRITER_ASCII	0.0
1777928036.478280	zeek	counter	zeek_log_writer_discarded_writes_total	filter_name,module,path,stream,writer	default,Telemetry,telemetry,Telemetry::LOG,Log::WRITER_ASCII	0.0
1777928036.478280	zeek	counter	zeek_log_writer_discarded_writes_total	filter_name,module,path,stream,writer	default,LoadedScripts,loaded_scripts,LoadedScripts::LOG,Log::WRITER_ASCII	0.0
1777928036.478280	zeek	counter	zeek_log_writer_discarded_writes_total	filter_name,module,path,stream,writer	default,PacketFilter,packet_filter,PacketFilter::LOG,Log::WRITER_ASCII	0.0
1777928036.478280	zeek	counter	zeek_log_writer_truncated_string_fields_total	filter_name,module,path,stream,writer	default,Conn,conn,Conn::LOG,Log::WRITER_ASCII	0.0
1777928036.478280	zeek	counter	zeek_log_writer_truncated_string_fields_total	filter_name,module,path,stream,writer	default,CaptureLoss,capture_loss,CaptureLoss::LOG,Log::WRITER_ASCII	0.0
1777928036.478280	zeek	counter	zeek_log_writer_truncated_string_fields_total	filter_name,module,path,stream,writer	default,Notice,notice,Notice::LOG,Log::WRITER_ASCII	0.0
1777928036.478280	zeek	counter	zeek_log_writer_truncated_string_fields_total	filter_name,module,path,stream,writer	default,Known,known_services,Known::SERVICES_LOG,Log::WRITER_ASCII	0.0
1777928036.478280	zeek	counter	zeek_log_writer_truncated_string_fields_total	filter_name,module,path,stream,writer	default,Stats,stats,Stats::LOG,Log::WRITER_ASCII	0.0
1777928036.478280	zeek	counter	zeek_log_writer_truncated_string_fields_total	filter_name,module,path,stream,writer	default,Telemetry,telemetry,Telemetry::LOG,Log::WRITER_ASCII	0.0
1777928036.478280	zeek	counter	zeek_log_writer_truncated_string_fields_total	filter_name,module,path,stream,writer	default,LoadedScripts,loaded_scripts,LoadedScripts::LOG,Log::WRITER_ASCII	0.0
1777928036.478280	zeek	counter	zeek_log_writer_truncated_string_fields_total	filter_name,module,path,stream,writer	default,PacketFilter,packet_filter,PacketFilter::LOG,Log::WRITER_ASCII	0.0
1777928036.478280	zeek	counter	zeek_log_writer_truncated_containers_total	filter_name,module,path,stream,writer	default,Conn,conn,Conn::LOG,Log::WRITER_ASCII	0.0
1777928036.478280	zeek	counter	zeek_log_writer_truncated_containers_total	filter_name,module,path,stream,writer	default,CaptureLoss,capture_loss,CaptureLoss::LOG,Log::WRITER_ASCII	0.0
1777928036.478280	zeek	counter	zeek_log_writer_truncated_containers_total	filter_name,module,path,stream,writer	default,Notice,notice,Notice::LOG,Log::WRITER_ASCII	0.0
1777928036.478280	zeek	counter	zeek_log_writer_truncated_containers_total	filter_name,module,path,stream,writer	default,Known,known_services,Known::SERVICES_LOG,Log::WRITER_ASCII	0.0
1777928036.478280	zeek	counter	zeek_log_writer_truncated_containers_total	filter_name,module,path,stream,writer	default,Stats,stats,Stats::LOG,Log::WRITER_ASCII	0.0
1777928036.478280	zeek	counter	zeek_log_writer_truncated_containers_total	filter_name,module,path,stream,writer	default,Telemetry,telemetry,Telemetry::LOG,Log::WRITER_ASCII	0.0
1777928036.478280	zeek	counter	zeek_log_writer_truncated_containers_total	filter_name,module,path,stream,writer	default,LoadedScripts,loaded_scripts,LoadedScripts::LOG,Log::WRITER_ASCII	0.0
1777928036.478280	zeek	counter	zeek_log_writer_truncated_containers_total	filter_name,module,path,stream,writer	default,PacketFilter,packet_filter,PacketFilter::LOG,Log::WRITER_ASCII	0.0
1777928036.478280	zeek	counter	zeek_net_received_bytes_total	(empty)	(empty)	10920034.0
1777928036.478280	zeek	counter	zeek_net_received_packets_total	(empty)	(empty)	49060.0
1777928036.478280	zeek	counter	zeek_net_dropped_packets_total	(empty)	(empty)	0.0
1777928036.478280	zeek	counter	zeek_net_link_packets_total	(empty)	(empty)	49060.0
1777928036.478280	zeek	counter	zeek_msgthread_threads_total	(empty)	(empty)	8.0
1777928036.478280	zeek	counter	zeek_msgthread_in_messages_total	(empty)	(empty)	33.0
1777928036.478280	zeek	counter	zeek_msgthread_out_messages_total	(empty)	(empty)	0.0
1777928036.478280	zeek	counter	zeek_cluster_core_outgoing_events_total	(empty)	(empty)	0.0
1777928036.478280	zeek	counter	zeek_cluster_core_incoming_events_total	(empty)	(empty)	0.0
1777928036.478280	zeek	counter	zeek_broker_incoming_events_total	(empty)	(empty)	0.0
1777928036.478280	zeek	counter	zeek_broker_outgoing_events_total	(empty)	(empty)	0.0
1777928036.478280	zeek	counter	zeek_broker_incoming_logs_total	(empty)	(empty)	0.0
1777928036.478280	zeek	counter	zeek_broker_outgoing_logs_total	(empty)	(empty)	0.0
1777928036.478280	zeek	counter	zeek_broker_incoming_ids_total	(empty)	(empty)	0.0
1777928036.478280	zeek	counter	zeek_broker_outgoing_ids_total	(empty)	(empty)	0.0
1777928036.478280	zeek	counter	zeek_timers_total	(empty)	(empty)	3619.0
1777928036.478280	zeek	counter	zeek_dnsmgr_requests_total	(empty)	(empty)	0.0
1777928036.478280	zeek	counter	zeek_dnsmgr_successful_requests_total	(empty)	(empty)	0.0
1777928036.478280	zeek	counter	zeek_dnsmgr_failed_requests_total	(empty)	(empty)	0.0
1777928036.478280	zeek	counter	zeek_triggers_total	(empty)	(empty)	0.0
1777928036.478280	zeek	counter	zeek_ended_sessions_total	reason	inactivity	13.0
1777928036.478280	zeek	counter	zeek_event_handler_invocations_total	name	connection_state_remove	13.0
1777928036.478280	zeek	counter	zeek_event_handler_invocations_total	name	zeek_init	1.0
1777928036.478280	zeek	counter	zeek_event_handler_invocations_total	name	Telemetry::log	10.0
1777928036.478280	zeek	counter	zeek_event_handler_invocations_total	name	NetControl::init	1.0
1777928036.478280	zeek	counter	zeek_event_handler_invocations_total	name	ChecksumOffloading::check	2.0
1777928036.478280	zeek	counter	zeek_event_handler_invocations_total	name	grab_vulnerable_versions	2.0
1777928036.478280	zeek	counter	zeek_event_handler_invocations_total	name	filter_change_tracking	3.0
1777928036.478280	zeek	counter	zeek_event_handler_invocations_total	name	Broker::log_flush	537.0
1777928036.478280	zeek	counter	zeek_event_handler_invocations_total	name	known_service_add	2.0
1777928036.478280	zeek	counter	zeek_event_handler_invocations_total	name	zeek_script_loaded	538.0
1777928036.478280	zeek	counter	zeek_event_handler_invocations_total	name	new_connection	15.0
1777928036.478280	zeek	counter	zeek_event_handler_invocations_total	name	check_stats	2.0
1777928036.478280	zeek	counter	zeek_event_handler_invocations_total	name	CaptureLoss::take_measurement	2.0
1777928036.478280	zeek	counter	zeek_event_handler_invocations_total	name	net_stats_update	2.0
1777928036.478280	zeek	counter	zeek_event_handler_invocations_total	name	service_info_commit	2.0
1777928036.478280	zeek	counter	zeek_event_handler_invocations_total	name	analyzer_confirmation_info	1.0
1777928036.478280	zeek	counter	zeek_event_handler_invocations_total	name	SumStats::finish_epoch	3.0
1777928036.478280	zeek	counter	zeek_total_sessions_total	protocol	unknown	1.0
1777928036.478280	zeek	counter	zeek_total_sessions_total	protocol	icmp	9.0
1777928036.478280	zeek	counter	zeek_total_sessions_total	protocol	udp	5.0
1777928036.478280	zeek	counter	zeek_total_sessions_total	protocol	tcp	0.0
1777928036.478280	zeek	gauge	zeek_version_info	beta,commit,debug,major,minor,patch,version_number,version_string	false,0,false,8,1,2,80102,8.1.2	1.0
1777928036.478280	zeek	gauge	zeek_net_packet_lag_seconds	(empty)	(empty)	0.002017
1777928036.478280	zeek	gauge	zeek_net_timestamp_seconds	(empty)	(empty)	1777928036.47828
1777928036.478280	zeek	gauge	zeek_msgthread_active_threads	(empty)	(empty)	8.0
1777928036.478280	zeek	gauge	zeek_msgthread_pending_in_messages	(empty)	(empty)	0.0
1777928036.478280	zeek	gauge	zeek_msgthread_pending_out_messages	(empty)	(empty)	0.0
1777928036.478280	zeek	gauge	zeek_msgthread_pending_messages_in_buckets	leq	inf	8.0
1777928036.478280	zeek	gauge	zeek_msgthread_pending_messages_in_buckets	leq	10000	8.0
1777928036.478280	zeek	gauge	zeek_msgthread_pending_messages_in_buckets	leq	1000	8.0
1777928036.478280	zeek	gauge	zeek_msgthread_pending_messages_in_buckets	leq	100	8.0
1777928036.478280	zeek	gauge	zeek_msgthread_pending_messages_in_buckets	leq	10	8.0
1777928036.478280	zeek	gauge	zeek_msgthread_pending_messages_in_buckets	leq	1	8.0
1777928036.478280	zeek	gauge	zeek_msgthread_pending_messages_out_buckets	leq	inf	8.0
1777928036.478280	zeek	gauge	zeek_msgthread_pending_messages_out_buckets	leq	10000	8.0
1777928036.478280	zeek	gauge	zeek_msgthread_pending_messages_out_buckets	leq	1000	8.0
1777928036.478280	zeek	gauge	zeek_msgthread_pending_messages_out_buckets	leq	100	8.0
1777928036.478280	zeek	gauge	zeek_msgthread_pending_messages_out_buckets	leq	10	8.0
1777928036.478280	zeek	gauge	zeek_msgthread_pending_messages_out_buckets	leq	1	8.0
1777928036.478280	zeek	gauge	zeek_broker_peers	(empty)	(empty)	0.0
1777928036.478280	zeek	gauge	zeek_broker_stores	(empty)	(empty)	1.0
1777928036.478280	zeek	gauge	zeek_broker_pending_queries	(empty)	(empty)	0.0
1777928036.478280	zeek	gauge	zeek_timers_lag_time_seconds	(empty)	(empty)	0.011611
1777928036.478280	zeek	gauge	zeek_timers_pending	type	LogDelayExpire	0.0
1777928036.478280	zeek	gauge	zeek_timers_pending	type	ThreadHeartbeat	1.0
1777928036.478280	zeek	gauge	zeek_timers_pending	type	TimerMgrExpireTimer	0.0
1777928036.478280	zeek	gauge	zeek_timers_pending	type	ParentProcessIDCheck	0.0
1777928036.478280	zeek	gauge	zeek_timers_pending	type	FragTimer	0.0
1777928036.478280	zeek	gauge	zeek_timers_pending	type	RotateTimer	0.0
1777928036.478280	zeek	gauge	zeek_timers_pending	type	FlowWeirdTimer	0.0
1777928036.478280	zeek	gauge	zeek_timers_pending	type	FileAnalysisInactivityTimer	0.0
1777928036.478280	zeek	gauge	zeek_timers_pending	type	StorageExpire	1.0
1777928036.478280	zeek	gauge	zeek_timers_pending	type	ConnectionInactivityTimer	2.0
1777928036.478280	zeek	gauge	zeek_timers_pending	type	TCPConnectionExpireTimer	0.0
1777928036.478280	zeek	gauge	zeek_timers_pending	type	ConnectionStatusUpdateTimer	0.0
1777928036.478280	zeek	gauge	zeek_timers_pending	type	LogFlushWriteBufferTimer	1.0
1777928036.478280	zeek	gauge	zeek_timers_pending	type	NetWeirdTimer	0.0
1777928036.478280	zeek	gauge	zeek_timers_pending	type	InterconnTimer	0.0
1777928036.478280	zeek	gauge	zeek_timers_pending	type	IPTunnelInactivityTimer	0.0
1777928036.478280	zeek	gauge	zeek_timers_pending	type	DNSExpireTimer	0.0
1777928036.478280	zeek	gauge	zeek_timers_pending	type	UnknownProtocolExpire	0.0
1777928036.478280	zeek	gauge	zeek_timers_pending	type	ProfileTimer	0.0
1777928036.478280	zeek	gauge	zeek_timers_pending	type	ConnectionExpireTimer	0.0
1777928036.478280	zeek	gauge	zeek_timers_pending	type	BreakpointTimer	0.0
1777928036.478280	zeek	gauge	zeek_timers_pending	type	BackdoorTimer	0.0
1777928036.478280	zeek	gauge	zeek_timers_pending	type	NetbiosExpireTimer	0.0
1777928036.478280	zeek	gauge	zeek_timers_pending	type	NetworkTimer	0.0
1777928036.478280	zeek	gauge	zeek_timers_pending	type	RemoveConnection	0.0
1777928036.478280	zeek	gauge	zeek_timers_pending	type	TCPConnectionResetTimer	0.0
1777928036.478280	zeek	gauge	zeek_timers_pending	type	ConnTupleWeirdTimer	0.0
1777928036.478280	zeek	gauge	zeek_timers_pending	type	TCPConnectionDeleteTimer	0.0
1777928036.478280	zeek	gauge	zeek_timers_pending	type	ScheduleTimer	6.0
1777928036.478280	zeek	gauge	zeek_timers_pending	type	NTPExpireTimer	0.0
1777928036.478280	zeek	gauge	zeek_timers_pending	type	RPCExpireTimer	0.0
1777928036.478280	zeek	gauge	zeek_timers_pending	type	ConnectionDeleteTimer	0.0
1777928036.478280	zeek	gauge	zeek_timers_pending	type	TriggerTimer	0.0
1777928036.478280	zeek	gauge	zeek_timers_pending	type	TableValTimer	34.0
1777928036.478280	zeek	gauge	zeek_timers_pending	type	TCPConnectionAttemptTimer	0.0
1777928036.478280	zeek	gauge	zeek_timers_pending	type	TCPConnectionPartialClose	0.0
1777928036.478280	zeek	gauge	zeek_dnsmgr_pending_asyncs_requests	(empty)	(empty)	0.0
1777928036.478280	zeek	gauge	zeek_dnsmgr_cache_entries	type	text	0.0
1777928036.478280	zeek	gauge	zeek_dnsmgr_cache_entries	type	address	0.0
1777928036.478280	zeek	gauge	zeek_dnsmgr_cache_entries	type	host	0.0
1777928036.478280	zeek	gauge	zeek_pending_triggers	(empty)	(empty)	0.0
1777928036.478280	zeek	gauge	zeek_active_sessions	protocol	unknown	0.0
1777928036.478280	zeek	gauge	zeek_active_sessions	protocol	icmp	1.0
1777928036.478280	zeek	gauge	zeek_active_sessions	protocol	udp	1.0
1777928036.478280	zeek	gauge	zeek_active_sessions	protocol	tcp	0.0
1777928096.486488	zeek	counter	process_cpu_user_seconds_total	(empty)	(empty)	3.93
1777928096.486488	zeek	counter	process_cpu_system_seconds_total	(empty)	(empty)	2.06
1777928096.486488	zeek	gauge	process_resident_memory_bytes	(empty)	(empty)	283987968.0
1777928096.486488	zeek	gauge	process_virtual_memory_bytes	(empty)	(empty)	1694384128.0
1777928096.486488	zeek	gauge	process_open_fds	(empty)	(empty)	49.0
1777928096.486488	zeek	gauge	process_start_time_seconds	(empty)	(empty)	1777927495.971219
1777928096.486488	zeek	counter	zeek_log_stream_writes_total	module,stream	Known,Known::SERVICES_LOG	2.0
1777928096.486488	zeek	counter	zeek_log_stream_writes_total	module,stream	Conn,Conn::LOG	14.0
1777928096.486488	zeek	counter	zeek_log_stream_writes_total	module,stream	CaptureLoss,CaptureLoss::LOG	1.0
1777928096.486488	zeek	counter	zeek_log_stream_writes_total	module,stream	Notice,Notice::LOG	1.0
1777928096.486488	zeek	counter	zeek_log_stream_writes_total	module,stream	Stats,Stats::LOG	3.0
1777928096.486488	zeek	counter	zeek_log_stream_writes_total	module,stream	Telemetry,Telemetry::LOG	1439.0
1777928096.486488	zeek	counter	zeek_log_stream_writes_total	module,stream	Analyzer::Logging,Analyzer::Logging::LOG	1.0
1777928096.486488	zeek	counter	zeek_log_stream_writes_total	module,stream	LoadedScripts,LoadedScripts::LOG	538.0
1777928096.486488	zeek	counter	zeek_log_stream_writes_total	module,stream	PacketFilter,PacketFilter::LOG	1.0
1777928096.486488	zeek	counter	zeek_log_writer_writes_total	filter_name,module,path,stream,writer	default,Analyzer::Logging,analyzer,Analyzer::Logging::LOG,Log::WRITER_ASCII	1.0
1777928096.486488	zeek	counter	zeek_log_writer_writes_total	filter_name,module,path,stream,writer	default,Conn,conn,Conn::LOG,Log::WRITER_ASCII	14.0
1777928096.486488	zeek	counter	zeek_log_writer_writes_total	filter_name,module,path,stream,writer	default,CaptureLoss,capture_loss,CaptureLoss::LOG,Log::WRITER_ASCII	1.0
1777928096.486488	zeek	counter	zeek_log_writer_writes_total	filter_name,module,path,stream,writer	default,Notice,notice,Notice::LOG,Log::WRITER_ASCII	1.0
1777928096.486488	zeek	counter	zeek_log_writer_writes_total	filter_name,module,path,stream,writer	default,Known,known_services,Known::SERVICES_LOG,Log::WRITER_ASCII	2.0
1777928096.486488	zeek	counter	zeek_log_writer_writes_total	filter_name,module,path,stream,writer	default,Stats,stats,Stats::LOG,Log::WRITER_ASCII	3.0
1777928096.486488	zeek	counter	zeek_log_writer_writes_total	filter_name,module,path,stream,writer	default,Telemetry,telemetry,Telemetry::LOG,Log::WRITER_ASCII	1439.0
1777928096.486488	zeek	counter	zeek_log_writer_writes_total	filter_name,module,path,stream,writer	default,LoadedScripts,loaded_scripts,LoadedScripts::LOG,Log::WRITER_ASCII	538.0
1777928096.486488	zeek	counter	zeek_log_writer_writes_total	filter_name,module,path,stream,writer	default,PacketFilter,packet_filter,PacketFilter::LOG,Log::WRITER_ASCII	1.0
1777928096.486488	zeek	counter	zeek_log_writer_discarded_writes_total	filter_name,module,path,stream,writer	default,Analyzer::Logging,analyzer,Analyzer::Logging::LOG,Log::WRITER_ASCII	0.0
1777928096.486488	zeek	counter	zeek_log_writer_discarded_writes_total	filter_name,module,path,stream,writer	default,Conn,conn,Conn::LOG,Log::WRITER_ASCII	0.0
1777928096.486488	zeek	counter	zeek_log_writer_discarded_writes_total	filter_name,module,path,stream,writer	default,CaptureLoss,capture_loss,CaptureLoss::LOG,Log::WRITER_ASCII	0.0
1777928096.486488	zeek	counter	zeek_log_writer_discarded_writes_total	filter_name,module,path,stream,writer	default,Notice,notice,Notice::LOG,Log::WRITER_ASCII	0.0
1777928096.486488	zeek	counter	zeek_log_writer_discarded_writes_total	filter_name,module,path,stream,writer	default,Known,known_services,Known::SERVICES_LOG,Log::WRITER_ASCII	0.0
1777928096.486488	zeek	counter	zeek_log_writer_discarded_writes_total	filter_name,module,path,stream,writer	default,Stats,stats,Stats::LOG,Log::WRITER_ASCII	0.0
1777928096.486488	zeek	counter	zeek_log_writer_discarded_writes_total	filter_name,module,path,stream,writer	default,Telemetry,telemetry,Telemetry::LOG,Log::WRITER_ASCII	0.0
1777928096.486488	zeek	counter	zeek_log_writer_discarded_writes_total	filter_name,module,path,stream,writer	default,LoadedScripts,loaded_scripts,LoadedScripts::LOG,Log::WRITER_ASCII	0.0
1777928096.486488	zeek	counter	zeek_log_writer_discarded_writes_total	filter_name,module,path,stream,writer	default,PacketFilter,packet_filter,PacketFilter::LOG,Log::WRITER_ASCII	0.0
1777928096.486488	zeek	counter	zeek_log_writer_truncated_string_fields_total	filter_name,module,path,stream,writer	default,Analyzer::Logging,analyzer,Analyzer::Logging::LOG,Log::WRITER_ASCII	0.0
1777928096.486488	zeek	counter	zeek_log_writer_truncated_string_fields_total	filter_name,module,path,stream,writer	default,Conn,conn,Conn::LOG,Log::WRITER_ASCII	0.0
1777928096.486488	zeek	counter	zeek_log_writer_truncated_string_fields_total	filter_name,module,path,stream,writer	default,CaptureLoss,capture_loss,CaptureLoss::LOG,Log::WRITER_ASCII	0.0
1777928096.486488	zeek	counter	zeek_log_writer_truncated_string_fields_total	filter_name,module,path,stream,writer	default,Notice,notice,Notice::LOG,Log::WRITER_ASCII	0.0
1777928096.486488	zeek	counter	zeek_log_writer_truncated_string_fields_total	filter_name,module,path,stream,writer	default,Known,known_services,Known::SERVICES_LOG,Log::WRITER_ASCII	0.0
1777928096.486488	zeek	counter	zeek_log_writer_truncated_string_fields_total	filter_name,module,path,stream,writer	default,Stats,stats,Stats::LOG,Log::WRITER_ASCII	0.0
1777928096.486488	zeek	counter	zeek_log_writer_truncated_string_fields_total	filter_name,module,path,stream,writer	default,Telemetry,telemetry,Telemetry::LOG,Log::WRITER_ASCII	0.0
1777928096.486488	zeek	counter	zeek_log_writer_truncated_string_fields_total	filter_name,module,path,stream,writer	default,LoadedScripts,loaded_scripts,LoadedScripts::LOG,Log::WRITER_ASCII	0.0
1777928096.486488	zeek	counter	zeek_log_writer_truncated_string_fields_total	filter_name,module,path,stream,writer	default,PacketFilter,packet_filter,PacketFilter::LOG,Log::WRITER_ASCII	0.0
1777928096.486488	zeek	counter	zeek_log_writer_truncated_containers_total	filter_name,module,path,stream,writer	default,Analyzer::Logging,analyzer,Analyzer::Logging::LOG,Log::WRITER_ASCII	0.0
1777928096.486488	zeek	counter	zeek_log_writer_truncated_containers_total	filter_name,module,path,stream,writer	default,Conn,conn,Conn::LOG,Log::WRITER_ASCII	0.0
1777928096.486488	zeek	counter	zeek_log_writer_truncated_containers_total	filter_name,module,path,stream,writer	default,CaptureLoss,capture_loss,CaptureLoss::LOG,Log::WRITER_ASCII	0.0
1777928096.486488	zeek	counter	zeek_log_writer_truncated_containers_total	filter_name,module,path,stream,writer	default,Notice,notice,Notice::LOG,Log::WRITER_ASCII	0.0
1777928096.486488	zeek	counter	zeek_log_writer_truncated_containers_total	filter_name,module,path,stream,writer	default,Known,known_services,Known::SERVICES_LOG,Log::WRITER_ASCII	0.0
1777928096.486488	zeek	counter	zeek_log_writer_truncated_containers_total	filter_name,module,path,stream,writer	default,Stats,stats,Stats::LOG,Log::WRITER_ASCII	0.0
1777928096.486488	zeek	counter	zeek_log_writer_truncated_containers_total	filter_name,module,path,stream,writer	default,Telemetry,telemetry,Telemetry::LOG,Log::WRITER_ASCII	0.0
1777928096.486488	zeek	counter	zeek_log_writer_truncated_containers_total	filter_name,module,path,stream,writer	default,LoadedScripts,loaded_scripts,LoadedScripts::LOG,Log::WRITER_ASCII	0.0
1777928096.486488	zeek	counter	zeek_log_writer_truncated_containers_total	filter_name,module,path,stream,writer	default,PacketFilter,packet_filter,PacketFilter::LOG,Log::WRITER_ASCII	0.0
1777928096.486488	zeek	counter	zeek_net_received_bytes_total	(empty)	(empty)	12281180.0
1777928096.486488	zeek	counter	zeek_net_received_packets_total	(empty)	(empty)	55037.0
1777928096.486488	zeek	counter	zeek_net_dropped_packets_total	(empty)	(empty)	0.0
1777928096.486488	zeek	counter	zeek_net_link_packets_total	(empty)	(empty)	55037.0
1777928096.486488	zeek	counter	zeek_msgthread_threads_total	(empty)	(empty)	9.0
1777928096.486488	zeek	counter	zeek_msgthread_in_messages_total	(empty)	(empty)	37.0
1777928096.486488	zeek	counter	zeek_msgthread_out_messages_total	(empty)	(empty)	0.0
1777928096.486488	zeek	counter	zeek_cluster_core_outgoing_events_total	(empty)	(empty)	0.0
1777928096.486488	zeek	counter	zeek_cluster_core_incoming_events_total	(empty)	(empty)	0.0
1777928096.486488	zeek	counter	zeek_broker_incoming_events_total	(empty)	(empty)	0.0
1777928096.486488	zeek	counter	zeek_broker_outgoing_events_total	(empty)	(empty)	0.0
1777928096.486488	zeek	counter	zeek_broker_incoming_logs_total	(empty)	(empty)	0.0
1777928096.486488	zeek	counter	zeek_broker_outgoing_logs_total	(empty)	(empty)	0.0
1777928096.486488	zeek	counter	zeek_broker_incoming_ids_total	(empty)	(empty)	0.0
1777928096.486488	zeek	counter	zeek_broker_outgoing_ids_total	(empty)	(empty)	0.0
1777928096.486488	zeek	counter	zeek_timers_total	(empty)	(empty)	4012.0
1777928096.486488	zeek	counter	zeek_dnsmgr_requests_total	(empty)	(empty)	0.0
1777928096.486488	zeek	counter	zeek_dnsmgr_successful_requests_total	(empty)	(empty)	0.0
1777928096.486488	zeek	counter	zeek_dnsmgr_failed_requests_total	(empty)	(empty)	0.0
1777928096.486488	zeek	counter	zeek_triggers_total	(empty)	(empty)	0.0
1777928096.486488	zeek	counter	zeek_ended_sessions_total	reason	inactivity	14.0
1777928096.486488	zeek	counter	zeek_event_handler_invocations_total	name	connection_state_remove	14.0
1777928096.486488	zeek	counter	zeek_event_handler_invocations_total	name	analyzer_violation_info	1.0
1777928096.486488	zeek	counter	zeek_event_handler_invocations_total	name	zeek_init	1.0
1777928096.486488	zeek	counter	zeek_event_handler_invocations_total	name	Telemetry::log	11.0
1777928096.486488	zeek	counter	zeek_event_handler_invocations_total	name	NetControl::init	1.0
1777928096.486488	zeek	counter	zeek_event_handler_invocations_total	name	ChecksumOffloading::check	2.0
1777928096.486488	zeek	counter	zeek_event_handler_invocations_total	name	grab_vulnerable_versions	2.0
1777928096.486488	zeek	counter	zeek_event_handler_invocations_total	name	filter_change_tracking	4.0
1777928096.486488	zeek	counter	zeek_event_handler_invocations_total	name	Broker::log_flush	597.0
1777928096.486488	zeek	counter	zeek_event_handler_invocations_total	name	known_service_add	2.0
1777928096.486488	zeek	counter	zeek_event_handler_invocations_total	name	zeek_script_loaded	538.0
1777928096.486488	zeek	counter	zeek_event_handler_invocations_total	name	new_connection	15.0
1777928096.486488	zeek	counter	zeek_event_handler_invocations_total	name	check_stats	3.0
1777928096.486488	zeek	counter	zeek_event_handler_invocations_total	name	CaptureLoss::take_measurement	2.0
1777928096.486488	zeek	counter	zeek_event_handler_invocations_total	name	net_stats_update	3.0
1777928096.486488	zeek	counter	zeek_event_handler_invocations_total	name	service_info_commit	2.0
1777928096.486488	zeek	counter	zeek_event_handler_invocations_total	name	analyzer_confirmation_info	1.0
1777928096.486488	zeek	counter	zeek_event_handler_invocations_total	name	SumStats::finish_epoch	3.0
1777928096.486488	zeek	counter	zeek_total_sessions_total	protocol	unknown	1.0
1777928096.486488	zeek	counter	zeek_total_sessions_total	protocol	icmp	9.0
1777928096.486488	zeek	counter	zeek_total_sessions_total	protocol	udp	5.0
1777928096.486488	zeek	counter	zeek_total_sessions_total	protocol	tcp	0.0
1777928096.486488	zeek	gauge	zeek_version_info	beta,commit,debug,major,minor,patch,version_number,version_string	false,0,false,8,1,2,80102,8.1.2	1.0
1777928096.486488	zeek	gauge	zeek_net_packet_lag_seconds	(empty)	(empty)	0.002903
1777928096.486488	zeek	gauge	zeek_net_timestamp_seconds	(empty)	(empty)	1777928096.486488
1777928096.486488	zeek	gauge	zeek_msgthread_active_threads	(empty)	(empty)	9.0
1777928096.486488	zeek	gauge	zeek_msgthread_pending_in_messages	(empty)	(empty)	0.0
1777928096.486488	zeek	gauge	zeek_msgthread_pending_out_messages	(empty)	(empty)	0.0
1777928096.486488	zeek	gauge	zeek_msgthread_pending_messages_in_buckets	leq	inf	9.0
1777928096.486488	zeek	gauge	zeek_msgthread_pending_messages_in_buckets	leq	10000	9.0
1777928096.486488	zeek	gauge	zeek_msgthread_pending_messages_in_buckets	leq	1000	9.0
1777928096.486488	zeek	gauge	zeek_msgthread_pending_messages_in_buckets	leq	100	9.0
1777928096.486488	zeek	gauge	zeek_msgthread_pending_messages_in_buckets	leq	10	9.0
1777928096.486488	zeek	gauge	zeek_msgthread_pending_messages_in_buckets	leq	1	9.0
1777928096.486488	zeek	gauge	zeek_msgthread_pending_messages_out_buckets	leq	inf	9.0
1777928096.486488	zeek	gauge	zeek_msgthread_pending_messages_out_buckets	leq	10000	9.0
1777928096.486488	zeek	gauge	zeek_msgthread_pending_messages_out_buckets	leq	1000	9.0
1777928096.486488	zeek	gauge	zeek_msgthread_pending_messages_out_buckets	leq	100	9.0
1777928096.486488	zeek	gauge	zeek_msgthread_pending_messages_out_buckets	leq	10	9.0
1777928096.486488	zeek	gauge	zeek_msgthread_pending_messages_out_buckets	leq	1	9.0
1777928096.486488	zeek	gauge	zeek_broker_peers	(empty)	(empty)	0.0
1777928096.486488	zeek	gauge	zeek_broker_stores	(empty)	(empty)	1.0
1777928096.486488	zeek	gauge	zeek_broker_pending_queries	(empty)	(empty)	0.0
1777928096.486488	zeek	gauge	zeek_timers_lag_time_seconds	(empty)	(empty)	0.008208
1777928096.486488	zeek	gauge	zeek_timers_pending	type	LogDelayExpire	0.0
1777928096.486488	zeek	gauge	zeek_timers_pending	type	ThreadHeartbeat	1.0
1777928096.486488	zeek	gauge	zeek_timers_pending	type	TimerMgrExpireTimer	0.0
1777928096.486488	zeek	gauge	zeek_timers_pending	type	ParentProcessIDCheck	0.0
1777928096.486488	zeek	gauge	zeek_timers_pending	type	FragTimer	0.0
1777928096.486488	zeek	gauge	zeek_timers_pending	type	RotateTimer	0.0
1777928096.486488	zeek	gauge	zeek_timers_pending	type	FlowWeirdTimer	0.0
1777928096.486488	zeek	gauge	zeek_timers_pending	type	FileAnalysisInactivityTimer	0.0
1777928096.486488	zeek	gauge	zeek_timers_pending	type	StorageExpire	1.0
1777928096.486488	zeek	gauge	zeek_timers_pending	type	ConnectionInactivityTimer	1.0
1777928096.486488	zeek	gauge	zeek_timers_pending	type	TCPConnectionExpireTimer	0.0
1777928096.486488	zeek	gauge	zeek_timers_pending	type	ConnectionStatusUpdateTimer	0.0
1777928096.486488	zeek	gauge	zeek_timers_pending	type	LogFlushWriteBufferTimer	1.0
1777928096.486488	zeek	gauge	zeek_timers_pending	type	NetWeirdTimer	0.0
1777928096.486488	zeek	gauge	zeek_timers_pending	type	InterconnTimer	0.0
1777928096.486488	zeek	gauge	zeek_timers_pending	type	IPTunnelInactivityTimer	0.0
1777928096.486488	zeek	gauge	zeek_timers_pending	type	DNSExpireTimer	0.0
1777928096.486488	zeek	gauge	zeek_timers_pending	type	UnknownProtocolExpire	0.0
1777928096.486488	zeek	gauge	zeek_timers_pending	type	ProfileTimer	0.0
1777928096.486488	zeek	gauge	zeek_timers_pending	type	ConnectionExpireTimer	0.0
1777928096.486488	zeek	gauge	zeek_timers_pending	type	BreakpointTimer	0.0
1777928096.486488	zeek	gauge	zeek_timers_pending	type	BackdoorTimer	0.0
1777928096.486488	zeek	gauge	zeek_timers_pending	type	NetbiosExpireTimer	0.0
1777928096.486488	zeek	gauge	zeek_timers_pending	type	NetworkTimer	0.0
1777928096.486488	zeek	gauge	zeek_timers_pending	type	RemoveConnection	0.0
1777928096.486488	zeek	gauge	zeek_timers_pending	type	TCPConnectionResetTimer	0.0
1777928096.486488	zeek	gauge	zeek_timers_pending	type	ConnTupleWeirdTimer	0.0
1777928096.486488	zeek	gauge	zeek_timers_pending	type	TCPConnectionDeleteTimer	0.0
1777928096.486488	zeek	gauge	zeek_timers_pending	type	ScheduleTimer	6.0
1777928096.486488	zeek	gauge	zeek_timers_pending	type	NTPExpireTimer	0.0
1777928096.486488	zeek	gauge	zeek_timers_pending	type	RPCExpireTimer	0.0
1777928096.486488	zeek	gauge	zeek_timers_pending	type	ConnectionDeleteTimer	0.0
1777928096.486488	zeek	gauge	zeek_timers_pending	type	TriggerTimer	0.0
1777928096.486488	zeek	gauge	zeek_timers_pending	type	TableValTimer	34.0
1777928096.486488	zeek	gauge	zeek_timers_pending	type	TCPConnectionAttemptTimer	0.0
1777928096.486488	zeek	gauge	zeek_timers_pending	type	TCPConnectionPartialClose	0.0
1777928096.486488	zeek	gauge	zeek_dnsmgr_pending_asyncs_requests	(empty)	(empty)	0.0
1777928096.486488	zeek	gauge	zeek_dnsmgr_cache_entries	type	text	0.0
1777928096.486488	zeek	gauge	zeek_dnsmgr_cache_entries	type	address	0.0
1777928096.486488	zeek	gauge	zeek_dnsmgr_cache_entries	type	host	0.0
1777928096.486488	zeek	gauge	zeek_pending_triggers	(empty)	(empty)	0.0
1777928096.486488	zeek	gauge	zeek_active_sessions	protocol	unknown	0.0
1777928096.486488	zeek	gauge	zeek_active_sessions	protocol	icmp	0.0
1777928096.486488	zeek	gauge	zeek_active_sessions	protocol	udp	1.0
1777928096.486488	zeek	gauge	zeek_active_sessions	protocol	tcp	0.0
1777928156.491928	zeek	counter	process_cpu_user_seconds_total	(empty)	(empty)	4.34
1777928156.491928	zeek	counter	process_cpu_system_seconds_total	(empty)	(empty)	2.23
1777928156.491928	zeek	gauge	process_resident_memory_bytes	(empty)	(empty)	283987968.0
1777928156.491928	zeek	gauge	process_virtual_memory_bytes	(empty)	(empty)	1694384128.0
1777928156.491928	zeek	gauge	process_open_fds	(empty)	(empty)	49.0
1777928156.491928	zeek	gauge	process_start_time_seconds	(empty)	(empty)	1777927495.971219
1777928156.491928	zeek	counter	zeek_log_stream_writes_total	module,stream	Known,Known::SERVICES_LOG	2.0
1777928156.491928	zeek	counter	zeek_log_stream_writes_total	module,stream	Conn,Conn::LOG	14.0
1777928156.491928	zeek	counter	zeek_log_stream_writes_total	module,stream	CaptureLoss,CaptureLoss::LOG	1.0
1777928156.491928	zeek	counter	zeek_log_stream_writes_total	module,stream	Notice,Notice::LOG	1.0
1777928156.491928	zeek	counter	zeek_log_stream_writes_total	module,stream	Stats,Stats::LOG	3.0
1777928156.491928	zeek	counter	zeek_log_stream_writes_total	module,stream	Telemetry,Telemetry::LOG	1600.0
1777928156.491928	zeek	counter	zeek_log_stream_writes_total	module,stream	Analyzer::Logging,Analyzer::Logging::LOG	1.0
1777928156.491928	zeek	counter	zeek_log_stream_writes_total	module,stream	LoadedScripts,LoadedScripts::LOG	538.0
1777928156.491928	zeek	counter	zeek_log_stream_writes_total	module,stream	PacketFilter,PacketFilter::LOG	1.0
1777928156.491928	zeek	counter	zeek_log_writer_writes_total	filter_name,module,path,stream,writer	default,Analyzer::Logging,analyzer,Analyzer::Logging::LOG,Log::WRITER_ASCII	1.0
1777928156.491928	zeek	counter	zeek_log_writer_writes_total	filter_name,module,path,stream,writer	default,Conn,conn,Conn::LOG,Log::WRITER_ASCII	14.0
1777928156.491928	zeek	counter	zeek_log_writer_writes_total	filter_name,module,path,stream,writer	default,CaptureLoss,capture_loss,CaptureLoss::LOG,Log::WRITER_ASCII	1.0
1777928156.491928	zeek	counter	zeek_log_writer_writes_total	filter_name,module,path,stream,writer	default,Notice,notice,Notice::LOG,Log::WRITER_ASCII	1.0
1777928156.491928	zeek	counter	zeek_log_writer_writes_total	filter_name,module,path,stream,writer	default,Known,known_services,Known::SERVICES_LOG,Log::WRITER_ASCII	2.0
1777928156.491928	zeek	counter	zeek_log_writer_writes_total	filter_name,module,path,stream,writer	default,Stats,stats,Stats::LOG,Log::WRITER_ASCII	3.0
1777928156.491928	zeek	counter	zeek_log_writer_writes_total	filter_name,module,path,stream,writer	default,Telemetry,telemetry,Telemetry::LOG,Log::WRITER_ASCII	1600.0
1777928156.491928	zeek	counter	zeek_log_writer_writes_total	filter_name,module,path,stream,writer	default,LoadedScripts,loaded_scripts,LoadedScripts::LOG,Log::WRITER_ASCII	538.0
1777928156.491928	zeek	counter	zeek_log_writer_writes_total	filter_name,module,path,stream,writer	default,PacketFilter,packet_filter,PacketFilter::LOG,Log::WRITER_ASCII	1.0
1777928156.491928	zeek	counter	zeek_log_writer_discarded_writes_total	filter_name,module,path,stream,writer	default,Analyzer::Logging,analyzer,Analyzer::Logging::LOG,Log::WRITER_ASCII	0.0
1777928156.491928	zeek	counter	zeek_log_writer_discarded_writes_total	filter_name,module,path,stream,writer	default,Conn,conn,Conn::LOG,Log::WRITER_ASCII	0.0
1777928156.491928	zeek	counter	zeek_log_writer_discarded_writes_total	filter_name,module,path,stream,writer	default,CaptureLoss,capture_loss,CaptureLoss::LOG,Log::WRITER_ASCII	0.0
1777928156.491928	zeek	counter	zeek_log_writer_discarded_writes_total	filter_name,module,path,stream,writer	default,Notice,notice,Notice::LOG,Log::WRITER_ASCII	0.0
1777928156.491928	zeek	counter	zeek_log_writer_discarded_writes_total	filter_name,module,path,stream,writer	default,Known,known_services,Known::SERVICES_LOG,Log::WRITER_ASCII	0.0
1777928156.491928	zeek	counter	zeek_log_writer_discarded_writes_total	filter_name,module,path,stream,writer	default,Stats,stats,Stats::LOG,Log::WRITER_ASCII	0.0
1777928156.491928	zeek	counter	zeek_log_writer_discarded_writes_total	filter_name,module,path,stream,writer	default,Telemetry,telemetry,Telemetry::LOG,Log::WRITER_ASCII	0.0
1777928156.491928	zeek	counter	zeek_log_writer_discarded_writes_total	filter_name,module,path,stream,writer	default,LoadedScripts,loaded_scripts,LoadedScripts::LOG,Log::WRITER_ASCII	0.0
1777928156.491928	zeek	counter	zeek_log_writer_discarded_writes_total	filter_name,module,path,stream,writer	default,PacketFilter,packet_filter,PacketFilter::LOG,Log::WRITER_ASCII	0.0
1777928156.491928	zeek	counter	zeek_log_writer_truncated_string_fields_total	filter_name,module,path,stream,writer	default,Analyzer::Logging,analyzer,Analyzer::Logging::LOG,Log::WRITER_ASCII	0.0
1777928156.491928	zeek	counter	zeek_log_writer_truncated_string_fields_total	filter_name,module,path,stream,writer	default,Conn,conn,Conn::LOG,Log::WRITER_ASCII	0.0
1777928156.491928	zeek	counter	zeek_log_writer_truncated_string_fields_total	filter_name,module,path,stream,writer	default,CaptureLoss,capture_loss,CaptureLoss::LOG,Log::WRITER_ASCII	0.0
1777928156.491928	zeek	counter	zeek_log_writer_truncated_string_fields_total	filter_name,module,path,stream,writer	default,Notice,notice,Notice::LOG,Log::WRITER_ASCII	0.0
1777928156.491928	zeek	counter	zeek_log_writer_truncated_string_fields_total	filter_name,module,path,stream,writer	default,Known,known_services,Known::SERVICES_LOG,Log::WRITER_ASCII	0.0
1777928156.491928	zeek	counter	zeek_log_writer_truncated_string_fields_total	filter_name,module,path,stream,writer	default,Stats,stats,Stats::LOG,Log::WRITER_ASCII	0.0
1777928156.491928	zeek	counter	zeek_log_writer_truncated_string_fields_total	filter_name,module,path,stream,writer	default,Telemetry,telemetry,Telemetry::LOG,Log::WRITER_ASCII	0.0
1777928156.491928	zeek	counter	zeek_log_writer_truncated_string_fields_total	filter_name,module,path,stream,writer	default,LoadedScripts,loaded_scripts,LoadedScripts::LOG,Log::WRITER_ASCII	0.0
1777928156.491928	zeek	counter	zeek_log_writer_truncated_string_fields_total	filter_name,module,path,stream,writer	default,PacketFilter,packet_filter,PacketFilter::LOG,Log::WRITER_ASCII	0.0
1777928156.491928	zeek	counter	zeek_log_writer_truncated_containers_total	filter_name,module,path,stream,writer	default,Analyzer::Logging,analyzer,Analyzer::Logging::LOG,Log::WRITER_ASCII	0.0
1777928156.491928	zeek	counter	zeek_log_writer_truncated_containers_total	filter_name,module,path,stream,writer	default,Conn,conn,Conn::LOG,Log::WRITER_ASCII	0.0
1777928156.491928	zeek	counter	zeek_log_writer_truncated_containers_total	filter_name,module,path,stream,writer	default,CaptureLoss,capture_loss,CaptureLoss::LOG,Log::WRITER_ASCII	0.0
1777928156.491928	zeek	counter	zeek_log_writer_truncated_containers_total	filter_name,module,path,stream,writer	default,Notice,notice,Notice::LOG,Log::WRITER_ASCII	0.0
1777928156.491928	zeek	counter	zeek_log_writer_truncated_containers_total	filter_name,module,path,stream,writer	default,Known,known_services,Known::SERVICES_LOG,Log::WRITER_ASCII	0.0
1777928156.491928	zeek	counter	zeek_log_writer_truncated_containers_total	filter_name,module,path,stream,writer	default,Stats,stats,Stats::LOG,Log::WRITER_ASCII	0.0
1777928156.491928	zeek	counter	zeek_log_writer_truncated_containers_total	filter_name,module,path,stream,writer	default,Telemetry,telemetry,Telemetry::LOG,Log::WRITER_ASCII	0.0
1777928156.491928	zeek	counter	zeek_log_writer_truncated_containers_total	filter_name,module,path,stream,writer	default,LoadedScripts,loaded_scripts,LoadedScripts::LOG,Log::WRITER_ASCII	0.0
1777928156.491928	zeek	counter	zeek_log_writer_truncated_containers_total	filter_name,module,path,stream,writer	default,PacketFilter,packet_filter,PacketFilter::LOG,Log::WRITER_ASCII	0.0
1777928156.491928	zeek	counter	zeek_net_received_bytes_total	(empty)	(empty)	13710791.0
1777928156.491928	zeek	counter	zeek_net_received_packets_total	(empty)	(empty)	60962.0
1777928156.491928	zeek	counter	zeek_net_dropped_packets_total	(empty)	(empty)	0.0
1777928156.491928	zeek	counter	zeek_net_link_packets_total	(empty)	(empty)	60962.0
1777928156.491928	zeek	counter	zeek_msgthread_threads_total	(empty)	(empty)	9.0
1777928156.491928	zeek	counter	zeek_msgthread_in_messages_total	(empty)	(empty)	39.0
1777928156.491928	zeek	counter	zeek_msgthread_out_messages_total	(empty)	(empty)	0.0
1777928156.491928	zeek	counter	zeek_cluster_core_outgoing_events_total	(empty)	(empty)	0.0
1777928156.491928	zeek	counter	zeek_cluster_core_incoming_events_total	(empty)	(empty)	0.0
1777928156.491928	zeek	counter	zeek_broker_incoming_events_total	(empty)	(empty)	0.0
1777928156.491928	zeek	counter	zeek_broker_outgoing_events_total	(empty)	(empty)	0.0
1777928156.491928	zeek	counter	zeek_broker_incoming_logs_total	(empty)	(empty)	0.0
1777928156.491928	zeek	counter	zeek_broker_outgoing_logs_total	(empty)	(empty)	0.0
1777928156.491928	zeek	counter	zeek_broker_incoming_ids_total	(empty)	(empty)	0.0
1777928156.491928	zeek	counter	zeek_broker_outgoing_ids_total	(empty)	(empty)	0.0
1777928156.491928	zeek	counter	zeek_timers_total	(empty)	(empty)	4399.0
1777928156.491928	zeek	counter	zeek_dnsmgr_requests_total	(empty)	(empty)	0.0
1777928156.491928	zeek	counter	zeek_dnsmgr_successful_requests_total	(empty)	(empty)	0.0
1777928156.491928	zeek	counter	zeek_dnsmgr_failed_requests_total	(empty)	(empty)	0.0
1777928156.491928	zeek	counter	zeek_triggers_total	(empty)	(empty)	0.0
1777928156.491928	zeek	counter	zeek_ended_sessions_total	reason	inactivity	14.0
1777928156.491928	zeek	counter	zeek_event_handler_invocations_total	name	connection_state_remove	14.0
1777928156.491928	zeek	counter	zeek_event_handler_invocations_total	name	analyzer_violation_info	1.0
1777928156.491928	zeek	counter	zeek_event_handler_invocations_total	name	zeek_init	1.0
1777928156.491928	zeek	counter	zeek_event_handler_invocations_total	name	Telemetry::log	12.0
1777928156.491928	zeek	counter	zeek_event_handler_invocations_total	name	NetControl::init	1.0
1777928156.491928	zeek	counter	zeek_event_handler_invocations_total	name	ChecksumOffloading::check	2.0
1777928156.491928	zeek	counter	zeek_event_handler_invocations_total	name	grab_vulnerable_versions	2.0
1777928156.491928	zeek	counter	zeek_event_handler_invocations_total	name	filter_change_tracking	4.0
1777928156.491928	zeek	counter	zeek_event_handler_invocations_total	name	Broker::log_flush	656.0
1777928156.491928	zeek	counter	zeek_event_handler_invocations_total	name	known_service_add	2.0
1777928156.491928	zeek	counter	zeek_event_handler_invocations_total	name	zeek_script_loaded	538.0
1777928156.491928	zeek	counter	zeek_event_handler_invocations_total	name	new_connection	15.0
1777928156.491928	zeek	counter	zeek_event_handler_invocations_total	name	check_stats	3.0
1777928156.491928	zeek	counter	zeek_event_handler_invocations_total	name	CaptureLoss::take_measurement	2.0
1777928156.491928	zeek	counter	zeek_event_handler_invocations_total	name	net_stats_update	3.0
1777928156.491928	zeek	counter	zeek_event_handler_invocations_total	name	service_info_commit	2.0
1777928156.491928	zeek	counter	zeek_event_handler_invocations_total	name	analyzer_confirmation_info	1.0
1777928156.491928	zeek	counter	zeek_event_handler_invocations_total	name	SumStats::finish_epoch	3.0
1777928156.491928	zeek	counter	zeek_total_sessions_total	protocol	unknown	1.0
1777928156.491928	zeek	counter	zeek_total_sessions_total	protocol	icmp	9.0
1777928156.491928	zeek	counter	zeek_total_sessions_total	protocol	udp	5.0
1777928156.491928	zeek	counter	zeek_total_sessions_total	protocol	tcp	0.0
1777928156.491928	zeek	gauge	zeek_version_info	beta,commit,debug,major,minor,patch,version_number,version_string	false,0,false,8,1,2,80102,8.1.2	1.0
1777928156.491928	zeek	gauge	zeek_net_packet_lag_seconds	(empty)	(empty)	0.004456
1777928156.491928	zeek	gauge	zeek_net_timestamp_seconds	(empty)	(empty)	1777928156.491928
1777928156.491928	zeek	gauge	zeek_msgthread_active_threads	(empty)	(empty)	9.0
1777928156.491928	zeek	gauge	zeek_msgthread_pending_in_messages	(empty)	(empty)	0.0
1777928156.491928	zeek	gauge	zeek_msgthread_pending_out_messages	(empty)	(empty)	0.0
1777928156.491928	zeek	gauge	zeek_msgthread_pending_messages_in_buckets	leq	inf	9.0
1777928156.491928	zeek	gauge	zeek_msgthread_pending_messages_in_buckets	leq	10000	9.0
1777928156.491928	zeek	gauge	zeek_msgthread_pending_messages_in_buckets	leq	1000	9.0
1777928156.491928	zeek	gauge	zeek_msgthread_pending_messages_in_buckets	leq	100	9.0
1777928156.491928	zeek	gauge	zeek_msgthread_pending_messages_in_buckets	leq	10	9.0
1777928156.491928	zeek	gauge	zeek_msgthread_pending_messages_in_buckets	leq	1	9.0
1777928156.491928	zeek	gauge	zeek_msgthread_pending_messages_out_buckets	leq	inf	9.0
1777928156.491928	zeek	gauge	zeek_msgthread_pending_messages_out_buckets	leq	10000	9.0
1777928156.491928	zeek	gauge	zeek_msgthread_pending_messages_out_buckets	leq	1000	9.0
1777928156.491928	zeek	gauge	zeek_msgthread_pending_messages_out_buckets	leq	100	9.0
1777928156.491928	zeek	gauge	zeek_msgthread_pending_messages_out_buckets	leq	10	9.0
1777928156.491928	zeek	gauge	zeek_msgthread_pending_messages_out_buckets	leq	1	9.0
1777928156.491928	zeek	gauge	zeek_broker_peers	(empty)	(empty)	0.0
1777928156.491928	zeek	gauge	zeek_broker_stores	(empty)	(empty)	1.0
1777928156.491928	zeek	gauge	zeek_broker_pending_queries	(empty)	(empty)	0.0
1777928156.491928	zeek	gauge	zeek_timers_lag_time_seconds	(empty)	(empty)	0.00544
1777928156.491928	zeek	gauge	zeek_timers_pending	type	LogDelayExpire	0.0
1777928156.491928	zeek	gauge	zeek_timers_pending	type	ThreadHeartbeat	1.0
1777928156.491928	zeek	gauge	zeek_timers_pending	type	TimerMgrExpireTimer	0.0
1777928156.491928	zeek	gauge	zeek_timers_pending	type	ParentProcessIDCheck	0.0
1777928156.491928	zeek	gauge	zeek_timers_pending	type	FragTimer	0.0
1777928156.491928	zeek	gauge	zeek_timers_pending	type	RotateTimer	0.0
1777928156.491928	zeek	gauge	zeek_timers_pending	type	FlowWeirdTimer	0.0
1777928156.491928	zeek	gauge	zeek_timers_pending	type	FileAnalysisInactivityTimer	0.0
1777928156.491928	zeek	gauge	zeek_timers_pending	type	StorageExpire	1.0
1777928156.491928	zeek	gauge	zeek_timers_pending	type	ConnectionInactivityTimer	1.0
1777928156.491928	zeek	gauge	zeek_timers_pending	type	TCPConnectionExpireTimer	0.0
1777928156.491928	zeek	gauge	zeek_timers_pending	type	ConnectionStatusUpdateTimer	0.0
1777928156.491928	zeek	gauge	zeek_timers_pending	type	LogFlushWriteBufferTimer	1.0
1777928156.491928	zeek	gauge	zeek_timers_pending	type	NetWeirdTimer	0.0
1777928156.491928	zeek	gauge	zeek_timers_pending	type	InterconnTimer	0.0
1777928156.491928	zeek	gauge	zeek_timers_pending	type	IPTunnelInactivityTimer	0.0
1777928156.491928	zeek	gauge	zeek_timers_pending	type	DNSExpireTimer	0.0
1777928156.491928	zeek	gauge	zeek_timers_pending	type	UnknownProtocolExpire	0.0
1777928156.491928	zeek	gauge	zeek_timers_pending	type	ProfileTimer	0.0
1777928156.491928	zeek	gauge	zeek_timers_pending	type	ConnectionExpireTimer	0.0
1777928156.491928	zeek	gauge	zeek_timers_pending	type	BreakpointTimer	0.0
1777928156.491928	zeek	gauge	zeek_timers_pending	type	BackdoorTimer	0.0
1777928156.491928	zeek	gauge	zeek_timers_pending	type	NetbiosExpireTimer	0.0
1777928156.491928	zeek	gauge	zeek_timers_pending	type	NetworkTimer	0.0
1777928156.491928	zeek	gauge	zeek_timers_pending	type	RemoveConnection	0.0
1777928156.491928	zeek	gauge	zeek_timers_pending	type	TCPConnectionResetTimer	0.0
1777928156.491928	zeek	gauge	zeek_timers_pending	type	ConnTupleWeirdTimer	0.0
1777928156.491928	zeek	gauge	zeek_timers_pending	type	TCPConnectionDeleteTimer	0.0
1777928156.491928	zeek	gauge	zeek_timers_pending	type	ScheduleTimer	6.0
1777928156.491928	zeek	gauge	zeek_timers_pending	type	NTPExpireTimer	0.0
1777928156.491928	zeek	gauge	zeek_timers_pending	type	RPCExpireTimer	0.0
1777928156.491928	zeek	gauge	zeek_timers_pending	type	ConnectionDeleteTimer	0.0
1777928156.491928	zeek	gauge	zeek_timers_pending	type	TriggerTimer	0.0
1777928156.491928	zeek	gauge	zeek_timers_pending	type	TableValTimer	34.0
1777928156.491928	zeek	gauge	zeek_timers_pending	type	TCPConnectionAttemptTimer	0.0
1777928156.491928	zeek	gauge	zeek_timers_pending	type	TCPConnectionPartialClose	0.0
1777928156.491928	zeek	gauge	zeek_dnsmgr_pending_asyncs_requests	(empty)	(empty)	0.0
1777928156.491928	zeek	gauge	zeek_dnsmgr_cache_entries	type	text	0.0
1777928156.491928	zeek	gauge	zeek_dnsmgr_cache_entries	type	address	0.0
1777928156.491928	zeek	gauge	zeek_dnsmgr_cache_entries	type	host	0.0
1777928156.491928	zeek	gauge	zeek_pending_triggers	(empty)	(empty)	0.0
1777928156.491928	zeek	gauge	zeek_active_sessions	protocol	unknown	0.0
1777928156.491928	zeek	gauge	zeek_active_sessions	protocol	icmp	0.0
1777928156.491928	zeek	gauge	zeek_active_sessions	protocol	udp	1.0
1777928156.491928	zeek	gauge	zeek_active_sessions	protocol	tcp	0.0
1777928216.503053	zeek	counter	process_cpu_user_seconds_total	(empty)	(empty)	4.74
1777928216.503053	zeek	counter	process_cpu_system_seconds_total	(empty)	(empty)	2.42
1777928216.503053	zeek	gauge	process_resident_memory_bytes	(empty)	(empty)	283987968.0
1777928216.503053	zeek	gauge	process_virtual_memory_bytes	(empty)	(empty)	1694384128.0
1777928216.503053	zeek	gauge	process_open_fds	(empty)	(empty)	49.0
1777928216.503053	zeek	gauge	process_start_time_seconds	(empty)	(empty)	1777927495.971219
1777928216.503053	zeek	counter	zeek_log_stream_writes_total	module,stream	Known,Known::SERVICES_LOG	2.0
1777928216.503053	zeek	counter	zeek_log_stream_writes_total	module,stream	Conn,Conn::LOG	14.0
1777928216.503053	zeek	counter	zeek_log_stream_writes_total	module,stream	CaptureLoss,CaptureLoss::LOG	1.0
1777928216.503053	zeek	counter	zeek_log_stream_writes_total	module,stream	Notice,Notice::LOG	1.0
1777928216.503053	zeek	counter	zeek_log_stream_writes_total	module,stream	Stats,Stats::LOG	3.0
1777928216.503053	zeek	counter	zeek_log_stream_writes_total	module,stream	Telemetry,Telemetry::LOG	1761.0
1777928216.503053	zeek	counter	zeek_log_stream_writes_total	module,stream	Analyzer::Logging,Analyzer::Logging::LOG	1.0
1777928216.503053	zeek	counter	zeek_log_stream_writes_total	module,stream	LoadedScripts,LoadedScripts::LOG	538.0
1777928216.503053	zeek	counter	zeek_log_stream_writes_total	module,stream	PacketFilter,PacketFilter::LOG	1.0
1777928216.503053	zeek	counter	zeek_log_writer_writes_total	filter_name,module,path,stream,writer	default,Analyzer::Logging,analyzer,Analyzer::Logging::LOG,Log::WRITER_ASCII	1.0
1777928216.503053	zeek	counter	zeek_log_writer_writes_total	filter_name,module,path,stream,writer	default,Conn,conn,Conn::LOG,Log::WRITER_ASCII	14.0
1777928216.503053	zeek	counter	zeek_log_writer_writes_total	filter_name,module,path,stream,writer	default,CaptureLoss,capture_loss,CaptureLoss::LOG,Log::WRITER_ASCII	1.0
1777928216.503053	zeek	counter	zeek_log_writer_writes_total	filter_name,module,path,stream,writer	default,Notice,notice,Notice::LOG,Log::WRITER_ASCII	1.0
1777928216.503053	zeek	counter	zeek_log_writer_writes_total	filter_name,module,path,stream,writer	default,Known,known_services,Known::SERVICES_LOG,Log::WRITER_ASCII	2.0
1777928216.503053	zeek	counter	zeek_log_writer_writes_total	filter_name,module,path,stream,writer	default,Stats,stats,Stats::LOG,Log::WRITER_ASCII	3.0
1777928216.503053	zeek	counter	zeek_log_writer_writes_total	filter_name,module,path,stream,writer	default,Telemetry,telemetry,Telemetry::LOG,Log::WRITER_ASCII	1761.0
1777928216.503053	zeek	counter	zeek_log_writer_writes_total	filter_name,module,path,stream,writer	default,LoadedScripts,loaded_scripts,LoadedScripts::LOG,Log::WRITER_ASCII	538.0
1777928216.503053	zeek	counter	zeek_log_writer_writes_total	filter_name,module,path,stream,writer	default,PacketFilter,packet_filter,PacketFilter::LOG,Log::WRITER_ASCII	1.0
1777928216.503053	zeek	counter	zeek_log_writer_discarded_writes_total	filter_name,module,path,stream,writer	default,Analyzer::Logging,analyzer,Analyzer::Logging::LOG,Log::WRITER_ASCII	0.0
1777928216.503053	zeek	counter	zeek_log_writer_discarded_writes_total	filter_name,module,path,stream,writer	default,Conn,conn,Conn::LOG,Log::WRITER_ASCII	0.0
1777928216.503053	zeek	counter	zeek_log_writer_discarded_writes_total	filter_name,module,path,stream,writer	default,CaptureLoss,capture_loss,CaptureLoss::LOG,Log::WRITER_ASCII	0.0
1777928216.503053	zeek	counter	zeek_log_writer_discarded_writes_total	filter_name,module,path,stream,writer	default,Notice,notice,Notice::LOG,Log::WRITER_ASCII	0.0
1777928216.503053	zeek	counter	zeek_log_writer_discarded_writes_total	filter_name,module,path,stream,writer	default,Known,known_services,Known::SERVICES_LOG,Log::WRITER_ASCII	0.0
1777928216.503053	zeek	counter	zeek_log_writer_discarded_writes_total	filter_name,module,path,stream,writer	default,Stats,stats,Stats::LOG,Log::WRITER_ASCII	0.0
1777928216.503053	zeek	counter	zeek_log_writer_discarded_writes_total	filter_name,module,path,stream,writer	default,Telemetry,telemetry,Telemetry::LOG,Log::WRITER_ASCII	0.0
1777928216.503053	zeek	counter	zeek_log_writer_discarded_writes_total	filter_name,module,path,stream,writer	default,LoadedScripts,loaded_scripts,LoadedScripts::LOG,Log::WRITER_ASCII	0.0
1777928216.503053	zeek	counter	zeek_log_writer_discarded_writes_total	filter_name,module,path,stream,writer	default,PacketFilter,packet_filter,PacketFilter::LOG,Log::WRITER_ASCII	0.0
1777928216.503053	zeek	counter	zeek_log_writer_truncated_string_fields_total	filter_name,module,path,stream,writer	default,Analyzer::Logging,analyzer,Analyzer::Logging::LOG,Log::WRITER_ASCII	0.0
1777928216.503053	zeek	counter	zeek_log_writer_truncated_string_fields_total	filter_name,module,path,stream,writer	default,Conn,conn,Conn::LOG,Log::WRITER_ASCII	0.0
1777928216.503053	zeek	counter	zeek_log_writer_truncated_string_fields_total	filter_name,module,path,stream,writer	default,CaptureLoss,capture_loss,CaptureLoss::LOG,Log::WRITER_ASCII	0.0
1777928216.503053	zeek	counter	zeek_log_writer_truncated_string_fields_total	filter_name,module,path,stream,writer	default,Notice,notice,Notice::LOG,Log::WRITER_ASCII	0.0
1777928216.503053	zeek	counter	zeek_log_writer_truncated_string_fields_total	filter_name,module,path,stream,writer	default,Known,known_services,Known::SERVICES_LOG,Log::WRITER_ASCII	0.0
1777928216.503053	zeek	counter	zeek_log_writer_truncated_string_fields_total	filter_name,module,path,stream,writer	default,Stats,stats,Stats::LOG,Log::WRITER_ASCII	0.0
1777928216.503053	zeek	counter	zeek_log_writer_truncated_string_fields_total	filter_name,module,path,stream,writer	default,Telemetry,telemetry,Telemetry::LOG,Log::WRITER_ASCII	0.0
1777928216.503053	zeek	counter	zeek_log_writer_truncated_string_fields_total	filter_name,module,path,stream,writer	default,LoadedScripts,loaded_scripts,LoadedScripts::LOG,Log::WRITER_ASCII	0.0
1777928216.503053	zeek	counter	zeek_log_writer_truncated_string_fields_total	filter_name,module,path,stream,writer	default,PacketFilter,packet_filter,PacketFilter::LOG,Log::WRITER_ASCII	0.0
1777928216.503053	zeek	counter	zeek_log_writer_truncated_containers_total	filter_name,module,path,stream,writer	default,Analyzer::Logging,analyzer,Analyzer::Logging::LOG,Log::WRITER_ASCII	0.0
1777928216.503053	zeek	counter	zeek_log_writer_truncated_containers_total	filter_name,module,path,stream,writer	default,Conn,conn,Conn::LOG,Log::WRITER_ASCII	0.0
1777928216.503053	zeek	counter	zeek_log_writer_truncated_containers_total	filter_name,module,path,stream,writer	default,CaptureLoss,capture_loss,CaptureLoss::LOG,Log::WRITER_ASCII	0.0
1777928216.503053	zeek	counter	zeek_log_writer_truncated_containers_total	filter_name,module,path,stream,writer	default,Notice,notice,Notice::LOG,Log::WRITER_ASCII	0.0
1777928216.503053	zeek	counter	zeek_log_writer_truncated_containers_total	filter_name,module,path,stream,writer	default,Known,known_services,Known::SERVICES_LOG,Log::WRITER_ASCII	0.0
1777928216.503053	zeek	counter	zeek_log_writer_truncated_containers_total	filter_name,module,path,stream,writer	default,Stats,stats,Stats::LOG,Log::WRITER_ASCII	0.0
1777928216.503053	zeek	counter	zeek_log_writer_truncated_containers_total	filter_name,module,path,stream,writer	default,Telemetry,telemetry,Telemetry::LOG,Log::WRITER_ASCII	0.0
1777928216.503053	zeek	counter	zeek_log_writer_truncated_containers_total	filter_name,module,path,stream,writer	default,LoadedScripts,loaded_scripts,LoadedScripts::LOG,Log::WRITER_ASCII	0.0
1777928216.503053	zeek	counter	zeek_log_writer_truncated_containers_total	filter_name,module,path,stream,writer	default,PacketFilter,packet_filter,PacketFilter::LOG,Log::WRITER_ASCII	0.0
1777928216.503053	zeek	counter	zeek_net_received_bytes_total	(empty)	(empty)	15155387.0
1777928216.503053	zeek	counter	zeek_net_received_packets_total	(empty)	(empty)	67000.0
1777928216.503053	zeek	counter	zeek_net_dropped_packets_total	(empty)	(empty)	0.0
1777928216.503053	zeek	counter	zeek_net_link_packets_total	(empty)	(empty)	67000.0
1777928216.503053	zeek	counter	zeek_msgthread_threads_total	(empty)	(empty)	9.0
1777928216.503053	zeek	counter	zeek_msgthread_in_messages_total	(empty)	(empty)	40.0
1777928216.503053	zeek	counter	zeek_msgthread_out_messages_total	(empty)	(empty)	0.0
1777928216.503053	zeek	counter	zeek_cluster_core_outgoing_events_total	(empty)	(empty)	0.0
1777928216.503053	zeek	counter	zeek_cluster_core_incoming_events_total	(empty)	(empty)	0.0
1777928216.503053	zeek	counter	zeek_broker_incoming_events_total	(empty)	(empty)	0.0
1777928216.503053	zeek	counter	zeek_broker_outgoing_events_total	(empty)	(empty)	0.0
1777928216.503053	zeek	counter	zeek_broker_incoming_logs_total	(empty)	(empty)	0.0
1777928216.503053	zeek	counter	zeek_broker_outgoing_logs_total	(empty)	(empty)	0.0
1777928216.503053	zeek	counter	zeek_broker_incoming_ids_total	(empty)	(empty)	0.0
1777928216.503053	zeek	counter	zeek_broker_outgoing_ids_total	(empty)	(empty)	0.0
1777928216.503053	zeek	counter	zeek_timers_total	(empty)	(empty)	4789.0
1777928216.503053	zeek	counter	zeek_dnsmgr_requests_total	(empty)	(empty)	0.0
1777928216.503053	zeek	counter	zeek_dnsmgr_successful_requests_total	(empty)	(empty)	0.0
1777928216.503053	zeek	counter	zeek_dnsmgr_failed_requests_total	(empty)	(empty)	0.0
1777928216.503053	zeek	counter	zeek_triggers_total	(empty)	(empty)	0.0
1777928216.503053	zeek	counter	zeek_ended_sessions_total	reason	inactivity	14.0
1777928216.503053	zeek	counter	zeek_event_handler_invocations_total	name	connection_state_remove	14.0
1777928216.503053	zeek	counter	zeek_event_handler_invocations_total	name	analyzer_violation_info	1.0
1777928216.503053	zeek	counter	zeek_event_handler_invocations_total	name	zeek_init	1.0
1777928216.503053	zeek	counter	zeek_event_handler_invocations_total	name	Telemetry::log	13.0
1777928216.503053	zeek	counter	zeek_event_handler_invocations_total	name	NetControl::init	1.0
1777928216.503053	zeek	counter	zeek_event_handler_invocations_total	name	ChecksumOffloading::check	2.0
1777928216.503053	zeek	counter	zeek_event_handler_invocations_total	name	grab_vulnerable_versions	2.0
1777928216.503053	zeek	counter	zeek_event_handler_invocations_total	name	filter_change_tracking	4.0
1777928216.503053	zeek	counter	zeek_event_handler_invocations_total	name	Broker::log_flush	716.0
1777928216.503053	zeek	counter	zeek_event_handler_invocations_total	name	known_service_add	2.0
1777928216.503053	zeek	counter	zeek_event_handler_invocations_total	name	zeek_script_loaded	538.0
1777928216.503053	zeek	counter	zeek_event_handler_invocations_total	name	new_connection	15.0
1777928216.503053	zeek	counter	zeek_event_handler_invocations_total	name	check_stats	3.0
1777928216.503053	zeek	counter	zeek_event_handler_invocations_total	name	CaptureLoss::take_measurement	2.0
1777928216.503053	zeek	counter	zeek_event_handler_invocations_total	name	net_stats_update	3.0
1777928216.503053	zeek	counter	zeek_event_handler_invocations_total	name	service_info_commit	2.0
1777928216.503053	zeek	counter	zeek_event_handler_invocations_total	name	analyzer_confirmation_info	1.0
1777928216.503053	zeek	counter	zeek_event_handler_invocations_total	name	SumStats::finish_epoch	3.0
1777928216.503053	zeek	counter	zeek_total_sessions_total	protocol	unknown	1.0
1777928216.503053	zeek	counter	zeek_total_sessions_total	protocol	icmp	9.0
1777928216.503053	zeek	counter	zeek_total_sessions_total	protocol	udp	5.0
1777928216.503053	zeek	counter	zeek_total_sessions_total	protocol	tcp	0.0
1777928216.503053	zeek	gauge	zeek_version_info	beta,commit,debug,major,minor,patch,version_number,version_string	false,0,false,8,1,2,80102,8.1.2	1.0
1777928216.503053	zeek	gauge	zeek_net_packet_lag_seconds	(empty)	(empty)	0.001439
1777928216.503053	zeek	gauge	zeek_net_timestamp_seconds	(empty)	(empty)	1777928216.503053
1777928216.503053	zeek	gauge	zeek_msgthread_active_threads	(empty)	(empty)	9.0
1777928216.503053	zeek	gauge	zeek_msgthread_pending_in_messages	(empty)	(empty)	0.0
1777928216.503053	zeek	gauge	zeek_msgthread_pending_out_messages	(empty)	(empty)	0.0
1777928216.503053	zeek	gauge	zeek_msgthread_pending_messages_in_buckets	leq	inf	9.0
1777928216.503053	zeek	gauge	zeek_msgthread_pending_messages_in_buckets	leq	10000	9.0
1777928216.503053	zeek	gauge	zeek_msgthread_pending_messages_in_buckets	leq	1000	9.0
1777928216.503053	zeek	gauge	zeek_msgthread_pending_messages_in_buckets	leq	100	9.0
1777928216.503053	zeek	gauge	zeek_msgthread_pending_messages_in_buckets	leq	10	9.0
1777928216.503053	zeek	gauge	zeek_msgthread_pending_messages_in_buckets	leq	1	9.0
1777928216.503053	zeek	gauge	zeek_msgthread_pending_messages_out_buckets	leq	inf	9.0
1777928216.503053	zeek	gauge	zeek_msgthread_pending_messages_out_buckets	leq	10000	9.0
1777928216.503053	zeek	gauge	zeek_msgthread_pending_messages_out_buckets	leq	1000	9.0
1777928216.503053	zeek	gauge	zeek_msgthread_pending_messages_out_buckets	leq	100	9.0
1777928216.503053	zeek	gauge	zeek_msgthread_pending_messages_out_buckets	leq	10	9.0
1777928216.503053	zeek	gauge	zeek_msgthread_pending_messages_out_buckets	leq	1	9.0
1777928216.503053	zeek	gauge	zeek_broker_peers	(empty)	(empty)	0.0
1777928216.503053	zeek	gauge	zeek_broker_stores	(empty)	(empty)	1.0
1777928216.503053	zeek	gauge	zeek_broker_pending_queries	(empty)	(empty)	0.0
1777928216.503053	zeek	gauge	zeek_timers_lag_time_seconds	(empty)	(empty)	0.011125
1777928216.503053	zeek	gauge	zeek_timers_pending	type	LogDelayExpire	0.0
1777928216.503053	zeek	gauge	zeek_timers_pending	type	ThreadHeartbeat	1.0
1777928216.503053	zeek	gauge	zeek_timers_pending	type	TimerMgrExpireTimer	0.0
1777928216.503053	zeek	gauge	zeek_timers_pending	type	ParentProcessIDCheck	0.0
1777928216.503053	zeek	gauge	zeek_timers_pending	type	FragTimer	0.0
1777928216.503053	zeek	gauge	zeek_timers_pending	type	RotateTimer	0.0
1777928216.503053	zeek	gauge	zeek_timers_pending	type	FlowWeirdTimer	0.0
1777928216.503053	zeek	gauge	zeek_timers_pending	type	FileAnalysisInactivityTimer	0.0
1777928216.503053	zeek	gauge	zeek_timers_pending	type	StorageExpire	1.0
1777928216.503053	zeek	gauge	zeek_timers_pending	type	ConnectionInactivityTimer	1.0
1777928216.503053	zeek	gauge	zeek_timers_pending	type	TCPConnectionExpireTimer	0.0
1777928216.503053	zeek	gauge	zeek_timers_pending	type	ConnectionStatusUpdateTimer	0.0
1777928216.503053	zeek	gauge	zeek_timers_pending	type	LogFlushWriteBufferTimer	1.0
1777928216.503053	zeek	gauge	zeek_timers_pending	type	NetWeirdTimer	0.0
1777928216.503053	zeek	gauge	zeek_timers_pending	type	InterconnTimer	0.0
1777928216.503053	zeek	gauge	zeek_timers_pending	type	IPTunnelInactivityTimer	0.0
1777928216.503053	zeek	gauge	zeek_timers_pending	type	DNSExpireTimer	0.0
1777928216.503053	zeek	gauge	zeek_timers_pending	type	UnknownProtocolExpire	0.0
1777928216.503053	zeek	gauge	zeek_timers_pending	type	ProfileTimer	0.0
1777928216.503053	zeek	gauge	zeek_timers_pending	type	ConnectionExpireTimer	0.0
1777928216.503053	zeek	gauge	zeek_timers_pending	type	BreakpointTimer	0.0
1777928216.503053	zeek	gauge	zeek_timers_pending	type	BackdoorTimer	0.0
1777928216.503053	zeek	gauge	zeek_timers_pending	type	NetbiosExpireTimer	0.0
1777928216.503053	zeek	gauge	zeek_timers_pending	type	NetworkTimer	0.0
1777928216.503053	zeek	gauge	zeek_timers_pending	type	RemoveConnection	0.0
1777928216.503053	zeek	gauge	zeek_timers_pending	type	TCPConnectionResetTimer	0.0
1777928216.503053	zeek	gauge	zeek_timers_pending	type	ConnTupleWeirdTimer	0.0
1777928216.503053	zeek	gauge	zeek_timers_pending	type	TCPConnectionDeleteTimer	0.0
1777928216.503053	zeek	gauge	zeek_timers_pending	type	ScheduleTimer	6.0
1777928216.503053	zeek	gauge	zeek_timers_pending	type	NTPExpireTimer	0.0
1777928216.503053	zeek	gauge	zeek_timers_pending	type	RPCExpireTimer	0.0
1777928216.503053	zeek	gauge	zeek_timers_pending	type	ConnectionDeleteTimer	0.0
1777928216.503053	zeek	gauge	zeek_timers_pending	type	TriggerTimer	0.0
1777928216.503053	zeek	gauge	zeek_timers_pending	type	TableValTimer	34.0
1777928216.503053	zeek	gauge	zeek_timers_pending	type	TCPConnectionAttemptTimer	0.0
1777928216.503053	zeek	gauge	zeek_timers_pending	type	TCPConnectionPartialClose	0.0
1777928216.503053	zeek	gauge	zeek_dnsmgr_pending_asyncs_requests	(empty)	(empty)	0.0
1777928216.503053	zeek	gauge	zeek_dnsmgr_cache_entries	type	text	0.0
1777928216.503053	zeek	gauge	zeek_dnsmgr_cache_entries	type	address	0.0
1777928216.503053	zeek	gauge	zeek_dnsmgr_cache_entries	type	host	0.0
1777928216.503053	zeek	gauge	zeek_pending_triggers	(empty)	(empty)	0.0
1777928216.503053	zeek	gauge	zeek_active_sessions	protocol	unknown	0.0
1777928216.503053	zeek	gauge	zeek_active_sessions	protocol	icmp	0.0
1777928216.503053	zeek	gauge	zeek_active_sessions	protocol	udp	1.0
1777928216.503053	zeek	gauge	zeek_active_sessions	protocol	tcp	0.0
1777928276.504197	zeek	counter	process_cpu_user_seconds_total	(empty)	(empty)	5.01
1777928276.504197	zeek	counter	process_cpu_system_seconds_total	(empty)	(empty)	2.52
1777928276.504197	zeek	gauge	process_resident_memory_bytes	(empty)	(empty)	283987968.0
1777928276.504197	zeek	gauge	process_virtual_memory_bytes	(empty)	(empty)	1694384128.0
1777928276.504197	zeek	gauge	process_open_fds	(empty)	(empty)	49.0
1777928276.504197	zeek	gauge	process_start_time_seconds	(empty)	(empty)	1777927495.971219
1777928276.504197	zeek	counter	zeek_log_stream_writes_total	module,stream	Known,Known::SERVICES_LOG	2.0
1777928276.504197	zeek	counter	zeek_log_stream_writes_total	module,stream	Conn,Conn::LOG	14.0
1777928276.504197	zeek	counter	zeek_log_stream_writes_total	module,stream	CaptureLoss,CaptureLoss::LOG	1.0
1777928276.504197	zeek	counter	zeek_log_stream_writes_total	module,stream	Notice,Notice::LOG	1.0
1777928276.504197	zeek	counter	zeek_log_stream_writes_total	module,stream	Stats,Stats::LOG	3.0
1777928276.504197	zeek	counter	zeek_log_stream_writes_total	module,stream	Telemetry,Telemetry::LOG	1922.0
1777928276.504197	zeek	counter	zeek_log_stream_writes_total	module,stream	Analyzer::Logging,Analyzer::Logging::LOG	1.0
1777928276.504197	zeek	counter	zeek_log_stream_writes_total	module,stream	LoadedScripts,LoadedScripts::LOG	538.0
1777928276.504197	zeek	counter	zeek_log_stream_writes_total	module,stream	PacketFilter,PacketFilter::LOG	1.0
1777928276.504197	zeek	counter	zeek_log_writer_writes_total	filter_name,module,path,stream,writer	default,Analyzer::Logging,analyzer,Analyzer::Logging::LOG,Log::WRITER_ASCII	1.0
1777928276.504197	zeek	counter	zeek_log_writer_writes_total	filter_name,module,path,stream,writer	default,Conn,conn,Conn::LOG,Log::WRITER_ASCII	14.0
1777928276.504197	zeek	counter	zeek_log_writer_writes_total	filter_name,module,path,stream,writer	default,CaptureLoss,capture_loss,CaptureLoss::LOG,Log::WRITER_ASCII	1.0
1777928276.504197	zeek	counter	zeek_log_writer_writes_total	filter_name,module,path,stream,writer	default,Notice,notice,Notice::LOG,Log::WRITER_ASCII	1.0
1777928276.504197	zeek	counter	zeek_log_writer_writes_total	filter_name,module,path,stream,writer	default,Known,known_services,Known::SERVICES_LOG,Log::WRITER_ASCII	2.0
1777928276.504197	zeek	counter	zeek_log_writer_writes_total	filter_name,module,path,stream,writer	default,Stats,stats,Stats::LOG,Log::WRITER_ASCII	3.0
1777928276.504197	zeek	counter	zeek_log_writer_writes_total	filter_name,module,path,stream,writer	default,Telemetry,telemetry,Telemetry::LOG,Log::WRITER_ASCII	1922.0
1777928276.504197	zeek	counter	zeek_log_writer_writes_total	filter_name,module,path,stream,writer	default,LoadedScripts,loaded_scripts,LoadedScripts::LOG,Log::WRITER_ASCII	538.0
1777928276.504197	zeek	counter	zeek_log_writer_writes_total	filter_name,module,path,stream,writer	default,PacketFilter,packet_filter,PacketFilter::LOG,Log::WRITER_ASCII	1.0
1777928276.504197	zeek	counter	zeek_log_writer_discarded_writes_total	filter_name,module,path,stream,writer	default,Analyzer::Logging,analyzer,Analyzer::Logging::LOG,Log::WRITER_ASCII	0.0
1777928276.504197	zeek	counter	zeek_log_writer_discarded_writes_total	filter_name,module,path,stream,writer	default,Conn,conn,Conn::LOG,Log::WRITER_ASCII	0.0
1777928276.504197	zeek	counter	zeek_log_writer_discarded_writes_total	filter_name,module,path,stream,writer	default,CaptureLoss,capture_loss,CaptureLoss::LOG,Log::WRITER_ASCII	0.0
1777928276.504197	zeek	counter	zeek_log_writer_discarded_writes_total	filter_name,module,path,stream,writer	default,Notice,notice,Notice::LOG,Log::WRITER_ASCII	0.0
1777928276.504197	zeek	counter	zeek_log_writer_discarded_writes_total	filter_name,module,path,stream,writer	default,Known,known_services,Known::SERVICES_LOG,Log::WRITER_ASCII	0.0
1777928276.504197	zeek	counter	zeek_log_writer_discarded_writes_total	filter_name,module,path,stream,writer	default,Stats,stats,Stats::LOG,Log::WRITER_ASCII	0.0
1777928276.504197	zeek	counter	zeek_log_writer_discarded_writes_total	filter_name,module,path,stream,writer	default,Telemetry,telemetry,Telemetry::LOG,Log::WRITER_ASCII	0.0
1777928276.504197	zeek	counter	zeek_log_writer_discarded_writes_total	filter_name,module,path,stream,writer	default,LoadedScripts,loaded_scripts,LoadedScripts::LOG,Log::WRITER_ASCII	0.0
1777928276.504197	zeek	counter	zeek_log_writer_discarded_writes_total	filter_name,module,path,stream,writer	default,PacketFilter,packet_filter,PacketFilter::LOG,Log::WRITER_ASCII	0.0
1777928276.504197	zeek	counter	zeek_log_writer_truncated_string_fields_total	filter_name,module,path,stream,writer	default,Analyzer::Logging,analyzer,Analyzer::Logging::LOG,Log::WRITER_ASCII	0.0
1777928276.504197	zeek	counter	zeek_log_writer_truncated_string_fields_total	filter_name,module,path,stream,writer	default,Conn,conn,Conn::LOG,Log::WRITER_ASCII	0.0
1777928276.504197	zeek	counter	zeek_log_writer_truncated_string_fields_total	filter_name,module,path,stream,writer	default,CaptureLoss,capture_loss,CaptureLoss::LOG,Log::WRITER_ASCII	0.0
1777928276.504197	zeek	counter	zeek_log_writer_truncated_string_fields_total	filter_name,module,path,stream,writer	default,Notice,notice,Notice::LOG,Log::WRITER_ASCII	0.0
1777928276.504197	zeek	counter	zeek_log_writer_truncated_string_fields_total	filter_name,module,path,stream,writer	default,Known,known_services,Known::SERVICES_LOG,Log::WRITER_ASCII	0.0
1777928276.504197	zeek	counter	zeek_log_writer_truncated_string_fields_total	filter_name,module,path,stream,writer	default,Stats,stats,Stats::LOG,Log::WRITER_ASCII	0.0
1777928276.504197	zeek	counter	zeek_log_writer_truncated_string_fields_total	filter_name,module,path,stream,writer	default,Telemetry,telemetry,Telemetry::LOG,Log::WRITER_ASCII	0.0
1777928276.504197	zeek	counter	zeek_log_writer_truncated_string_fields_total	filter_name,module,path,stream,writer	default,LoadedScripts,loaded_scripts,LoadedScripts::LOG,Log::WRITER_ASCII	0.0
1777928276.504197	zeek	counter	zeek_log_writer_truncated_string_fields_total	filter_name,module,path,stream,writer	default,PacketFilter,packet_filter,PacketFilter::LOG,Log::WRITER_ASCII	0.0
1777928276.504197	zeek	counter	zeek_log_writer_truncated_containers_total	filter_name,module,path,stream,writer	default,Analyzer::Logging,analyzer,Analyzer::Logging::LOG,Log::WRITER_ASCII	0.0
1777928276.504197	zeek	counter	zeek_log_writer_truncated_containers_total	filter_name,module,path,stream,writer	default,Conn,conn,Conn::LOG,Log::WRITER_ASCII	0.0
1777928276.504197	zeek	counter	zeek_log_writer_truncated_containers_total	filter_name,module,path,stream,writer	default,CaptureLoss,capture_loss,CaptureLoss::LOG,Log::WRITER_ASCII	0.0
1777928276.504197	zeek	counter	zeek_log_writer_truncated_containers_total	filter_name,module,path,stream,writer	default,Notice,notice,Notice::LOG,Log::WRITER_ASCII	0.0
1777928276.504197	zeek	counter	zeek_log_writer_truncated_containers_total	filter_name,module,path,stream,writer	default,Known,known_services,Known::SERVICES_LOG,Log::WRITER_ASCII	0.0
1777928276.504197	zeek	counter	zeek_log_writer_truncated_containers_total	filter_name,module,path,stream,writer	default,Stats,stats,Stats::LOG,Log::WRITER_ASCII	0.0
1777928276.504197	zeek	counter	zeek_log_writer_truncated_containers_total	filter_name,module,path,stream,writer	default,Telemetry,telemetry,Telemetry::LOG,Log::WRITER_ASCII	0.0
1777928276.504197	zeek	counter	zeek_log_writer_truncated_containers_total	filter_name,module,path,stream,writer	default,LoadedScripts,loaded_scripts,LoadedScripts::LOG,Log::WRITER_ASCII	0.0
1777928276.504197	zeek	counter	zeek_log_writer_truncated_containers_total	filter_name,module,path,stream,writer	default,PacketFilter,packet_filter,PacketFilter::LOG,Log::WRITER_ASCII	0.0
1777928276.504197	zeek	counter	zeek_net_received_bytes_total	(empty)	(empty)	15895505.0
1777928276.504197	zeek	counter	zeek_net_received_packets_total	(empty)	(empty)	70143.0
1777928276.504197	zeek	counter	zeek_net_dropped_packets_total	(empty)	(empty)	0.0
1777928276.504197	zeek	counter	zeek_net_link_packets_total	(empty)	(empty)	70143.0
1777928276.504197	zeek	counter	zeek_msgthread_threads_total	(empty)	(empty)	9.0
1777928276.504197	zeek	counter	zeek_msgthread_in_messages_total	(empty)	(empty)	41.0
1777928276.504197	zeek	counter	zeek_msgthread_out_messages_total	(empty)	(empty)	0.0
1777928276.504197	zeek	counter	zeek_cluster_core_outgoing_events_total	(empty)	(empty)	0.0
1777928276.504197	zeek	counter	zeek_cluster_core_incoming_events_total	(empty)	(empty)	0.0
1777928276.504197	zeek	counter	zeek_broker_incoming_events_total	(empty)	(empty)	0.0
1777928276.504197	zeek	counter	zeek_broker_outgoing_events_total	(empty)	(empty)	0.0
1777928276.504197	zeek	counter	zeek_broker_incoming_logs_total	(empty)	(empty)	0.0
1777928276.504197	zeek	counter	zeek_broker_outgoing_logs_total	(empty)	(empty)	0.0
1777928276.504197	zeek	counter	zeek_broker_incoming_ids_total	(empty)	(empty)	0.0
1777928276.504197	zeek	counter	zeek_broker_outgoing_ids_total	(empty)	(empty)	0.0
1777928276.504197	zeek	counter	zeek_timers_total	(empty)	(empty)	5178.0
1777928276.504197	zeek	counter	zeek_dnsmgr_requests_total	(empty)	(empty)	0.0
1777928276.504197	zeek	counter	zeek_dnsmgr_successful_requests_total	(empty)	(empty)	0.0
1777928276.504197	zeek	counter	zeek_dnsmgr_failed_requests_total	(empty)	(empty)	0.0
1777928276.504197	zeek	counter	zeek_triggers_total	(empty)	(empty)	0.0
1777928276.504197	zeek	counter	zeek_ended_sessions_total	reason	inactivity	14.0
1777928276.504197	zeek	counter	zeek_event_handler_invocations_total	name	connection_state_remove	14.0
1777928276.504197	zeek	counter	zeek_event_handler_invocations_total	name	analyzer_violation_info	1.0
1777928276.504197	zeek	counter	zeek_event_handler_invocations_total	name	zeek_init	1.0
1777928276.504197	zeek	counter	zeek_event_handler_invocations_total	name	Telemetry::log	14.0
1777928276.504197	zeek	counter	zeek_event_handler_invocations_total	name	NetControl::init	1.0
1777928276.504197	zeek	counter	zeek_event_handler_invocations_total	name	ChecksumOffloading::check	2.0
1777928276.504197	zeek	counter	zeek_event_handler_invocations_total	name	grab_vulnerable_versions	2.0
1777928276.504197	zeek	counter	zeek_event_handler_invocations_total	name	filter_change_tracking	4.0
1777928276.504197	zeek	counter	zeek_event_handler_invocations_total	name	Broker::log_flush	775.0
1777928276.504197	zeek	counter	zeek_event_handler_invocations_total	name	known_service_add	2.0
1777928276.504197	zeek	counter	zeek_event_handler_invocations_total	name	zeek_script_loaded	538.0
1777928276.504197	zeek	counter	zeek_event_handler_invocations_total	name	new_connection	15.0
1777928276.504197	zeek	counter	zeek_event_handler_invocations_total	name	check_stats	3.0
1777928276.504197	zeek	counter	zeek_event_handler_invocations_total	name	CaptureLoss::take_measurement	2.0
1777928276.504197	zeek	counter	zeek_event_handler_invocations_total	name	net_stats_update	3.0
1777928276.504197	zeek	counter	zeek_event_handler_invocations_total	name	service_info_commit	2.0
1777928276.504197	zeek	counter	zeek_event_handler_invocations_total	name	analyzer_confirmation_info	1.0
1777928276.504197	zeek	counter	zeek_event_handler_invocations_total	name	SumStats::finish_epoch	3.0
1777928276.504197	zeek	counter	zeek_total_sessions_total	protocol	unknown	1.0
1777928276.504197	zeek	counter	zeek_total_sessions_total	protocol	icmp	9.0
1777928276.504197	zeek	counter	zeek_total_sessions_total	protocol	udp	5.0
1777928276.504197	zeek	counter	zeek_total_sessions_total	protocol	tcp	0.0
1777928276.504197	zeek	gauge	zeek_version_info	beta,commit,debug,major,minor,patch,version_number,version_string	false,0,false,8,1,2,80102,8.1.2	1.0
1777928276.504197	zeek	gauge	zeek_net_packet_lag_seconds	(empty)	(empty)	0.003053
1777928276.504197	zeek	gauge	zeek_net_timestamp_seconds	(empty)	(empty)	1777928276.504197
1777928276.504197	zeek	gauge	zeek_msgthread_active_threads	(empty)	(empty)	9.0
1777928276.504197	zeek	gauge	zeek_msgthread_pending_in_messages	(empty)	(empty)	0.0
1777928276.504197	zeek	gauge	zeek_msgthread_pending_out_messages	(empty)	(empty)	0.0
1777928276.504197	zeek	gauge	zeek_msgthread_pending_messages_in_buckets	leq	inf	9.0
1777928276.504197	zeek	gauge	zeek_msgthread_pending_messages_in_buckets	leq	10000	9.0
1777928276.504197	zeek	gauge	zeek_msgthread_pending_messages_in_buckets	leq	1000	9.0
1777928276.504197	zeek	gauge	zeek_msgthread_pending_messages_in_buckets	leq	100	9.0
1777928276.504197	zeek	gauge	zeek_msgthread_pending_messages_in_buckets	leq	10	9.0
1777928276.504197	zeek	gauge	zeek_msgthread_pending_messages_in_buckets	leq	1	9.0
1777928276.504197	zeek	gauge	zeek_msgthread_pending_messages_out_buckets	leq	inf	9.0
1777928276.504197	zeek	gauge	zeek_msgthread_pending_messages_out_buckets	leq	10000	9.0
1777928276.504197	zeek	gauge	zeek_msgthread_pending_messages_out_buckets	leq	1000	9.0
1777928276.504197	zeek	gauge	zeek_msgthread_pending_messages_out_buckets	leq	100	9.0
1777928276.504197	zeek	gauge	zeek_msgthread_pending_messages_out_buckets	leq	10	9.0
1777928276.504197	zeek	gauge	zeek_msgthread_pending_messages_out_buckets	leq	1	9.0
1777928276.504197	zeek	gauge	zeek_broker_peers	(empty)	(empty)	0.0
1777928276.504197	zeek	gauge	zeek_broker_stores	(empty)	(empty)	1.0
1777928276.504197	zeek	gauge	zeek_broker_pending_queries	(empty)	(empty)	0.0
1777928276.504197	zeek	gauge	zeek_timers_lag_time_seconds	(empty)	(empty)	0.000091
1777928276.504197	zeek	gauge	zeek_timers_pending	type	LogDelayExpire	0.0
1777928276.504197	zeek	gauge	zeek_timers_pending	type	ThreadHeartbeat	1.0
1777928276.504197	zeek	gauge	zeek_timers_pending	type	TimerMgrExpireTimer	0.0
1777928276.504197	zeek	gauge	zeek_timers_pending	type	ParentProcessIDCheck	0.0
1777928276.504197	zeek	gauge	zeek_timers_pending	type	FragTimer	0.0
1777928276.504197	zeek	gauge	zeek_timers_pending	type	RotateTimer	0.0
1777928276.504197	zeek	gauge	zeek_timers_pending	type	FlowWeirdTimer	0.0
1777928276.504197	zeek	gauge	zeek_timers_pending	type	FileAnalysisInactivityTimer	0.0
1777928276.504197	zeek	gauge	zeek_timers_pending	type	StorageExpire	1.0
1777928276.504197	zeek	gauge	zeek_timers_pending	type	ConnectionInactivityTimer	1.0
1777928276.504197	zeek	gauge	zeek_timers_pending	type	TCPConnectionExpireTimer	0.0
1777928276.504197	zeek	gauge	zeek_timers_pending	type	ConnectionStatusUpdateTimer	0.0
1777928276.504197	zeek	gauge	zeek_timers_pending	type	LogFlushWriteBufferTimer	1.0
1777928276.504197	zeek	gauge	zeek_timers_pending	type	NetWeirdTimer	0.0
1777928276.504197	zeek	gauge	zeek_timers_pending	type	InterconnTimer	0.0
1777928276.504197	zeek	gauge	zeek_timers_pending	type	IPTunnelInactivityTimer	0.0
1777928276.504197	zeek	gauge	zeek_timers_pending	type	DNSExpireTimer	0.0
1777928276.504197	zeek	gauge	zeek_timers_pending	type	UnknownProtocolExpire	0.0
1777928276.504197	zeek	gauge	zeek_timers_pending	type	ProfileTimer	0.0
1777928276.504197	zeek	gauge	zeek_timers_pending	type	ConnectionExpireTimer	0.0
1777928276.504197	zeek	gauge	zeek_timers_pending	type	BreakpointTimer	0.0
1777928276.504197	zeek	gauge	zeek_timers_pending	type	BackdoorTimer	0.0
1777928276.504197	zeek	gauge	zeek_timers_pending	type	NetbiosExpireTimer	0.0
1777928276.504197	zeek	gauge	zeek_timers_pending	type	NetworkTimer	0.0
1777928276.504197	zeek	gauge	zeek_timers_pending	type	RemoveConnection	0.0
1777928276.504197	zeek	gauge	zeek_timers_pending	type	TCPConnectionResetTimer	0.0
1777928276.504197	zeek	gauge	zeek_timers_pending	type	ConnTupleWeirdTimer	0.0
1777928276.504197	zeek	gauge	zeek_timers_pending	type	TCPConnectionDeleteTimer	0.0
1777928276.504197	zeek	gauge	zeek_timers_pending	type	ScheduleTimer	5.0
1777928276.504197	zeek	gauge	zeek_timers_pending	type	NTPExpireTimer	0.0
1777928276.504197	zeek	gauge	zeek_timers_pending	type	RPCExpireTimer	0.0
1777928276.504197	zeek	gauge	zeek_timers_pending	type	ConnectionDeleteTimer	0.0
1777928276.504197	zeek	gauge	zeek_timers_pending	type	TriggerTimer	0.0
1777928276.504197	zeek	gauge	zeek_timers_pending	type	TableValTimer	34.0
1777928276.504197	zeek	gauge	zeek_timers_pending	type	TCPConnectionAttemptTimer	0.0
1777928276.504197	zeek	gauge	zeek_timers_pending	type	TCPConnectionPartialClose	0.0
1777928276.504197	zeek	gauge	zeek_dnsmgr_pending_asyncs_requests	(empty)	(empty)	0.0
1777928276.504197	zeek	gauge	zeek_dnsmgr_cache_entries	type	text	0.0
1777928276.504197	zeek	gauge	zeek_dnsmgr_cache_entries	type	address	0.0
1777928276.504197	zeek	gauge	zeek_dnsmgr_cache_entries	type	host	0.0
1777928276.504197	zeek	gauge	zeek_pending_triggers	(empty)	(empty)	0.0
1777928276.504197	zeek	gauge	zeek_active_sessions	protocol	unknown	0.0
1777928276.504197	zeek	gauge	zeek_active_sessions	protocol	icmp	0.0
1777928276.504197	zeek	gauge	zeek_active_sessions	protocol	udp	1.0
1777928276.504197	zeek	gauge	zeek_active_sessions	protocol	tcp	0.0
1777928336.504840	zeek	counter	process_cpu_user_seconds_total	(empty)	(empty)	5.09
1777928336.504840	zeek	counter	process_cpu_system_seconds_total	(empty)	(empty)	2.58
1777928336.504840	zeek	gauge	process_resident_memory_bytes	(empty)	(empty)	283987968.0
1777928336.504840	zeek	gauge	process_virtual_memory_bytes	(empty)	(empty)	1694384128.0
1777928336.504840	zeek	gauge	process_open_fds	(empty)	(empty)	49.0
1777928336.504840	zeek	gauge	process_start_time_seconds	(empty)	(empty)	1777927495.971219
1777928336.504840	zeek	counter	zeek_log_stream_writes_total	module,stream	Known,Known::SERVICES_LOG	2.0
1777928336.504840	zeek	counter	zeek_log_stream_writes_total	module,stream	Conn,Conn::LOG	15.0
1777928336.504840	zeek	counter	zeek_log_stream_writes_total	module,stream	CaptureLoss,CaptureLoss::LOG	1.0
1777928336.504840	zeek	counter	zeek_log_stream_writes_total	module,stream	Notice,Notice::LOG	1.0
1777928336.504840	zeek	counter	zeek_log_stream_writes_total	module,stream	Stats,Stats::LOG	3.0
1777928336.504840	zeek	counter	zeek_log_stream_writes_total	module,stream	Telemetry,Telemetry::LOG	2083.0
1777928336.504840	zeek	counter	zeek_log_stream_writes_total	module,stream	Analyzer::Logging,Analyzer::Logging::LOG	1.0
1777928336.504840	zeek	counter	zeek_log_stream_writes_total	module,stream	LoadedScripts,LoadedScripts::LOG	538.0
1777928336.504840	zeek	counter	zeek_log_stream_writes_total	module,stream	PacketFilter,PacketFilter::LOG	1.0
1777928336.504840	zeek	counter	zeek_log_writer_writes_total	filter_name,module,path,stream,writer	default,Analyzer::Logging,analyzer,Analyzer::Logging::LOG,Log::WRITER_ASCII	1.0
1777928336.504840	zeek	counter	zeek_log_writer_writes_total	filter_name,module,path,stream,writer	default,Conn,conn,Conn::LOG,Log::WRITER_ASCII	15.0
1777928336.504840	zeek	counter	zeek_log_writer_writes_total	filter_name,module,path,stream,writer	default,CaptureLoss,capture_loss,CaptureLoss::LOG,Log::WRITER_ASCII	1.0
1777928336.504840	zeek	counter	zeek_log_writer_writes_total	filter_name,module,path,stream,writer	default,Notice,notice,Notice::LOG,Log::WRITER_ASCII	1.0
1777928336.504840	zeek	counter	zeek_log_writer_writes_total	filter_name,module,path,stream,writer	default,Known,known_services,Known::SERVICES_LOG,Log::WRITER_ASCII	2.0
1777928336.504840	zeek	counter	zeek_log_writer_writes_total	filter_name,module,path,stream,writer	default,Stats,stats,Stats::LOG,Log::WRITER_ASCII	3.0
1777928336.504840	zeek	counter	zeek_log_writer_writes_total	filter_name,module,path,stream,writer	default,Telemetry,telemetry,Telemetry::LOG,Log::WRITER_ASCII	2083.0
1777928336.504840	zeek	counter	zeek_log_writer_writes_total	filter_name,module,path,stream,writer	default,LoadedScripts,loaded_scripts,LoadedScripts::LOG,Log::WRITER_ASCII	538.0
1777928336.504840	zeek	counter	zeek_log_writer_writes_total	filter_name,module,path,stream,writer	default,PacketFilter,packet_filter,PacketFilter::LOG,Log::WRITER_ASCII	1.0
1777928336.504840	zeek	counter	zeek_log_writer_discarded_writes_total	filter_name,module,path,stream,writer	default,Analyzer::Logging,analyzer,Analyzer::Logging::LOG,Log::WRITER_ASCII	0.0
1777928336.504840	zeek	counter	zeek_log_writer_discarded_writes_total	filter_name,module,path,stream,writer	default,Conn,conn,Conn::LOG,Log::WRITER_ASCII	0.0
1777928336.504840	zeek	counter	zeek_log_writer_discarded_writes_total	filter_name,module,path,stream,writer	default,CaptureLoss,capture_loss,CaptureLoss::LOG,Log::WRITER_ASCII	0.0
1777928336.504840	zeek	counter	zeek_log_writer_discarded_writes_total	filter_name,module,path,stream,writer	default,Notice,notice,Notice::LOG,Log::WRITER_ASCII	0.0
1777928336.504840	zeek	counter	zeek_log_writer_discarded_writes_total	filter_name,module,path,stream,writer	default,Known,known_services,Known::SERVICES_LOG,Log::WRITER_ASCII	0.0
1777928336.504840	zeek	counter	zeek_log_writer_discarded_writes_total	filter_name,module,path,stream,writer	default,Stats,stats,Stats::LOG,Log::WRITER_ASCII	0.0
1777928336.504840	zeek	counter	zeek_log_writer_discarded_writes_total	filter_name,module,path,stream,writer	default,Telemetry,telemetry,Telemetry::LOG,Log::WRITER_ASCII	0.0
1777928336.504840	zeek	counter	zeek_log_writer_discarded_writes_total	filter_name,module,path,stream,writer	default,LoadedScripts,loaded_scripts,LoadedScripts::LOG,Log::WRITER_ASCII	0.0
1777928336.504840	zeek	counter	zeek_log_writer_discarded_writes_total	filter_name,module,path,stream,writer	default,PacketFilter,packet_filter,PacketFilter::LOG,Log::WRITER_ASCII	0.0
1777928336.504840	zeek	counter	zeek_log_writer_truncated_string_fields_total	filter_name,module,path,stream,writer	default,Analyzer::Logging,analyzer,Analyzer::Logging::LOG,Log::WRITER_ASCII	0.0
1777928336.504840	zeek	counter	zeek_log_writer_truncated_string_fields_total	filter_name,module,path,stream,writer	default,Conn,conn,Conn::LOG,Log::WRITER_ASCII	0.0
1777928336.504840	zeek	counter	zeek_log_writer_truncated_string_fields_total	filter_name,module,path,stream,writer	default,CaptureLoss,capture_loss,CaptureLoss::LOG,Log::WRITER_ASCII	0.0
1777928336.504840	zeek	counter	zeek_log_writer_truncated_string_fields_total	filter_name,module,path,stream,writer	default,Notice,notice,Notice::LOG,Log::WRITER_ASCII	0.0
1777928336.504840	zeek	counter	zeek_log_writer_truncated_string_fields_total	filter_name,module,path,stream,writer	default,Known,known_services,Known::SERVICES_LOG,Log::WRITER_ASCII	0.0
1777928336.504840	zeek	counter	zeek_log_writer_truncated_string_fields_total	filter_name,module,path,stream,writer	default,Stats,stats,Stats::LOG,Log::WRITER_ASCII	0.0
1777928336.504840	zeek	counter	zeek_log_writer_truncated_string_fields_total	filter_name,module,path,stream,writer	default,Telemetry,telemetry,Telemetry::LOG,Log::WRITER_ASCII	0.0
1777928336.504840	zeek	counter	zeek_log_writer_truncated_string_fields_total	filter_name,module,path,stream,writer	default,LoadedScripts,loaded_scripts,LoadedScripts::LOG,Log::WRITER_ASCII	0.0
1777928336.504840	zeek	counter	zeek_log_writer_truncated_string_fields_total	filter_name,module,path,stream,writer	default,PacketFilter,packet_filter,PacketFilter::LOG,Log::WRITER_ASCII	0.0
1777928336.504840	zeek	counter	zeek_log_writer_truncated_containers_total	filter_name,module,path,stream,writer	default,Analyzer::Logging,analyzer,Analyzer::Logging::LOG,Log::WRITER_ASCII	0.0
1777928336.504840	zeek	counter	zeek_log_writer_truncated_containers_total	filter_name,module,path,stream,writer	default,Conn,conn,Conn::LOG,Log::WRITER_ASCII	0.0
1777928336.504840	zeek	counter	zeek_log_writer_truncated_containers_total	filter_name,module,path,stream,writer	default,CaptureLoss,capture_loss,CaptureLoss::LOG,Log::WRITER_ASCII	0.0
1777928336.504840	zeek	counter	zeek_log_writer_truncated_containers_total	filter_name,module,path,stream,writer	default,Notice,notice,Notice::LOG,Log::WRITER_ASCII	0.0
1777928336.504840	zeek	counter	zeek_log_writer_truncated_containers_total	filter_name,module,path,stream,writer	default,Known,known_services,Known::SERVICES_LOG,Log::WRITER_ASCII	0.0
1777928336.504840	zeek	counter	zeek_log_writer_truncated_containers_total	filter_name,module,path,stream,writer	default,Stats,stats,Stats::LOG,Log::WRITER_ASCII	0.0
1777928336.504840	zeek	counter	zeek_log_writer_truncated_containers_total	filter_name,module,path,stream,writer	default,Telemetry,telemetry,Telemetry::LOG,Log::WRITER_ASCII	0.0
1777928336.504840	zeek	counter	zeek_log_writer_truncated_containers_total	filter_name,module,path,stream,writer	default,LoadedScripts,loaded_scripts,LoadedScripts::LOG,Log::WRITER_ASCII	0.0
1777928336.504840	zeek	counter	zeek_log_writer_truncated_containers_total	filter_name,module,path,stream,writer	default,PacketFilter,packet_filter,PacketFilter::LOG,Log::WRITER_ASCII	0.0
1777928336.504840	zeek	counter	zeek_net_received_bytes_total	(empty)	(empty)	15895505.0
1777928336.504840	zeek	counter	zeek_net_received_packets_total	(empty)	(empty)	70143.0
1777928336.504840	zeek	counter	zeek_net_dropped_packets_total	(empty)	(empty)	0.0
1777928336.504840	zeek	counter	zeek_net_link_packets_total	(empty)	(empty)	70143.0
1777928336.504840	zeek	counter	zeek_msgthread_threads_total	(empty)	(empty)	9.0
1777928336.504840	zeek	counter	zeek_msgthread_in_messages_total	(empty)	(empty)	43.0
1777928336.504840	zeek	counter	zeek_msgthread_out_messages_total	(empty)	(empty)	0.0
1777928336.504840	zeek	counter	zeek_cluster_core_outgoing_events_total	(empty)	(empty)	0.0
1777928336.504840	zeek	counter	zeek_cluster_core_incoming_events_total	(empty)	(empty)	0.0
1777928336.504840	zeek	counter	zeek_broker_incoming_events_total	(empty)	(empty)	0.0
1777928336.504840	zeek	counter	zeek_broker_outgoing_events_total	(empty)	(empty)	0.0
1777928336.504840	zeek	counter	zeek_broker_incoming_logs_total	(empty)	(empty)	0.0
1777928336.504840	zeek	counter	zeek_broker_outgoing_logs_total	(empty)	(empty)	0.0
1777928336.504840	zeek	counter	zeek_broker_incoming_ids_total	(empty)	(empty)	0.0
1777928336.504840	zeek	counter	zeek_broker_outgoing_ids_total	(empty)	(empty)	0.0
1777928336.504840	zeek	counter	zeek_timers_total	(empty)	(empty)	5565.0
1777928336.504840	zeek	counter	zeek_dnsmgr_requests_total	(empty)	(empty)	0.0
1777928336.504840	zeek	counter	zeek_dnsmgr_successful_requests_total	(empty)	(empty)	0.0
1777928336.504840	zeek	counter	zeek_dnsmgr_failed_requests_total	(empty)	(empty)	0.0
1777928336.504840	zeek	counter	zeek_triggers_total	(empty)	(empty)	0.0
1777928336.504840	zeek	counter	zeek_ended_sessions_total	reason	inactivity	15.0
1777928336.504840	zeek	counter	zeek_event_handler_invocations_total	name	connection_state_remove	15.0
1777928336.504840	zeek	counter	zeek_event_handler_invocations_total	name	analyzer_violation_info	1.0
1777928336.504840	zeek	counter	zeek_event_handler_invocations_total	name	zeek_init	1.0
1777928336.504840	zeek	counter	zeek_event_handler_invocations_total	name	Telemetry::log	15.0
1777928336.504840	zeek	counter	zeek_event_handler_invocations_total	name	NetControl::init	1.0
1777928336.504840	zeek	counter	zeek_event_handler_invocations_total	name	ChecksumOffloading::check	2.0
1777928336.504840	zeek	counter	zeek_event_handler_invocations_total	name	grab_vulnerable_versions	2.0
1777928336.504840	zeek	counter	zeek_event_handler_invocations_total	name	filter_change_tracking	4.0
1777928336.504840	zeek	counter	zeek_event_handler_invocations_total	name	Broker::log_flush	835.0
1777928336.504840	zeek	counter	zeek_event_handler_invocations_total	name	known_service_add	2.0
1777928336.504840	zeek	counter	zeek_event_handler_invocations_total	name	zeek_script_loaded	538.0
1777928336.504840	zeek	counter	zeek_event_handler_invocations_total	name	new_connection	15.0
1777928336.504840	zeek	counter	zeek_event_handler_invocations_total	name	check_stats	3.0
1777928336.504840	zeek	counter	zeek_event_handler_invocations_total	name	CaptureLoss::take_measurement	2.0
1777928336.504840	zeek	counter	zeek_event_handler_invocations_total	name	net_stats_update	3.0
1777928336.504840	zeek	counter	zeek_event_handler_invocations_total	name	service_info_commit	2.0
1777928336.504840	zeek	counter	zeek_event_handler_invocations_total	name	analyzer_confirmation_info	1.0
1777928336.504840	zeek	counter	zeek_event_handler_invocations_total	name	SumStats::finish_epoch	3.0
1777928336.504840	zeek	counter	zeek_total_sessions_total	protocol	unknown	1.0
1777928336.504840	zeek	counter	zeek_total_sessions_total	protocol	icmp	9.0
1777928336.504840	zeek	counter	zeek_total_sessions_total	protocol	udp	5.0
1777928336.504840	zeek	counter	zeek_total_sessions_total	protocol	tcp	0.0
1777928336.504840	zeek	gauge	zeek_version_info	beta,commit,debug,major,minor,patch,version_number,version_string	false,0,false,8,1,2,80102,8.1.2	1.0
1777928336.504840	zeek	gauge	zeek_net_packet_lag_seconds	(empty)	(empty)	0.002667
1777928336.504840	zeek	gauge	zeek_net_timestamp_seconds	(empty)	(empty)	1777928336.50484
1777928336.504840	zeek	gauge	zeek_msgthread_active_threads	(empty)	(empty)	9.0
1777928336.504840	zeek	gauge	zeek_msgthread_pending_in_messages	(empty)	(empty)	0.0
1777928336.504840	zeek	gauge	zeek_msgthread_pending_out_messages	(empty)	(empty)	0.0
1777928336.504840	zeek	gauge	zeek_msgthread_pending_messages_in_buckets	leq	inf	9.0
1777928336.504840	zeek	gauge	zeek_msgthread_pending_messages_in_buckets	leq	10000	9.0
1777928336.504840	zeek	gauge	zeek_msgthread_pending_messages_in_buckets	leq	1000	9.0
1777928336.504840	zeek	gauge	zeek_msgthread_pending_messages_in_buckets	leq	100	9.0
1777928336.504840	zeek	gauge	zeek_msgthread_pending_messages_in_buckets	leq	10	9.0
1777928336.504840	zeek	gauge	zeek_msgthread_pending_messages_in_buckets	leq	1	9.0
1777928336.504840	zeek	gauge	zeek_msgthread_pending_messages_out_buckets	leq	inf	9.0
1777928336.504840	zeek	gauge	zeek_msgthread_pending_messages_out_buckets	leq	10000	9.0
1777928336.504840	zeek	gauge	zeek_msgthread_pending_messages_out_buckets	leq	1000	9.0
1777928336.504840	zeek	gauge	zeek_msgthread_pending_messages_out_buckets	leq	100	9.0
1777928336.504840	zeek	gauge	zeek_msgthread_pending_messages_out_buckets	leq	10	9.0
1777928336.504840	zeek	gauge	zeek_msgthread_pending_messages_out_buckets	leq	1	9.0
1777928336.504840	zeek	gauge	zeek_broker_peers	(empty)	(empty)	0.0
1777928336.504840	zeek	gauge	zeek_broker_stores	(empty)	(empty)	1.0
1777928336.504840	zeek	gauge	zeek_broker_pending_queries	(empty)	(empty)	0.0
1777928336.504840	zeek	gauge	zeek_timers_lag_time_seconds	(empty)	(empty)	0.000643
1777928336.504840	zeek	gauge	zeek_timers_pending	type	LogDelayExpire	0.0
1777928336.504840	zeek	gauge	zeek_timers_pending	type	ThreadHeartbeat	1.0
1777928336.504840	zeek	gauge	zeek_timers_pending	type	TimerMgrExpireTimer	0.0
1777928336.504840	zeek	gauge	zeek_timers_pending	type	ParentProcessIDCheck	0.0
1777928336.504840	zeek	gauge	zeek_timers_pending	type	FragTimer	0.0
1777928336.504840	zeek	gauge	zeek_timers_pending	type	RotateTimer	0.0
1777928336.504840	zeek	gauge	zeek_timers_pending	type	FlowWeirdTimer	0.0
1777928336.504840	zeek	gauge	zeek_timers_pending	type	FileAnalysisInactivityTimer	0.0
1777928336.504840	zeek	gauge	zeek_timers_pending	type	StorageExpire	1.0
1777928336.504840	zeek	gauge	zeek_timers_pending	type	ConnectionInactivityTimer	0.0
1777928336.504840	zeek	gauge	zeek_timers_pending	type	TCPConnectionExpireTimer	0.0
1777928336.504840	zeek	gauge	zeek_timers_pending	type	ConnectionStatusUpdateTimer	0.0
1777928336.504840	zeek	gauge	zeek_timers_pending	type	LogFlushWriteBufferTimer	1.0
1777928336.504840	zeek	gauge	zeek_timers_pending	type	NetWeirdTimer	0.0
1777928336.504840	zeek	gauge	zeek_timers_pending	type	InterconnTimer	0.0
1777928336.504840	zeek	gauge	zeek_timers_pending	type	IPTunnelInactivityTimer	0.0
1777928336.504840	zeek	gauge	zeek_timers_pending	type	DNSExpireTimer	0.0
1777928336.504840	zeek	gauge	zeek_timers_pending	type	UnknownProtocolExpire	0.0
1777928336.504840	zeek	gauge	zeek_timers_pending	type	ProfileTimer	0.0
1777928336.504840	zeek	gauge	zeek_timers_pending	type	ConnectionExpireTimer	0.0
1777928336.504840	zeek	gauge	zeek_timers_pending	type	BreakpointTimer	0.0
1777928336.504840	zeek	gauge	zeek_timers_pending	type	BackdoorTimer	0.0
1777928336.504840	zeek	gauge	zeek_timers_pending	type	NetbiosExpireTimer	0.0
1777928336.504840	zeek	gauge	zeek_timers_pending	type	NetworkTimer	0.0
1777928336.504840	zeek	gauge	zeek_timers_pending	type	RemoveConnection	0.0
1777928336.504840	zeek	gauge	zeek_timers_pending	type	TCPConnectionResetTimer	0.0
1777928336.504840	zeek	gauge	zeek_timers_pending	type	ConnTupleWeirdTimer	0.0
1777928336.504840	zeek	gauge	zeek_timers_pending	type	TCPConnectionDeleteTimer	0.0
1777928336.504840	zeek	gauge	zeek_timers_pending	type	ScheduleTimer	6.0
1777928336.504840	zeek	gauge	zeek_timers_pending	type	NTPExpireTimer	0.0
1777928336.504840	zeek	gauge	zeek_timers_pending	type	RPCExpireTimer	0.0
1777928336.504840	zeek	gauge	zeek_timers_pending	type	ConnectionDeleteTimer	0.0
1777928336.504840	zeek	gauge	zeek_timers_pending	type	TriggerTimer	0.0
1777928336.504840	zeek	gauge	zeek_timers_pending	type	TableValTimer	34.0
1777928336.504840	zeek	gauge	zeek_timers_pending	type	TCPConnectionAttemptTimer	0.0
1777928336.504840	zeek	gauge	zeek_timers_pending	type	TCPConnectionPartialClose	0.0
1777928336.504840	zeek	gauge	zeek_dnsmgr_pending_asyncs_requests	(empty)	(empty)	0.0
1777928336.504840	zeek	gauge	zeek_dnsmgr_cache_entries	type	text	0.0
1777928336.504840	zeek	gauge	zeek_dnsmgr_cache_entries	type	address	0.0
1777928336.504840	zeek	gauge	zeek_dnsmgr_cache_entries	type	host	0.0
1777928336.504840	zeek	gauge	zeek_pending_triggers	(empty)	(empty)	0.0
1777928336.504840	zeek	gauge	zeek_active_sessions	protocol	unknown	0.0
1777928336.504840	zeek	gauge	zeek_active_sessions	protocol	icmp	0.0
1777928336.504840	zeek	gauge	zeek_active_sessions	protocol	udp	0.0
1777928336.504840	zeek	gauge	zeek_active_sessions	protocol	tcp	0.0
