#separator \x09
#set_separator	,
#empty_field	(empty)
#unset_field	-
#path	telemetry
#open	2026-05-04-21-57-58
#fields	ts	peer	metric_type	name	labels	label_values	value
#types	time	string	string	string	vector[string]	vector[string]	double
1777931878.049549	zeek	counter	process_cpu_user_seconds_total	(empty)	(empty)	0.3
1777931878.049549	zeek	counter	process_cpu_system_seconds_total	(empty)	(empty)	0.11
1777931878.049549	zeek	gauge	process_resident_memory_bytes	(empty)	(empty)	283172864.0
1777931878.049549	zeek	gauge	process_virtual_memory_bytes	(empty)	(empty)	1165877248.0
1777931878.049549	zeek	gauge	process_open_fds	(empty)	(empty)	28.0
1777931878.049549	zeek	gauge	process_start_time_seconds	(empty)	(empty)	1777931877.626113
1777931878.049549	zeek	counter	zeek_log_stream_writes_total	module,stream	LoadedScripts,LoadedScripts::LOG	538.0
1777931878.049549	zeek	counter	zeek_log_stream_writes_total	module,stream	PacketFilter,PacketFilter::LOG	1.0
1777931878.049549	zeek	counter	zeek_log_writer_writes_total	filter_name,module,path,stream,writer	default,LoadedScripts,loaded_scripts,LoadedScripts::LOG,Log::WRITER_ASCII	538.0
1777931878.049549	zeek	counter	zeek_log_writer_writes_total	filter_name,module,path,stream,writer	default,PacketFilter,packet_filter,PacketFilter::LOG,Log::WRITER_ASCII	1.0
1777931878.049549	zeek	counter	zeek_log_writer_discarded_writes_total	filter_name,module,path,stream,writer	default,LoadedScripts,loaded_scripts,LoadedScripts::LOG,Log::WRITER_ASCII	0.0
1777931878.049549	zeek	counter	zeek_log_writer_discarded_writes_total	filter_name,module,path,stream,writer	default,PacketFilter,packet_filter,PacketFilter::LOG,Log::WRITER_ASCII	0.0
1777931878.049549	zeek	counter	zeek_log_writer_truncated_string_fields_total	filter_name,module,path,stream,writer	default,LoadedScripts,loaded_scripts,LoadedScripts::LOG,Log::WRITER_ASCII	0.0
1777931878.049549	zeek	counter	zeek_log_writer_truncated_string_fields_total	filter_name,module,path,stream,writer	default,PacketFilter,packet_filter,PacketFilter::LOG,Log::WRITER_ASCII	0.0
1777931878.049549	zeek	counter	zeek_log_writer_truncated_containers_total	filter_name,module,path,stream,writer	default,LoadedScripts,loaded_scripts,LoadedScripts::LOG,Log::WRITER_ASCII	0.0
1777931878.049549	zeek	counter	zeek_log_writer_truncated_containers_total	filter_name,module,path,stream,writer	default,PacketFilter,packet_filter,PacketFilter::LOG,Log::WRITER_ASCII	0.0
1777931878.049549	zeek	counter	zeek_net_received_bytes_total	(empty)	(empty)	86.0
1777931878.049549	zeek	counter	zeek_net_received_packets_total	(empty)	(empty)	1.0
1777931878.049549	zeek	counter	zeek_net_dropped_packets_total	(empty)	(empty)	0.0
1777931878.049549	zeek	counter	zeek_net_link_packets_total	(empty)	(empty)	1.0
1777931878.049549	zeek	counter	zeek_msgthread_threads_total	(empty)	(empty)	2.0
1777931878.049549	zeek	counter	zeek_msgthread_in_messages_total	(empty)	(empty)	4.0
1777931878.049549	zeek	counter	zeek_msgthread_out_messages_total	(empty)	(empty)	0.0
1777931878.049549	zeek	counter	zeek_cluster_core_outgoing_events_total	(empty)	(empty)	0.0
1777931878.049549	zeek	counter	zeek_cluster_core_incoming_events_total	(empty)	(empty)	0.0
1777931878.049549	zeek	counter	zeek_broker_incoming_events_total	(empty)	(empty)	0.0
1777931878.049549	zeek	counter	zeek_broker_outgoing_events_total	(empty)	(empty)	0.0
1777931878.049549	zeek	counter	zeek_broker_incoming_logs_total	(empty)	(empty)	0.0
1777931878.049549	zeek	counter	zeek_broker_outgoing_logs_total	(empty)	(empty)	0.0
1777931878.049549	zeek	counter	zeek_broker_incoming_ids_total	(empty)	(empty)	0.0
1777931878.049549	zeek	counter	zeek_broker_outgoing_ids_total	(empty)	(empty)	0.0
1777931878.049549	zeek	counter	zeek_timers_total	(empty)	(empty)	125.0
1777931878.049549	zeek	counter	zeek_dnsmgr_requests_total	(empty)	(empty)	0.0
1777931878.049549	zeek	counter	zeek_dnsmgr_successful_requests_total	(empty)	(empty)	0.0
1777931878.049549	zeek	counter	zeek_dnsmgr_failed_requests_total	(empty)	(empty)	0.0
1777931878.049549	zeek	counter	zeek_triggers_total	(empty)	(empty)	0.0
1777931878.049549	zeek	counter	zeek_ended_sessions_total	reason	inactivity	0.0
1777931878.049549	zeek	counter	zeek_event_handler_invocations_total	name	Broker::log_flush	1.0
1777931878.049549	zeek	counter	zeek_event_handler_invocations_total	name	filter_change_tracking	1.0
1777931878.049549	zeek	counter	zeek_event_handler_invocations_total	name	ChecksumOffloading::check	1.0
1777931878.049549	zeek	counter	zeek_event_handler_invocations_total	name	NetControl::init	1.0
1777931878.049549	zeek	counter	zeek_event_handler_invocations_total	name	zeek_script_loaded	538.0
1777931878.049549	zeek	counter	zeek_event_handler_invocations_total	name	Telemetry::log	1.0
1777931878.049549	zeek	counter	zeek_event_handler_invocations_total	name	grab_vulnerable_versions	1.0
1777931878.049549	zeek	counter	zeek_event_handler_invocations_total	name	zeek_init	1.0
1777931878.049549	zeek	counter	zeek_total_sessions_total	protocol	icmp	1.0
1777931878.049549	zeek	counter	zeek_total_sessions_total	protocol	udp	0.0
1777931878.049549	zeek	counter	zeek_total_sessions_total	protocol	tcp	0.0
1777931878.049549	zeek	gauge	zeek_version_info	beta,commit,debug,major,minor,patch,version_number,version_string	false,0,false,8,1,2,80102,8.1.2	1.0
1777931878.049549	zeek	gauge	zeek_net_packet_lag_seconds	(empty)	(empty)	0.002348
1777931878.049549	zeek	gauge	zeek_net_timestamp_seconds	(empty)	(empty)	1777931878.049549
1777931878.049549	zeek	gauge	zeek_msgthread_active_threads	(empty)	(empty)	2.0
1777931878.049549	zeek	gauge	zeek_msgthread_pending_in_messages	(empty)	(empty)	0.0
1777931878.049549	zeek	gauge	zeek_msgthread_pending_out_messages	(empty)	(empty)	0.0
1777931878.049549	zeek	gauge	zeek_msgthread_pending_messages_in_buckets	leq	inf	2.0
1777931878.049549	zeek	gauge	zeek_msgthread_pending_messages_in_buckets	leq	10000	2.0
1777931878.049549	zeek	gauge	zeek_msgthread_pending_messages_in_buckets	leq	1000	2.0
1777931878.049549	zeek	gauge	zeek_msgthread_pending_messages_in_buckets	leq	100	2.0
1777931878.049549	zeek	gauge	zeek_msgthread_pending_messages_in_buckets	leq	10	2.0
1777931878.049549	zeek	gauge	zeek_msgthread_pending_messages_in_buckets	leq	1	2.0
1777931878.049549	zeek	gauge	zeek_msgthread_pending_messages_out_buckets	leq	inf	2.0
1777931878.049549	zeek	gauge	zeek_msgthread_pending_messages_out_buckets	leq	10000	2.0
1777931878.049549	zeek	gauge	zeek_msgthread_pending_messages_out_buckets	leq	1000	2.0
1777931878.049549	zeek	gauge	zeek_msgthread_pending_messages_out_buckets	leq	100	2.0
1777931878.049549	zeek	gauge	zeek_msgthread_pending_messages_out_buckets	leq	10	2.0
1777931878.049549	zeek	gauge	zeek_msgthread_pending_messages_out_buckets	leq	1	2.0
1777931878.049549	zeek	gauge	zeek_broker_peers	(empty)	(empty)	0.0
1777931878.049549	zeek	gauge	zeek_broker_stores	(empty)	(empty)	1.0
1777931878.049549	zeek	gauge	zeek_broker_pending_queries	(empty)	(empty)	0.0
1777931878.049549	zeek	gauge	zeek_timers_lag_time_seconds	(empty)	(empty)	1777928278.049549
1777931878.049549	zeek	gauge	zeek_timers_pending	type	LogDelayExpire	0.0
1777931878.049549	zeek	gauge	zeek_timers_pending	type	ThreadHeartbeat	1.0
1777931878.049549	zeek	gauge	zeek_timers_pending	type	TimerMgrExpireTimer	0.0
1777931878.049549	zeek	gauge	zeek_timers_pending	type	ParentProcessIDCheck	0.0
1777931878.049549	zeek	gauge	zeek_timers_pending	type	FragTimer	0.0
1777931878.049549	zeek	gauge	zeek_timers_pending	type	RotateTimer	0.0
1777931878.049549	zeek	gauge	zeek_timers_pending	type	FlowWeirdTimer	0.0
1777931878.049549	zeek	gauge	zeek_timers_pending	type	FileAnalysisInactivityTimer	0.0
1777931878.049549	zeek	gauge	zeek_timers_pending	type	StorageExpire	1.0
1777931878.049549	zeek	gauge	zeek_timers_pending	type	ConnectionInactivityTimer	1.0
1777931878.049549	zeek	gauge	zeek_timers_pending	type	TCPConnectionExpireTimer	0.0
1777931878.049549	zeek	gauge	zeek_timers_pending	type	ConnectionStatusUpdateTimer	0.0
1777931878.049549	zeek	gauge	zeek_timers_pending	type	LogFlushWriteBufferTimer	1.0
1777931878.049549	zeek	gauge	zeek_timers_pending	type	NetWeirdTimer	0.0
1777931878.049549	zeek	gauge	zeek_timers_pending	type	InterconnTimer	0.0
1777931878.049549	zeek	gauge	zeek_timers_pending	type	IPTunnelInactivityTimer	0.0
1777931878.049549	zeek	gauge	zeek_timers_pending	type	DNSExpireTimer	0.0
1777931878.049549	zeek	gauge	zeek_timers_pending	type	UnknownProtocolExpire	0.0
1777931878.049549	zeek	gauge	zeek_timers_pending	type	ProfileTimer	0.0
1777931878.049549	zeek	gauge	zeek_timers_pending	type	ConnectionExpireTimer	0.0
1777931878.049549	zeek	gauge	zeek_timers_pending	type	BreakpointTimer	0.0
1777931878.049549	zeek	gauge	zeek_timers_pending	type	BackdoorTimer	0.0
1777931878.049549	zeek	gauge	zeek_timers_pending	type	NetbiosExpireTimer	0.0
1777931878.049549	zeek	gauge	zeek_timers_pending	type	NetworkTimer	0.0
1777931878.049549	zeek	gauge	zeek_timers_pending	type	RemoveConnection	0.0
1777931878.049549	zeek	gauge	zeek_timers_pending	type	TCPConnectionResetTimer	0.0
1777931878.049549	zeek	gauge	zeek_timers_pending	type	ConnTupleWeirdTimer	0.0
1777931878.049549	zeek	gauge	zeek_timers_pending	type	TCPConnectionDeleteTimer	0.0
1777931878.049549	zeek	gauge	zeek_timers_pending	type	ScheduleTimer	2.0
1777931878.049549	zeek	gauge	zeek_timers_pending	type	NTPExpireTimer	0.0
1777931878.049549	zeek	gauge	zeek_timers_pending	type	RPCExpireTimer	0.0
1777931878.049549	zeek	gauge	zeek_timers_pending	type	ConnectionDeleteTimer	0.0
1777931878.049549	zeek	gauge	zeek_timers_pending	type	TriggerTimer	0.0
1777931878.049549	zeek	gauge	zeek_timers_pending	type	TableValTimer	34.0
1777931878.049549	zeek	gauge	zeek_timers_pending	type	TCPConnectionAttemptTimer	0.0
1777931878.049549	zeek	gauge	zeek_timers_pending	type	TCPConnectionPartialClose	0.0
1777931878.049549	zeek	gauge	zeek_dnsmgr_pending_asyncs_requests	(empty)	(empty)	0.0
1777931878.049549	zeek	gauge	zeek_dnsmgr_cache_entries	type	text	0.0
1777931878.049549	zeek	gauge	zeek_dnsmgr_cache_entries	type	address	0.0
1777931878.049549	zeek	gauge	zeek_dnsmgr_cache_entries	type	host	0.0
1777931878.049549	zeek	gauge	zeek_pending_triggers	(empty)	(empty)	0.0
1777931878.049549	zeek	gauge	zeek_active_sessions	protocol	icmp	1.0
1777931878.049549	zeek	gauge	zeek_active_sessions	protocol	udp	0.0
1777931878.049549	zeek	gauge	zeek_active_sessions	protocol	tcp	0.0
1777931938.050978	zeek	counter	process_cpu_user_seconds_total	(empty)	(empty)	0.5
1777931938.050978	zeek	counter	process_cpu_system_seconds_total	(empty)	(empty)	0.21
1777931938.050978	zeek	gauge	process_resident_memory_bytes	(empty)	(empty)	283303936.0
1777931938.050978	zeek	gauge	process_virtual_memory_bytes	(empty)	(empty)	1467883520.0
1777931938.050978	zeek	gauge	process_open_fds	(empty)	(empty)	40.0
1777931938.050978	zeek	gauge	process_start_time_seconds	(empty)	(empty)	1777931877.626113
1777931938.050978	zeek	counter	zeek_log_stream_writes_total	module,stream	CaptureLoss,CaptureLoss::LOG	1.0
1777931938.050978	zeek	counter	zeek_log_stream_writes_total	module,stream	Notice,Notice::LOG	1.0
1777931938.050978	zeek	counter	zeek_log_stream_writes_total	module,stream	Stats,Stats::LOG	1.0
1777931938.050978	zeek	counter	zeek_log_stream_writes_total	module,stream	Telemetry,Telemetry::LOG	114.0
1777931938.050978	zeek	counter	zeek_log_stream_writes_total	module,stream	LoadedScripts,LoadedScripts::LOG	538.0
1777931938.050978	zeek	counter	zeek_log_stream_writes_total	module,stream	PacketFilter,PacketFilter::LOG	1.0
1777931938.050978	zeek	counter	zeek_log_writer_writes_total	filter_name,module,path,stream,writer	default,CaptureLoss,capture_loss,CaptureLoss::LOG,Log::WRITER_ASCII	1.0
1777931938.050978	zeek	counter	zeek_log_writer_writes_total	filter_name,module,path,stream,writer	default,Notice,notice,Notice::LOG,Log::WRITER_ASCII	1.0
1777931938.050978	zeek	counter	zeek_log_writer_writes_total	filter_name,module,path,stream,writer	default,Stats,stats,Stats::LOG,Log::WRITER_ASCII	1.0
1777931938.050978	zeek	counter	zeek_log_writer_writes_total	filter_name,module,path,stream,writer	default,Telemetry,telemetry,Telemetry::LOG,Log::WRITER_ASCII	114.0
1777931938.050978	zeek	counter	zeek_log_writer_writes_total	filter_name,module,path,stream,writer	default,LoadedScripts,loaded_scripts,LoadedScripts::LOG,Log::WRITER_ASCII	538.0
1777931938.050978	zeek	counter	zeek_log_writer_writes_total	filter_name,module,path,stream,writer	default,PacketFilter,packet_filter,PacketFilter::LOG,Log::WRITER_ASCII	1.0
1777931938.050978	zeek	counter	zeek_log_writer_discarded_writes_total	filter_name,module,path,stream,writer	default,CaptureLoss,capture_loss,CaptureLoss::LOG,Log::WRITER_ASCII	0.0
1777931938.050978	zeek	counter	zeek_log_writer_discarded_writes_total	filter_name,module,path,stream,writer	default,Notice,notice,Notice::LOG,Log::WRITER_ASCII	0.0
1777931938.050978	zeek	counter	zeek_log_writer_discarded_writes_total	filter_name,module,path,stream,writer	default,Stats,stats,Stats::LOG,Log::WRITER_ASCII	0.0
1777931938.050978	zeek	counter	zeek_log_writer_discarded_writes_total	filter_name,module,path,stream,writer	default,Telemetry,telemetry,Telemetry::LOG,Log::WRITER_ASCII	0.0
1777931938.050978	zeek	counter	zeek_log_writer_discarded_writes_total	filter_name,module,path,stream,writer	default,LoadedScripts,loaded_scripts,LoadedScripts::LOG,Log::WRITER_ASCII	0.0
1777931938.050978	zeek	counter	zeek_log_writer_discarded_writes_total	filter_name,module,path,stream,writer	default,PacketFilter,packet_filter,PacketFilter::LOG,Log::WRITER_ASCII	0.0
1777931938.050978	zeek	counter	zeek_log_writer_truncated_string_fields_total	filter_name,module,path,stream,writer	default,CaptureLoss,capture_loss,CaptureLoss::LOG,Log::WRITER_ASCII	0.0
1777931938.050978	zeek	counter	zeek_log_writer_truncated_string_fields_total	filter_name,module,path,stream,writer	default,Notice,notice,Notice::LOG,Log::WRITER_ASCII	0.0
1777931938.050978	zeek	counter	zeek_log_writer_truncated_string_fields_total	filter_name,module,path,stream,writer	default,Stats,stats,Stats::LOG,Log::WRITER_ASCII	0.0
1777931938.050978	zeek	counter	zeek_log_writer_truncated_string_fields_total	filter_name,module,path,stream,writer	default,Telemetry,telemetry,Telemetry::LOG,Log::WRITER_ASCII	0.0
1777931938.050978	zeek	counter	zeek_log_writer_truncated_string_fields_total	filter_name,module,path,stream,writer	default,LoadedScripts,loaded_scripts,LoadedScripts::LOG,Log::WRITER_ASCII	0.0
1777931938.050978	zeek	counter	zeek_log_writer_truncated_string_fields_total	filter_name,module,path,stream,writer	default,PacketFilter,packet_filter,PacketFilter::LOG,Log::WRITER_ASCII	0.0
1777931938.050978	zeek	counter	zeek_log_writer_truncated_containers_total	filter_name,module,path,stream,writer	default,CaptureLoss,capture_loss,CaptureLoss::LOG,Log::WRITER_ASCII	0.0
1777931938.050978	zeek	counter	zeek_log_writer_truncated_containers_total	filter_name,module,path,stream,writer	default,Notice,notice,Notice::LOG,Log::WRITER_ASCII	0.0
1777931938.050978	zeek	counter	zeek_log_writer_truncated_containers_total	filter_name,module,path,stream,writer	default,Stats,stats,Stats::LOG,Log::WRITER_ASCII	0.0
1777931938.050978	zeek	counter	zeek_log_writer_truncated_containers_total	filter_name,module,path,stream,writer	default,Telemetry,telemetry,Telemetry::LOG,Log::WRITER_ASCII	0.0
1777931938.050978	zeek	counter	zeek_log_writer_truncated_containers_total	filter_name,module,path,stream,writer	default,LoadedScripts,loaded_scripts,LoadedScripts::LOG,Log::WRITER_ASCII	0.0
1777931938.050978	zeek	counter	zeek_log_writer_truncated_containers_total	filter_name,module,path,stream,writer	default,PacketFilter,packet_filter,PacketFilter::LOG,Log::WRITER_ASCII	0.0
1777931938.050978	zeek	counter	zeek_net_received_bytes_total	(empty)	(empty)	510751.0
1777931938.050978	zeek	counter	zeek_net_received_packets_total	(empty)	(empty)	2374.0
1777931938.050978	zeek	counter	zeek_net_dropped_packets_total	(empty)	(empty)	0.0
1777931938.050978	zeek	counter	zeek_net_link_packets_total	(empty)	(empty)	2375.0
1777931938.050978	zeek	counter	zeek_msgthread_threads_total	(empty)	(empty)	6.0
1777931938.050978	zeek	counter	zeek_msgthread_in_messages_total	(empty)	(empty)	10.0
1777931938.050978	zeek	counter	zeek_msgthread_out_messages_total	(empty)	(empty)	0.0
1777931938.050978	zeek	counter	zeek_cluster_core_outgoing_events_total	(empty)	(empty)	0.0
1777931938.050978	zeek	counter	zeek_cluster_core_incoming_events_total	(empty)	(empty)	0.0
1777931938.050978	zeek	counter	zeek_broker_incoming_events_total	(empty)	(empty)	0.0
1777931938.050978	zeek	counter	zeek_broker_outgoing_events_total	(empty)	(empty)	0.0
1777931938.050978	zeek	counter	zeek_broker_incoming_logs_total	(empty)	(empty)	0.0
1777931938.050978	zeek	counter	zeek_broker_outgoing_logs_total	(empty)	(empty)	0.0
1777931938.050978	zeek	counter	zeek_broker_incoming_ids_total	(empty)	(empty)	0.0
1777931938.050978	zeek	counter	zeek_broker_outgoing_ids_total	(empty)	(empty)	0.0
1777931938.050978	zeek	counter	zeek_timers_total	(empty)	(empty)	490.0
1777931938.050978	zeek	counter	zeek_dnsmgr_requests_total	(empty)	(empty)	0.0
1777931938.050978	zeek	counter	zeek_dnsmgr_successful_requests_total	(empty)	(empty)	0.0
1777931938.050978	zeek	counter	zeek_dnsmgr_failed_requests_total	(empty)	(empty)	0.0
1777931938.050978	zeek	counter	zeek_triggers_total	(empty)	(empty)	0.0
1777931938.050978	zeek	counter	zeek_ended_sessions_total	reason	inactivity	1.0
1777931938.050978	zeek	counter	zeek_event_handler_invocations_total	name	SumStats::finish_epoch	3.0
1777931938.050978	zeek	counter	zeek_event_handler_invocations_total	name	net_stats_update	1.0
1777931938.050978	zeek	counter	zeek_event_handler_invocations_total	name	check_stats	1.0
1777931938.050978	zeek	counter	zeek_event_handler_invocations_total	name	CaptureLoss::take_measurement	2.0
1777931938.050978	zeek	counter	zeek_event_handler_invocations_total	name	new_connection	9.0
1777931938.050978	zeek	counter	zeek_event_handler_invocations_total	name	Broker::log_flush	60.0
1777931938.050978	zeek	counter	zeek_event_handler_invocations_total	name	filter_change_tracking	2.0
1777931938.050978	zeek	counter	zeek_event_handler_invocations_total	name	ChecksumOffloading::check	2.0
1777931938.050978	zeek	counter	zeek_event_handler_invocations_total	name	NetControl::init	1.0
1777931938.050978	zeek	counter	zeek_event_handler_invocations_total	name	zeek_script_loaded	538.0
1777931938.050978	zeek	counter	zeek_event_handler_invocations_total	name	Telemetry::log	2.0
1777931938.050978	zeek	counter	zeek_event_handler_invocations_total	name	grab_vulnerable_versions	2.0
1777931938.050978	zeek	counter	zeek_event_handler_invocations_total	name	zeek_init	1.0
1777931938.050978	zeek	counter	zeek_total_sessions_total	protocol	icmp	5.0
1777931938.050978	zeek	counter	zeek_total_sessions_total	protocol	udp	4.0
1777931938.050978	zeek	counter	zeek_total_sessions_total	protocol	tcp	0.0
1777931938.050978	zeek	gauge	zeek_version_info	beta,commit,debug,major,minor,patch,version_number,version_string	false,0,false,8,1,2,80102,8.1.2	1.0
1777931938.050978	zeek	gauge	zeek_net_packet_lag_seconds	(empty)	(empty)	0.001815
1777931938.050978	zeek	gauge	zeek_net_timestamp_seconds	(empty)	(empty)	1777931938.050978
1777931938.050978	zeek	gauge	zeek_msgthread_active_threads	(empty)	(empty)	6.0
1777931938.050978	zeek	gauge	zeek_msgthread_pending_in_messages	(empty)	(empty)	0.0
1777931938.050978	zeek	gauge	zeek_msgthread_pending_out_messages	(empty)	(empty)	0.0
1777931938.050978	zeek	gauge	zeek_msgthread_pending_messages_in_buckets	leq	inf	6.0
1777931938.050978	zeek	gauge	zeek_msgthread_pending_messages_in_buckets	leq	10000	6.0
1777931938.050978	zeek	gauge	zeek_msgthread_pending_messages_in_buckets	leq	1000	6.0
1777931938.050978	zeek	gauge	zeek_msgthread_pending_messages_in_buckets	leq	100	6.0
1777931938.050978	zeek	gauge	zeek_msgthread_pending_messages_in_buckets	leq	10	6.0
1777931938.050978	zeek	gauge	zeek_msgthread_pending_messages_in_buckets	leq	1	6.0
1777931938.050978	zeek	gauge	zeek_msgthread_pending_messages_out_buckets	leq	inf	6.0
1777931938.050978	zeek	gauge	zeek_msgthread_pending_messages_out_buckets	leq	10000	6.0
1777931938.050978	zeek	gauge	zeek_msgthread_pending_messages_out_buckets	leq	1000	6.0
1777931938.050978	zeek	gauge	zeek_msgthread_pending_messages_out_buckets	leq	100	6.0
1777931938.050978	zeek	gauge	zeek_msgthread_pending_messages_out_buckets	leq	10	6.0
1777931938.050978	zeek	gauge	zeek_msgthread_pending_messages_out_buckets	leq	1	6.0
1777931938.050978	zeek	gauge	zeek_broker_peers	(empty)	(empty)	0.0
1777931938.050978	zeek	gauge	zeek_broker_stores	(empty)	(empty)	1.0
1777931938.050978	zeek	gauge	zeek_broker_pending_queries	(empty)	(empty)	0.0
1777931938.050978	zeek	gauge	zeek_timers_lag_time_seconds	(empty)	(empty)	0.001429
1777931938.050978	zeek	gauge	zeek_timers_pending	type	LogDelayExpire	0.0
1777931938.050978	zeek	gauge	zeek_timers_pending	type	ThreadHeartbeat	1.0
1777931938.050978	zeek	gauge	zeek_timers_pending	type	TimerMgrExpireTimer	0.0
1777931938.050978	zeek	gauge	zeek_timers_pending	type	ParentProcessIDCheck	0.0
1777931938.050978	zeek	gauge	zeek_timers_pending	type	FragTimer	0.0
1777931938.050978	zeek	gauge	zeek_timers_pending	type	RotateTimer	0.0
1777931938.050978	zeek	gauge	zeek_timers_pending	type	FlowWeirdTimer	0.0
1777931938.050978	zeek	gauge	zeek_timers_pending	type	FileAnalysisInactivityTimer	0.0
1777931938.050978	zeek	gauge	zeek_timers_pending	type	StorageExpire	1.0
1777931938.050978	zeek	gauge	zeek_timers_pending	type	ConnectionInactivityTimer	8.0
1777931938.050978	zeek	gauge	zeek_timers_pending	type	TCPConnectionExpireTimer	0.0
1777931938.050978	zeek	gauge	zeek_timers_pending	type	ConnectionStatusUpdateTimer	0.0
1777931938.050978	zeek	gauge	zeek_timers_pending	type	LogFlushWriteBufferTimer	1.0
1777931938.050978	zeek	gauge	zeek_timers_pending	type	NetWeirdTimer	0.0
1777931938.050978	zeek	gauge	zeek_timers_pending	type	InterconnTimer	0.0
1777931938.050978	zeek	gauge	zeek_timers_pending	type	IPTunnelInactivityTimer	0.0
1777931938.050978	zeek	gauge	zeek_timers_pending	type	DNSExpireTimer	0.0
1777931938.050978	zeek	gauge	zeek_timers_pending	type	UnknownProtocolExpire	0.0
1777931938.050978	zeek	gauge	zeek_timers_pending	type	ProfileTimer	0.0
1777931938.050978	zeek	gauge	zeek_timers_pending	type	ConnectionExpireTimer	0.0
1777931938.050978	zeek	gauge	zeek_timers_pending	type	BreakpointTimer	0.0
1777931938.050978	zeek	gauge	zeek_timers_pending	type	BackdoorTimer	0.0
1777931938.050978	zeek	gauge	zeek_timers_pending	type	NetbiosExpireTimer	0.0
1777931938.050978	zeek	gauge	zeek_timers_pending	type	NetworkTimer	0.0
1777931938.050978	zeek	gauge	zeek_timers_pending	type	RemoveConnection	0.0
1777931938.050978	zeek	gauge	zeek_timers_pending	type	TCPConnectionResetTimer	0.0
1777931938.050978	zeek	gauge	zeek_timers_pending	type	ConnTupleWeirdTimer	0.0
1777931938.050978	zeek	gauge	zeek_timers_pending	type	TCPConnectionDeleteTimer	0.0
1777931938.050978	zeek	gauge	zeek_timers_pending	type	ScheduleTimer	6.0
1777931938.050978	zeek	gauge	zeek_timers_pending	type	NTPExpireTimer	0.0
1777931938.050978	zeek	gauge	zeek_timers_pending	type	RPCExpireTimer	0.0
1777931938.050978	zeek	gauge	zeek_timers_pending	type	ConnectionDeleteTimer	0.0
1777931938.050978	zeek	gauge	zeek_timers_pending	type	TriggerTimer	0.0
1777931938.050978	zeek	gauge	zeek_timers_pending	type	TableValTimer	34.0
1777931938.050978	zeek	gauge	zeek_timers_pending	type	TCPConnectionAttemptTimer	0.0
1777931938.050978	zeek	gauge	zeek_timers_pending	type	TCPConnectionPartialClose	0.0
1777931938.050978	zeek	gauge	zeek_dnsmgr_pending_asyncs_requests	(empty)	(empty)	0.0
1777931938.050978	zeek	gauge	zeek_dnsmgr_cache_entries	type	text	0.0
1777931938.050978	zeek	gauge	zeek_dnsmgr_cache_entries	type	address	0.0
1777931938.050978	zeek	gauge	zeek_dnsmgr_cache_entries	type	host	0.0
1777931938.050978	zeek	gauge	zeek_pending_triggers	(empty)	(empty)	0.0
1777931938.050978	zeek	gauge	zeek_active_sessions	protocol	icmp	4.0
1777931938.050978	zeek	gauge	zeek_active_sessions	protocol	udp	4.0
1777931938.050978	zeek	gauge	zeek_active_sessions	protocol	tcp	0.0
1777931998.056765	zeek	counter	process_cpu_user_seconds_total	(empty)	(empty)	0.8
1777931998.056765	zeek	counter	process_cpu_system_seconds_total	(empty)	(empty)	0.35
1777931998.056765	zeek	gauge	process_resident_memory_bytes	(empty)	(empty)	283303936.0
1777931998.056765	zeek	gauge	process_virtual_memory_bytes	(empty)	(empty)	1543385088.0
1777931998.056765	zeek	gauge	process_open_fds	(empty)	(empty)	43.0
1777931998.056765	zeek	gauge	process_start_time_seconds	(empty)	(empty)	1777931877.626113
1777931998.056765	zeek	counter	zeek_log_stream_writes_total	module,stream	Conn,Conn::LOG	7.0
1777931998.056765	zeek	counter	zeek_log_stream_writes_total	module,stream	CaptureLoss,CaptureLoss::LOG	1.0
1777931998.056765	zeek	counter	zeek_log_stream_writes_total	module,stream	Notice,Notice::LOG	1.0
1777931998.056765	zeek	counter	zeek_log_stream_writes_total	module,stream	Stats,Stats::LOG	1.0
1777931998.056765	zeek	counter	zeek_log_stream_writes_total	module,stream	Telemetry,Telemetry::LOG	253.0
1777931998.056765	zeek	counter	zeek_log_stream_writes_total	module,stream	LoadedScripts,LoadedScripts::LOG	538.0
1777931998.056765	zeek	counter	zeek_log_stream_writes_total	module,stream	PacketFilter,PacketFilter::LOG	1.0
1777931998.056765	zeek	counter	zeek_log_writer_writes_total	filter_name,module,path,stream,writer	default,Conn,conn,Conn::LOG,Log::WRITER_ASCII	7.0
1777931998.056765	zeek	counter	zeek_log_writer_writes_total	filter_name,module,path,stream,writer	default,CaptureLoss,capture_loss,CaptureLoss::LOG,Log::WRITER_ASCII	1.0
1777931998.056765	zeek	counter	zeek_log_writer_writes_total	filter_name,module,path,stream,writer	default,Notice,notice,Notice::LOG,Log::WRITER_ASCII	1.0
1777931998.056765	zeek	counter	zeek_log_writer_writes_total	filter_name,module,path,stream,writer	default,Stats,stats,Stats::LOG,Log::WRITER_ASCII	1.0
1777931998.056765	zeek	counter	zeek_log_writer_writes_total	filter_name,module,path,stream,writer	default,Telemetry,telemetry,Telemetry::LOG,Log::WRITER_ASCII	253.0
1777931998.056765	zeek	counter	zeek_log_writer_writes_total	filter_name,module,path,stream,writer	default,LoadedScripts,loaded_scripts,LoadedScripts::LOG,Log::WRITER_ASCII	538.0
1777931998.056765	zeek	counter	zeek_log_writer_writes_total	filter_name,module,path,stream,writer	default,PacketFilter,packet_filter,PacketFilter::LOG,Log::WRITER_ASCII	1.0
1777931998.056765	zeek	counter	zeek_log_writer_discarded_writes_total	filter_name,module,path,stream,writer	default,Conn,conn,Conn::LOG,Log::WRITER_ASCII	0.0
1777931998.056765	zeek	counter	zeek_log_writer_discarded_writes_total	filter_name,module,path,stream,writer	default,CaptureLoss,capture_loss,CaptureLoss::LOG,Log::WRITER_ASCII	0.0
1777931998.056765	zeek	counter	zeek_log_writer_discarded_writes_total	filter_name,module,path,stream,writer	default,Notice,notice,Notice::LOG,Log::WRITER_ASCII	0.0
1777931998.056765	zeek	counter	zeek_log_writer_discarded_writes_total	filter_name,module,path,stream,writer	default,Stats,stats,Stats::LOG,Log::WRITER_ASCII	0.0
1777931998.056765	zeek	counter	zeek_log_writer_discarded_writes_total	filter_name,module,path,stream,writer	default,Telemetry,telemetry,Telemetry::LOG,Log::WRITER_ASCII	0.0
1777931998.056765	zeek	counter	zeek_log_writer_discarded_writes_total	filter_name,module,path,stream,writer	default,LoadedScripts,loaded_scripts,LoadedScripts::LOG,Log::WRITER_ASCII	0.0
1777931998.056765	zeek	counter	zeek_log_writer_discarded_writes_total	filter_name,module,path,stream,writer	default,PacketFilter,packet_filter,PacketFilter::LOG,Log::WRITER_ASCII	0.0
1777931998.056765	zeek	counter	zeek_log_writer_truncated_string_fields_total	filter_name,module,path,stream,writer	default,Conn,conn,Conn::LOG,Log::WRITER_ASCII	0.0
1777931998.056765	zeek	counter	zeek_log_writer_truncated_string_fields_total	filter_name,module,path,stream,writer	default,CaptureLoss,capture_loss,CaptureLoss::LOG,Log::WRITER_ASCII	0.0
1777931998.056765	zeek	counter	zeek_log_writer_truncated_string_fields_total	filter_name,module,path,stream,writer	default,Notice,notice,Notice::LOG,Log::WRITER_ASCII	0.0
1777931998.056765	zeek	counter	zeek_log_writer_truncated_string_fields_total	filter_name,module,path,stream,writer	default,Stats,stats,Stats::LOG,Log::WRITER_ASCII	0.0
1777931998.056765	zeek	counter	zeek_log_writer_truncated_string_fields_total	filter_name,module,path,stream,writer	default,Telemetry,telemetry,Telemetry::LOG,Log::WRITER_ASCII	0.0
1777931998.056765	zeek	counter	zeek_log_writer_truncated_string_fields_total	filter_name,module,path,stream,writer	default,LoadedScripts,loaded_scripts,LoadedScripts::LOG,Log::WRITER_ASCII	0.0
1777931998.056765	zeek	counter	zeek_log_writer_truncated_string_fields_total	filter_name,module,path,stream,writer	default,PacketFilter,packet_filter,PacketFilter::LOG,Log::WRITER_ASCII	0.0
1777931998.056765	zeek	counter	zeek_log_writer_truncated_containers_total	filter_name,module,path,stream,writer	default,Conn,conn,Conn::LOG,Log::WRITER_ASCII	0.0
1777931998.056765	zeek	counter	zeek_log_writer_truncated_containers_total	filter_name,module,path,stream,writer	default,CaptureLoss,capture_loss,CaptureLoss::LOG,Log::WRITER_ASCII	0.0
1777931998.056765	zeek	counter	zeek_log_writer_truncated_containers_total	filter_name,module,path,stream,writer	default,Notice,notice,Notice::LOG,Log::WRITER_ASCII	0.0
1777931998.056765	zeek	counter	zeek_log_writer_truncated_containers_total	filter_name,module,path,stream,writer	default,Stats,stats,Stats::LOG,Log::WRITER_ASCII	0.0
1777931998.056765	zeek	counter	zeek_log_writer_truncated_containers_total	filter_name,module,path,stream,writer	default,Telemetry,telemetry,Telemetry::LOG,Log::WRITER_ASCII	0.0
1777931998.056765	zeek	counter	zeek_log_writer_truncated_containers_total	filter_name,module,path,stream,writer	default,LoadedScripts,loaded_scripts,LoadedScripts::LOG,Log::WRITER_ASCII	0.0
1777931998.056765	zeek	counter	zeek_log_writer_truncated_containers_total	filter_name,module,path,stream,writer	default,PacketFilter,packet_filter,PacketFilter::LOG,Log::WRITER_ASCII	0.0
1777931998.056765	zeek	counter	zeek_net_received_bytes_total	(empty)	(empty)	1356669.0
1777931998.056765	zeek	counter	zeek_net_received_packets_total	(empty)	(empty)	6425.0
1777931998.056765	zeek	counter	zeek_net_dropped_packets_total	(empty)	(empty)	0.0
1777931998.056765	zeek	counter	zeek_net_link_packets_total	(empty)	(empty)	6425.0
1777931998.056765	zeek	counter	zeek_msgthread_threads_total	(empty)	(empty)	7.0
1777931998.056765	zeek	counter	zeek_msgthread_in_messages_total	(empty)	(empty)	17.0
1777931998.056765	zeek	counter	zeek_msgthread_out_messages_total	(empty)	(empty)	0.0
1777931998.056765	zeek	counter	zeek_cluster_core_outgoing_events_total	(empty)	(empty)	0.0
1777931998.056765	zeek	counter	zeek_cluster_core_incoming_events_total	(empty)	(empty)	0.0
1777931998.056765	zeek	counter	zeek_broker_incoming_events_total	(empty)	(empty)	0.0
1777931998.056765	zeek	counter	zeek_broker_outgoing_events_total	(empty)	(empty)	0.0
1777931998.056765	zeek	counter	zeek_broker_incoming_logs_total	(empty)	(empty)	0.0
1777931998.056765	zeek	counter	zeek_broker_outgoing_logs_total	(empty)	(empty)	0.0
1777931998.056765	zeek	counter	zeek_broker_incoming_ids_total	(empty)	(empty)	0.0
1777931998.056765	zeek	counter	zeek_broker_outgoing_ids_total	(empty)	(empty)	0.0
1777931998.056765	zeek	counter	zeek_timers_total	(empty)	(empty)	885.0
1777931998.056765	zeek	counter	zeek_dnsmgr_requests_total	(empty)	(empty)	0.0
1777931998.056765	zeek	counter	zeek_dnsmgr_successful_requests_total	(empty)	(empty)	0.0
1777931998.056765	zeek	counter	zeek_dnsmgr_failed_requests_total	(empty)	(empty)	0.0
1777931998.056765	zeek	counter	zeek_triggers_total	(empty)	(empty)	0.0
1777931998.056765	zeek	counter	zeek_ended_sessions_total	reason	inactivity	7.0
1777931998.056765	zeek	counter	zeek_event_handler_invocations_total	name	connection_state_remove	7.0
1777931998.056765	zeek	counter	zeek_event_handler_invocations_total	name	zeek_init	1.0
1777931998.056765	zeek	counter	zeek_event_handler_invocations_total	name	Telemetry::log	3.0
1777931998.056765	zeek	counter	zeek_event_handler_invocations_total	name	NetControl::init	1.0
1777931998.056765	zeek	counter	zeek_event_handler_invocations_total	name	ChecksumOffloading::check	2.0
1777931998.056765	zeek	counter	zeek_event_handler_invocations_total	name	grab_vulnerable_versions	2.0
1777931998.056765	zeek	counter	zeek_event_handler_invocations_total	name	filter_change_tracking	2.0
1777931998.056765	zeek	counter	zeek_event_handler_invocations_total	name	Broker::log_flush	119.0
1777931998.056765	zeek	counter	zeek_event_handler_invocations_total	name	zeek_script_loaded	538.0
1777931998.056765	zeek	counter	zeek_event_handler_invocations_total	name	new_connection	9.0
1777931998.056765	zeek	counter	zeek_event_handler_invocations_total	name	check_stats	1.0
1777931998.056765	zeek	counter	zeek_event_handler_invocations_total	name	CaptureLoss::take_measurement	2.0
1777931998.056765	zeek	counter	zeek_event_handler_invocations_total	name	net_stats_update	1.0
1777931998.056765	zeek	counter	zeek_event_handler_invocations_total	name	SumStats::finish_epoch	3.0
1777931998.056765	zeek	counter	zeek_total_sessions_total	protocol	icmp	5.0
1777931998.056765	zeek	counter	zeek_total_sessions_total	protocol	udp	4.0
1777931998.056765	zeek	counter	zeek_total_sessions_total	protocol	tcp	0.0
1777931998.056765	zeek	gauge	zeek_version_info	beta,commit,debug,major,minor,patch,version_number,version_string	false,0,false,8,1,2,80102,8.1.2	1.0
1777931998.056765	zeek	gauge	zeek_net_packet_lag_seconds	(empty)	(empty)	0.002115
1777931998.056765	zeek	gauge	zeek_net_timestamp_seconds	(empty)	(empty)	1777931998.056765
1777931998.056765	zeek	gauge	zeek_msgthread_active_threads	(empty)	(empty)	7.0
1777931998.056765	zeek	gauge	zeek_msgthread_pending_in_messages	(empty)	(empty)	0.0
1777931998.056765	zeek	gauge	zeek_msgthread_pending_out_messages	(empty)	(empty)	0.0
1777931998.056765	zeek	gauge	zeek_msgthread_pending_messages_in_buckets	leq	inf	7.0
1777931998.056765	zeek	gauge	zeek_msgthread_pending_messages_in_buckets	leq	10000	7.0
1777931998.056765	zeek	gauge	zeek_msgthread_pending_messages_in_buckets	leq	1000	7.0
1777931998.056765	zeek	gauge	zeek_msgthread_pending_messages_in_buckets	leq	100	7.0
1777931998.056765	zeek	gauge	zeek_msgthread_pending_messages_in_buckets	leq	10	7.0
1777931998.056765	zeek	gauge	zeek_msgthread_pending_messages_in_buckets	leq	1	7.0
1777931998.056765	zeek	gauge	zeek_msgthread_pending_messages_out_buckets	leq	inf	7.0
1777931998.056765	zeek	gauge	zeek_msgthread_pending_messages_out_buckets	leq	10000	7.0
1777931998.056765	zeek	gauge	zeek_msgthread_pending_messages_out_buckets	leq	1000	7.0
1777931998.056765	zeek	gauge	zeek_msgthread_pending_messages_out_buckets	leq	100	7.0
1777931998.056765	zeek	gauge	zeek_msgthread_pending_messages_out_buckets	leq	10	7.0
1777931998.056765	zeek	gauge	zeek_msgthread_pending_messages_out_buckets	leq	1	7.0
1777931998.056765	zeek	gauge	zeek_broker_peers	(empty)	(empty)	0.0
1777931998.056765	zeek	gauge	zeek_broker_stores	(empty)	(empty)	1.0
1777931998.056765	zeek	gauge	zeek_broker_pending_queries	(empty)	(empty)	0.0
1777931998.056765	zeek	gauge	zeek_timers_lag_time_seconds	(empty)	(empty)	0.005787
1777931998.056765	zeek	gauge	zeek_timers_pending	type	LogDelayExpire	0.0
1777931998.056765	zeek	gauge	zeek_timers_pending	type	ThreadHeartbeat	1.0
1777931998.056765	zeek	gauge	zeek_timers_pending	type	TimerMgrExpireTimer	0.0
1777931998.056765	zeek	gauge	zeek_timers_pending	type	ParentProcessIDCheck	0.0
1777931998.056765	zeek	gauge	zeek_timers_pending	type	FragTimer	0.0
1777931998.056765	zeek	gauge	zeek_timers_pending	type	RotateTimer	0.0
1777931998.056765	zeek	gauge	zeek_timers_pending	type	FlowWeirdTimer	0.0
1777931998.056765	zeek	gauge	zeek_timers_pending	type	FileAnalysisInactivityTimer	0.0
1777931998.056765	zeek	gauge	zeek_timers_pending	type	StorageExpire	1.0
1777931998.056765	zeek	gauge	zeek_timers_pending	type	ConnectionInactivityTimer	2.0
1777931998.056765	zeek	gauge	zeek_timers_pending	type	TCPConnectionExpireTimer	0.0
1777931998.056765	zeek	gauge	zeek_timers_pending	type	ConnectionStatusUpdateTimer	0.0
1777931998.056765	zeek	gauge	zeek_timers_pending	type	LogFlushWriteBufferTimer	1.0
1777931998.056765	zeek	gauge	zeek_timers_pending	type	NetWeirdTimer	0.0
1777931998.056765	zeek	gauge	zeek_timers_pending	type	InterconnTimer	0.0
1777931998.056765	zeek	gauge	zeek_timers_pending	type	IPTunnelInactivityTimer	0.0
1777931998.056765	zeek	gauge	zeek_timers_pending	type	DNSExpireTimer	0.0
1777931998.056765	zeek	gauge	zeek_timers_pending	type	UnknownProtocolExpire	0.0
1777931998.056765	zeek	gauge	zeek_timers_pending	type	ProfileTimer	0.0
1777931998.056765	zeek	gauge	zeek_timers_pending	type	ConnectionExpireTimer	0.0
1777931998.056765	zeek	gauge	zeek_timers_pending	type	BreakpointTimer	0.0
1777931998.056765	zeek	gauge	zeek_timers_pending	type	BackdoorTimer	0.0
1777931998.056765	zeek	gauge	zeek_timers_pending	type	NetbiosExpireTimer	0.0
1777931998.056765	zeek	gauge	zeek_timers_pending	type	NetworkTimer	0.0
1777931998.056765	zeek	gauge	zeek_timers_pending	type	RemoveConnection	0.0
1777931998.056765	zeek	gauge	zeek_timers_pending	type	TCPConnectionResetTimer	0.0
1777931998.056765	zeek	gauge	zeek_timers_pending	type	ConnTupleWeirdTimer	0.0
1777931998.056765	zeek	gauge	zeek_timers_pending	type	TCPConnectionDeleteTimer	0.0
1777931998.056765	zeek	gauge	zeek_timers_pending	type	ScheduleTimer	6.0
1777931998.056765	zeek	gauge	zeek_timers_pending	type	NTPExpireTimer	0.0
1777931998.056765	zeek	gauge	zeek_timers_pending	type	RPCExpireTimer	0.0
1777931998.056765	zeek	gauge	zeek_timers_pending	type	ConnectionDeleteTimer	0.0
1777931998.056765	zeek	gauge	zeek_timers_pending	type	TriggerTimer	0.0
1777931998.056765	zeek	gauge	zeek_timers_pending	type	TableValTimer	34.0
1777931998.056765	zeek	gauge	zeek_timers_pending	type	TCPConnectionAttemptTimer	0.0
1777931998.056765	zeek	gauge	zeek_timers_pending	type	TCPConnectionPartialClose	0.0
1777931998.056765	zeek	gauge	zeek_dnsmgr_pending_asyncs_requests	(empty)	(empty)	0.0
1777931998.056765	zeek	gauge	zeek_dnsmgr_cache_entries	type	text	0.0
1777931998.056765	zeek	gauge	zeek_dnsmgr_cache_entries	type	address	0.0
1777931998.056765	zeek	gauge	zeek_dnsmgr_cache_entries	type	host	0.0
1777931998.056765	zeek	gauge	zeek_pending_triggers	(empty)	(empty)	0.0
1777931998.056765	zeek	gauge	zeek_active_sessions	protocol	icmp	1.0
1777931998.056765	zeek	gauge	zeek_active_sessions	protocol	udp	1.0
1777931998.056765	zeek	gauge	zeek_active_sessions	protocol	tcp	0.0
1777932058.065174	zeek	counter	process_cpu_user_seconds_total	(empty)	(empty)	1.15
1777932058.065174	zeek	counter	process_cpu_system_seconds_total	(empty)	(empty)	0.6
1777932058.065174	zeek	gauge	process_resident_memory_bytes	(empty)	(empty)	283303936.0
1777932058.065174	zeek	gauge	process_virtual_memory_bytes	(empty)	(empty)	1543385088.0
1777932058.065174	zeek	gauge	process_open_fds	(empty)	(empty)	43.0
1777932058.065174	zeek	gauge	process_start_time_seconds	(empty)	(empty)	1777931877.626113
1777932058.065174	zeek	counter	zeek_log_stream_writes_total	module,stream	Conn,Conn::LOG	8.0
1777932058.065174	zeek	counter	zeek_log_stream_writes_total	module,stream	CaptureLoss,CaptureLoss::LOG	1.0
1777932058.065174	zeek	counter	zeek_log_stream_writes_total	module,stream	Notice,Notice::LOG	1.0
1777932058.065174	zeek	counter	zeek_log_stream_writes_total	module,stream	Stats,Stats::LOG	1.0
1777932058.065174	zeek	counter	zeek_log_stream_writes_total	module,stream	Telemetry,Telemetry::LOG	398.0
1777932058.065174	zeek	counter	zeek_log_stream_writes_total	module,stream	LoadedScripts,LoadedScripts::LOG	538.0
1777932058.065174	zeek	counter	zeek_log_stream_writes_total	module,stream	PacketFilter,PacketFilter::LOG	1.0
1777932058.065174	zeek	counter	zeek_log_writer_writes_total	filter_name,module,path,stream,writer	default,Conn,conn,Conn::LOG,Log::WRITER_ASCII	8.0
1777932058.065174	zeek	counter	zeek_log_writer_writes_total	filter_name,module,path,stream,writer	default,CaptureLoss,capture_loss,CaptureLoss::LOG,Log::WRITER_ASCII	1.0
1777932058.065174	zeek	counter	zeek_log_writer_writes_total	filter_name,module,path,stream,writer	default,Notice,notice,Notice::LOG,Log::WRITER_ASCII	1.0
1777932058.065174	zeek	counter	zeek_log_writer_writes_total	filter_name,module,path,stream,writer	default,Stats,stats,Stats::LOG,Log::WRITER_ASCII	1.0
1777932058.065174	zeek	counter	zeek_log_writer_writes_total	filter_name,module,path,stream,writer	default,Telemetry,telemetry,Telemetry::LOG,Log::WRITER_ASCII	398.0
1777932058.065174	zeek	counter	zeek_log_writer_writes_total	filter_name,module,path,stream,writer	default,LoadedScripts,loaded_scripts,LoadedScripts::LOG,Log::WRITER_ASCII	538.0
1777932058.065174	zeek	counter	zeek_log_writer_writes_total	filter_name,module,path,stream,writer	default,PacketFilter,packet_filter,PacketFilter::LOG,Log::WRITER_ASCII	1.0
1777932058.065174	zeek	counter	zeek_log_writer_discarded_writes_total	filter_name,module,path,stream,writer	default,Conn,conn,Conn::LOG,Log::WRITER_ASCII	0.0
1777932058.065174	zeek	counter	zeek_log_writer_discarded_writes_total	filter_name,module,path,stream,writer	default,CaptureLoss,capture_loss,CaptureLoss::LOG,Log::WRITER_ASCII	0.0
1777932058.065174	zeek	counter	zeek_log_writer_discarded_writes_total	filter_name,module,path,stream,writer	default,Notice,notice,Notice::LOG,Log::WRITER_ASCII	0.0
1777932058.065174	zeek	counter	zeek_log_writer_discarded_writes_total	filter_name,module,path,stream,writer	default,Stats,stats,Stats::LOG,Log::WRITER_ASCII	0.0
1777932058.065174	zeek	counter	zeek_log_writer_discarded_writes_total	filter_name,module,path,stream,writer	default,Telemetry,telemetry,Telemetry::LOG,Log::WRITER_ASCII	0.0
1777932058.065174	zeek	counter	zeek_log_writer_discarded_writes_total	filter_name,module,path,stream,writer	default,LoadedScripts,loaded_scripts,LoadedScripts::LOG,Log::WRITER_ASCII	0.0
1777932058.065174	zeek	counter	zeek_log_writer_discarded_writes_total	filter_name,module,path,stream,writer	default,PacketFilter,packet_filter,PacketFilter::LOG,Log::WRITER_ASCII	0.0
1777932058.065174	zeek	counter	zeek_log_writer_truncated_string_fields_total	filter_name,module,path,stream,writer	default,Conn,conn,Conn::LOG,Log::WRITER_ASCII	0.0
1777932058.065174	zeek	counter	zeek_log_writer_truncated_string_fields_total	filter_name,module,path,stream,writer	default,CaptureLoss,capture_loss,CaptureLoss::LOG,Log::WRITER_ASCII	0.0
1777932058.065174	zeek	counter	zeek_log_writer_truncated_string_fields_total	filter_name,module,path,stream,writer	default,Notice,notice,Notice::LOG,Log::WRITER_ASCII	0.0
1777932058.065174	zeek	counter	zeek_log_writer_truncated_string_fields_total	filter_name,module,path,stream,writer	default,Stats,stats,Stats::LOG,Log::WRITER_ASCII	0.0
1777932058.065174	zeek	counter	zeek_log_writer_truncated_string_fields_total	filter_name,module,path,stream,writer	default,Telemetry,telemetry,Telemetry::LOG,Log::WRITER_ASCII	0.0
1777932058.065174	zeek	counter	zeek_log_writer_truncated_string_fields_total	filter_name,module,path,stream,writer	default,LoadedScripts,loaded_scripts,LoadedScripts::LOG,Log::WRITER_ASCII	0.0
1777932058.065174	zeek	counter	zeek_log_writer_truncated_string_fields_total	filter_name,module,path,stream,writer	default,PacketFilter,packet_filter,PacketFilter::LOG,Log::WRITER_ASCII	0.0
1777932058.065174	zeek	counter	zeek_log_writer_truncated_containers_total	filter_name,module,path,stream,writer	default,Conn,conn,Conn::LOG,Log::WRITER_ASCII	0.0
1777932058.065174	zeek	counter	zeek_log_writer_truncated_containers_total	filter_name,module,path,stream,writer	default,CaptureLoss,capture_loss,CaptureLoss::LOG,Log::WRITER_ASCII	0.0
1777932058.065174	zeek	counter	zeek_log_writer_truncated_containers_total	filter_name,module,path,stream,writer	default,Notice,notice,Notice::LOG,Log::WRITER_ASCII	0.0
1777932058.065174	zeek	counter	zeek_log_writer_truncated_containers_total	filter_name,module,path,stream,writer	default,Stats,stats,Stats::LOG,Log::WRITER_ASCII	0.0
1777932058.065174	zeek	counter	zeek_log_writer_truncated_containers_total	filter_name,module,path,stream,writer	default,Telemetry,telemetry,Telemetry::LOG,Log::WRITER_ASCII	0.0
1777932058.065174	zeek	counter	zeek_log_writer_truncated_containers_total	filter_name,module,path,stream,writer	default,LoadedScripts,loaded_scripts,LoadedScripts::LOG,Log::WRITER_ASCII	0.0
1777932058.065174	zeek	counter	zeek_log_writer_truncated_containers_total	filter_name,module,path,stream,writer	default,PacketFilter,packet_filter,PacketFilter::LOG,Log::WRITER_ASCII	0.0
1777932058.065174	zeek	counter	zeek_net_received_bytes_total	(empty)	(empty)	2620493.0
1777932058.065174	zeek	counter	zeek_net_received_packets_total	(empty)	(empty)	12287.0
1777932058.065174	zeek	counter	zeek_net_dropped_packets_total	(empty)	(empty)	0.0
1777932058.065174	zeek	counter	zeek_net_link_packets_total	(empty)	(empty)	12287.0
1777932058.065174	zeek	counter	zeek_msgthread_threads_total	(empty)	(empty)	7.0
1777932058.065174	zeek	counter	zeek_msgthread_in_messages_total	(empty)	(empty)	19.0
1777932058.065174	zeek	counter	zeek_msgthread_out_messages_total	(empty)	(empty)	0.0
1777932058.065174	zeek	counter	zeek_cluster_core_outgoing_events_total	(empty)	(empty)	0.0
1777932058.065174	zeek	counter	zeek_cluster_core_incoming_events_total	(empty)	(empty)	0.0
1777932058.065174	zeek	counter	zeek_broker_incoming_events_total	(empty)	(empty)	0.0
1777932058.065174	zeek	counter	zeek_broker_outgoing_events_total	(empty)	(empty)	0.0
1777932058.065174	zeek	counter	zeek_broker_incoming_logs_total	(empty)	(empty)	0.0
1777932058.065174	zeek	counter	zeek_broker_outgoing_logs_total	(empty)	(empty)	0.0
1777932058.065174	zeek	counter	zeek_broker_incoming_ids_total	(empty)	(empty)	0.0
1777932058.065174	zeek	counter	zeek_broker_outgoing_ids_total	(empty)	(empty)	0.0
1777932058.065174	zeek	counter	zeek_timers_total	(empty)	(empty)	1276.0
1777932058.065174	zeek	counter	zeek_dnsmgr_requests_total	(empty)	(empty)	0.0
1777932058.065174	zeek	counter	zeek_dnsmgr_successful_requests_total	(empty)	(empty)	0.0
1777932058.065174	zeek	counter	zeek_dnsmgr_failed_requests_total	(empty)	(empty)	0.0
1777932058.065174	zeek	counter	zeek_triggers_total	(empty)	(empty)	0.0
1777932058.065174	zeek	counter	zeek_ended_sessions_total	reason	inactivity	8.0
1777932058.065174	zeek	counter	zeek_event_handler_invocations_total	name	connection_state_remove	8.0
1777932058.065174	zeek	counter	zeek_event_handler_invocations_total	name	zeek_init	1.0
1777932058.065174	zeek	counter	zeek_event_handler_invocations_total	name	Telemetry::log	4.0
1777932058.065174	zeek	counter	zeek_event_handler_invocations_total	name	NetControl::init	1.0
1777932058.065174	zeek	counter	zeek_event_handler_invocations_total	name	ChecksumOffloading::check	2.0
1777932058.065174	zeek	counter	zeek_event_handler_invocations_total	name	grab_vulnerable_versions	2.0
1777932058.065174	zeek	counter	zeek_event_handler_invocations_total	name	filter_change_tracking	2.0
1777932058.065174	zeek	counter	zeek_event_handler_invocations_total	name	Broker::log_flush	179.0
1777932058.065174	zeek	counter	zeek_event_handler_invocations_total	name	zeek_script_loaded	538.0
1777932058.065174	zeek	counter	zeek_event_handler_invocations_total	name	new_connection	10.0
1777932058.065174	zeek	counter	zeek_event_handler_invocations_total	name	check_stats	1.0
1777932058.065174	zeek	counter	zeek_event_handler_invocations_total	name	CaptureLoss::take_measurement	2.0
1777932058.065174	zeek	counter	zeek_event_handler_invocations_total	name	net_stats_update	1.0
1777932058.065174	zeek	counter	zeek_event_handler_invocations_total	name	SumStats::finish_epoch	3.0
1777932058.065174	zeek	counter	zeek_total_sessions_total	protocol	icmp	6.0
1777932058.065174	zeek	counter	zeek_total_sessions_total	protocol	udp	4.0
1777932058.065174	zeek	counter	zeek_total_sessions_total	protocol	tcp	0.0
1777932058.065174	zeek	gauge	zeek_version_info	beta,commit,debug,major,minor,patch,version_number,version_string	false,0,false,8,1,2,80102,8.1.2	1.0
1777932058.065174	zeek	gauge	zeek_net_packet_lag_seconds	(empty)	(empty)	0.00186
1777932058.065174	zeek	gauge	zeek_net_timestamp_seconds	(empty)	(empty)	1777932058.065174
1777932058.065174	zeek	gauge	zeek_msgthread_active_threads	(empty)	(empty)	7.0
1777932058.065174	zeek	gauge	zeek_msgthread_pending_in_messages	(empty)	(empty)	0.0
1777932058.065174	zeek	gauge	zeek_msgthread_pending_out_messages	(empty)	(empty)	0.0
1777932058.065174	zeek	gauge	zeek_msgthread_pending_messages_in_buckets	leq	inf	7.0
1777932058.065174	zeek	gauge	zeek_msgthread_pending_messages_in_buckets	leq	10000	7.0
1777932058.065174	zeek	gauge	zeek_msgthread_pending_messages_in_buckets	leq	1000	7.0
1777932058.065174	zeek	gauge	zeek_msgthread_pending_messages_in_buckets	leq	100	7.0
1777932058.065174	zeek	gauge	zeek_msgthread_pending_messages_in_buckets	leq	10	7.0
1777932058.065174	zeek	gauge	zeek_msgthread_pending_messages_in_buckets	leq	1	7.0
1777932058.065174	zeek	gauge	zeek_msgthread_pending_messages_out_buckets	leq	inf	7.0
1777932058.065174	zeek	gauge	zeek_msgthread_pending_messages_out_buckets	leq	10000	7.0
1777932058.065174	zeek	gauge	zeek_msgthread_pending_messages_out_buckets	leq	1000	7.0
1777932058.065174	zeek	gauge	zeek_msgthread_pending_messages_out_buckets	leq	100	7.0
1777932058.065174	zeek	gauge	zeek_msgthread_pending_messages_out_buckets	leq	10	7.0
1777932058.065174	zeek	gauge	zeek_msgthread_pending_messages_out_buckets	leq	1	7.0
1777932058.065174	zeek	gauge	zeek_broker_peers	(empty)	(empty)	0.0
1777932058.065174	zeek	gauge	zeek_broker_stores	(empty)	(empty)	1.0
1777932058.065174	zeek	gauge	zeek_broker_pending_queries	(empty)	(empty)	0.0
1777932058.065174	zeek	gauge	zeek_timers_lag_time_seconds	(empty)	(empty)	0.008409
1777932058.065174	zeek	gauge	zeek_timers_pending	type	LogDelayExpire	0.0
1777932058.065174	zeek	gauge	zeek_timers_pending	type	ThreadHeartbeat	1.0
1777932058.065174	zeek	gauge	zeek_timers_pending	type	TimerMgrExpireTimer	0.0
1777932058.065174	zeek	gauge	zeek_timers_pending	type	ParentProcessIDCheck	0.0
1777932058.065174	zeek	gauge	zeek_timers_pending	type	FragTimer	0.0
1777932058.065174	zeek	gauge	zeek_timers_pending	type	RotateTimer	0.0
1777932058.065174	zeek	gauge	zeek_timers_pending	type	FlowWeirdTimer	0.0
1777932058.065174	zeek	gauge	zeek_timers_pending	type	FileAnalysisInactivityTimer	0.0
1777932058.065174	zeek	gauge	zeek_timers_pending	type	StorageExpire	1.0
1777932058.065174	zeek	gauge	zeek_timers_pending	type	ConnectionInactivityTimer	2.0
1777932058.065174	zeek	gauge	zeek_timers_pending	type	TCPConnectionExpireTimer	0.0
1777932058.065174	zeek	gauge	zeek_timers_pending	type	ConnectionStatusUpdateTimer	0.0
1777932058.065174	zeek	gauge	zeek_timers_pending	type	LogFlushWriteBufferTimer	1.0
1777932058.065174	zeek	gauge	zeek_timers_pending	type	NetWeirdTimer	0.0
1777932058.065174	zeek	gauge	zeek_timers_pending	type	InterconnTimer	0.0
1777932058.065174	zeek	gauge	zeek_timers_pending	type	IPTunnelInactivityTimer	0.0
1777932058.065174	zeek	gauge	zeek_timers_pending	type	DNSExpireTimer	0.0
1777932058.065174	zeek	gauge	zeek_timers_pending	type	UnknownProtocolExpire	0.0
1777932058.065174	zeek	gauge	zeek_timers_pending	type	ProfileTimer	0.0
1777932058.065174	zeek	gauge	zeek_timers_pending	type	ConnectionExpireTimer	0.0
1777932058.065174	zeek	gauge	zeek_timers_pending	type	BreakpointTimer	0.0
1777932058.065174	zeek	gauge	zeek_timers_pending	type	BackdoorTimer	0.0
1777932058.065174	zeek	gauge	zeek_timers_pending	type	NetbiosExpireTimer	0.0
1777932058.065174	zeek	gauge	zeek_timers_pending	type	NetworkTimer	0.0
1777932058.065174	zeek	gauge	zeek_timers_pending	type	RemoveConnection	0.0
1777932058.065174	zeek	gauge	zeek_timers_pending	type	TCPConnectionResetTimer	0.0
1777932058.065174	zeek	gauge	zeek_timers_pending	type	ConnTupleWeirdTimer	0.0
1777932058.065174	zeek	gauge	zeek_timers_pending	type	TCPConnectionDeleteTimer	0.0
1777932058.065174	zeek	gauge	zeek_timers_pending	type	ScheduleTimer	6.0
1777932058.065174	zeek	gauge	zeek_timers_pending	type	NTPExpireTimer	0.0
1777932058.065174	zeek	gauge	zeek_timers_pending	type	RPCExpireTimer	0.0
1777932058.065174	zeek	gauge	zeek_timers_pending	type	ConnectionDeleteTimer	0.0
1777932058.065174	zeek	gauge	zeek_timers_pending	type	TriggerTimer	0.0
1777932058.065174	zeek	gauge	zeek_timers_pending	type	TableValTimer	34.0
1777932058.065174	zeek	gauge	zeek_timers_pending	type	TCPConnectionAttemptTimer	0.0
1777932058.065174	zeek	gauge	zeek_timers_pending	type	TCPConnectionPartialClose	0.0
1777932058.065174	zeek	gauge	zeek_dnsmgr_pending_asyncs_requests	(empty)	(empty)	0.0
1777932058.065174	zeek	gauge	zeek_dnsmgr_cache_entries	type	text	0.0
1777932058.065174	zeek	gauge	zeek_dnsmgr_cache_entries	type	address	0.0
1777932058.065174	zeek	gauge	zeek_dnsmgr_cache_entries	type	host	0.0
1777932058.065174	zeek	gauge	zeek_pending_triggers	(empty)	(empty)	0.0
1777932058.065174	zeek	gauge	zeek_active_sessions	protocol	icmp	1.0
1777932058.065174	zeek	gauge	zeek_active_sessions	protocol	udp	1.0
1777932058.065174	zeek	gauge	zeek_active_sessions	protocol	tcp	0.0
1777932118.071981	zeek	counter	process_cpu_user_seconds_total	(empty)	(empty)	1.53
1777932118.071981	zeek	counter	process_cpu_system_seconds_total	(empty)	(empty)	0.8
1777932118.071981	zeek	gauge	process_resident_memory_bytes	(empty)	(empty)	283303936.0
1777932118.071981	zeek	gauge	process_virtual_memory_bytes	(empty)	(empty)	1543385088.0
1777932118.071981	zeek	gauge	process_open_fds	(empty)	(empty)	43.0
1777932118.071981	zeek	gauge	process_start_time_seconds	(empty)	(empty)	1777931877.626113
1777932118.071981	zeek	counter	zeek_log_stream_writes_total	module,stream	Conn,Conn::LOG	9.0
1777932118.071981	zeek	counter	zeek_log_stream_writes_total	module,stream	CaptureLoss,CaptureLoss::LOG	1.0
1777932118.071981	zeek	counter	zeek_log_stream_writes_total	module,stream	Notice,Notice::LOG	1.0
1777932118.071981	zeek	counter	zeek_log_stream_writes_total	module,stream	Stats,Stats::LOG	1.0
1777932118.071981	zeek	counter	zeek_log_stream_writes_total	module,stream	Telemetry,Telemetry::LOG	543.0
1777932118.071981	zeek	counter	zeek_log_stream_writes_total	module,stream	LoadedScripts,LoadedScripts::LOG	538.0
1777932118.071981	zeek	counter	zeek_log_stream_writes_total	module,stream	PacketFilter,PacketFilter::LOG	1.0
1777932118.071981	zeek	counter	zeek_log_writer_writes_total	filter_name,module,path,stream,writer	default,Conn,conn,Conn::LOG,Log::WRITER_ASCII	9.0
1777932118.071981	zeek	counter	zeek_log_writer_writes_total	filter_name,module,path,stream,writer	default,CaptureLoss,capture_loss,CaptureLoss::LOG,Log::WRITER_ASCII	1.0
1777932118.071981	zeek	counter	zeek_log_writer_writes_total	filter_name,module,path,stream,writer	default,Notice,notice,Notice::LOG,Log::WRITER_ASCII	1.0
1777932118.071981	zeek	counter	zeek_log_writer_writes_total	filter_name,module,path,stream,writer	default,Stats,stats,Stats::LOG,Log::WRITER_ASCII	1.0
1777932118.071981	zeek	counter	zeek_log_writer_writes_total	filter_name,module,path,stream,writer	default,Telemetry,telemetry,Telemetry::LOG,Log::WRITER_ASCII	543.0
1777932118.071981	zeek	counter	zeek_log_writer_writes_total	filter_name,module,path,stream,writer	default,LoadedScripts,loaded_scripts,LoadedScripts::LOG,Log::WRITER_ASCII	538.0
1777932118.071981	zeek	counter	zeek_log_writer_writes_total	filter_name,module,path,stream,writer	default,PacketFilter,packet_filter,PacketFilter::LOG,Log::WRITER_ASCII	1.0
1777932118.071981	zeek	counter	zeek_log_writer_discarded_writes_total	filter_name,module,path,stream,writer	default,Conn,conn,Conn::LOG,Log::WRITER_ASCII	0.0
1777932118.071981	zeek	counter	zeek_log_writer_discarded_writes_total	filter_name,module,path,stream,writer	default,CaptureLoss,capture_loss,CaptureLoss::LOG,Log::WRITER_ASCII	0.0
1777932118.071981	zeek	counter	zeek_log_writer_discarded_writes_total	filter_name,module,path,stream,writer	default,Notice,notice,Notice::LOG,Log::WRITER_ASCII	0.0
1777932118.071981	zeek	counter	zeek_log_writer_discarded_writes_total	filter_name,module,path,stream,writer	default,Stats,stats,Stats::LOG,Log::WRITER_ASCII	0.0
1777932118.071981	zeek	counter	zeek_log_writer_discarded_writes_total	filter_name,module,path,stream,writer	default,Telemetry,telemetry,Telemetry::LOG,Log::WRITER_ASCII	0.0
1777932118.071981	zeek	counter	zeek_log_writer_discarded_writes_total	filter_name,module,path,stream,writer	default,LoadedScripts,loaded_scripts,LoadedScripts::LOG,Log::WRITER_ASCII	0.0
1777932118.071981	zeek	counter	zeek_log_writer_discarded_writes_total	filter_name,module,path,stream,writer	default,PacketFilter,packet_filter,PacketFilter::LOG,Log::WRITER_ASCII	0.0
1777932118.071981	zeek	counter	zeek_log_writer_truncated_string_fields_total	filter_name,module,path,stream,writer	default,Conn,conn,Conn::LOG,Log::WRITER_ASCII	0.0
1777932118.071981	zeek	counter	zeek_log_writer_truncated_string_fields_total	filter_name,module,path,stream,writer	default,CaptureLoss,capture_loss,CaptureLoss::LOG,Log::WRITER_ASCII	0.0
1777932118.071981	zeek	counter	zeek_log_writer_truncated_string_fields_total	filter_name,module,path,stream,writer	default,Notice,notice,Notice::LOG,Log::WRITER_ASCII	0.0
1777932118.071981	zeek	counter	zeek_log_writer_truncated_string_fields_total	filter_name,module,path,stream,writer	default,Stats,stats,Stats::LOG,Log::WRITER_ASCII	0.0
1777932118.071981	zeek	counter	zeek_log_writer_truncated_string_fields_total	filter_name,module,path,stream,writer	default,Telemetry,telemetry,Telemetry::LOG,Log::WRITER_ASCII	0.0
1777932118.071981	zeek	counter	zeek_log_writer_truncated_string_fields_total	filter_name,module,path,stream,writer	default,LoadedScripts,loaded_scripts,LoadedScripts::LOG,Log::WRITER_ASCII	0.0
1777932118.071981	zeek	counter	zeek_log_writer_truncated_string_fields_total	filter_name,module,path,stream,writer	default,PacketFilter,packet_filter,PacketFilter::LOG,Log::WRITER_ASCII	0.0
1777932118.071981	zeek	counter	zeek_log_writer_truncated_containers_total	filter_name,module,path,stream,writer	default,Conn,conn,Conn::LOG,Log::WRITER_ASCII	0.0
1777932118.071981	zeek	counter	zeek_log_writer_truncated_containers_total	filter_name,module,path,stream,writer	default,CaptureLoss,capture_loss,CaptureLoss::LOG,Log::WRITER_ASCII	0.0
1777932118.071981	zeek	counter	zeek_log_writer_truncated_containers_total	filter_name,module,path,stream,writer	default,Notice,notice,Notice::LOG,Log::WRITER_ASCII	0.0
1777932118.071981	zeek	counter	zeek_log_writer_truncated_containers_total	filter_name,module,path,stream,writer	default,Stats,stats,Stats::LOG,Log::WRITER_ASCII	0.0
1777932118.071981	zeek	counter	zeek_log_writer_truncated_containers_total	filter_name,module,path,stream,writer	default,Telemetry,telemetry,Telemetry::LOG,Log::WRITER_ASCII	0.0
1777932118.071981	zeek	counter	zeek_log_writer_truncated_containers_total	filter_name,module,path,stream,writer	default,LoadedScripts,loaded_scripts,LoadedScripts::LOG,Log::WRITER_ASCII	0.0
1777932118.071981	zeek	counter	zeek_log_writer_truncated_containers_total	filter_name,module,path,stream,writer	default,PacketFilter,packet_filter,PacketFilter::LOG,Log::WRITER_ASCII	0.0
1777932118.071981	zeek	counter	zeek_net_received_bytes_total	(empty)	(empty)	3988383.0
1777932118.071981	zeek	counter	zeek_net_received_packets_total	(empty)	(empty)	18330.0
1777932118.071981	zeek	counter	zeek_net_dropped_packets_total	(empty)	(empty)	0.0
1777932118.071981	zeek	counter	zeek_net_link_packets_total	(empty)	(empty)	18330.0
1777932118.071981	zeek	counter	zeek_msgthread_threads_total	(empty)	(empty)	7.0
1777932118.071981	zeek	counter	zeek_msgthread_in_messages_total	(empty)	(empty)	21.0
1777932118.071981	zeek	counter	zeek_msgthread_out_messages_total	(empty)	(empty)	0.0
1777932118.071981	zeek	counter	zeek_cluster_core_outgoing_events_total	(empty)	(empty)	0.0
1777932118.071981	zeek	counter	zeek_cluster_core_incoming_events_total	(empty)	(empty)	0.0
1777932118.071981	zeek	counter	zeek_broker_incoming_events_total	(empty)	(empty)	0.0
1777932118.071981	zeek	counter	zeek_broker_outgoing_events_total	(empty)	(empty)	0.0
1777932118.071981	zeek	counter	zeek_broker_incoming_logs_total	(empty)	(empty)	0.0
1777932118.071981	zeek	counter	zeek_broker_outgoing_logs_total	(empty)	(empty)	0.0
1777932118.071981	zeek	counter	zeek_broker_incoming_ids_total	(empty)	(empty)	0.0
1777932118.071981	zeek	counter	zeek_broker_outgoing_ids_total	(empty)	(empty)	0.0
1777932118.071981	zeek	counter	zeek_timers_total	(empty)	(empty)	1666.0
1777932118.071981	zeek	counter	zeek_dnsmgr_requests_total	(empty)	(empty)	0.0
1777932118.071981	zeek	counter	zeek_dnsmgr_successful_requests_total	(empty)	(empty)	0.0
1777932118.071981	zeek	counter	zeek_dnsmgr_failed_requests_total	(empty)	(empty)	0.0
1777932118.071981	zeek	counter	zeek_triggers_total	(empty)	(empty)	0.0
1777932118.071981	zeek	counter	zeek_ended_sessions_total	reason	inactivity	9.0
1777932118.071981	zeek	counter	zeek_event_handler_invocations_total	name	connection_state_remove	9.0
1777932118.071981	zeek	counter	zeek_event_handler_invocations_total	name	zeek_init	1.0
1777932118.071981	zeek	counter	zeek_event_handler_invocations_total	name	Telemetry::log	5.0
1777932118.071981	zeek	counter	zeek_event_handler_invocations_total	name	NetControl::init	1.0
1777932118.071981	zeek	counter	zeek_event_handler_invocations_total	name	ChecksumOffloading::check	2.0
1777932118.071981	zeek	counter	zeek_event_handler_invocations_total	name	grab_vulnerable_versions	2.0
1777932118.071981	zeek	counter	zeek_event_handler_invocations_total	name	filter_change_tracking	2.0
1777932118.071981	zeek	counter	zeek_event_handler_invocations_total	name	Broker::log_flush	239.0
1777932118.071981	zeek	counter	zeek_event_handler_invocations_total	name	zeek_script_loaded	538.0
1777932118.071981	zeek	counter	zeek_event_handler_invocations_total	name	new_connection	10.0
1777932118.071981	zeek	counter	zeek_event_handler_invocations_total	name	check_stats	1.0
1777932118.071981	zeek	counter	zeek_event_handler_invocations_total	name	CaptureLoss::take_measurement	2.0
1777932118.071981	zeek	counter	zeek_event_handler_invocations_total	name	net_stats_update	1.0
1777932118.071981	zeek	counter	zeek_event_handler_invocations_total	name	SumStats::finish_epoch	3.0
1777932118.071981	zeek	counter	zeek_total_sessions_total	protocol	icmp	6.0
1777932118.071981	zeek	counter	zeek_total_sessions_total	protocol	udp	4.0
1777932118.071981	zeek	counter	zeek_total_sessions_total	protocol	tcp	0.0
1777932118.071981	zeek	gauge	zeek_version_info	beta,commit,debug,major,minor,patch,version_number,version_string	false,0,false,8,1,2,80102,8.1.2	1.0
1777932118.071981	zeek	gauge	zeek_net_packet_lag_seconds	(empty)	(empty)	0.001111
1777932118.071981	zeek	gauge	zeek_net_timestamp_seconds	(empty)	(empty)	1777932118.071981
1777932118.071981	zeek	gauge	zeek_msgthread_active_threads	(empty)	(empty)	7.0
1777932118.071981	zeek	gauge	zeek_msgthread_pending_in_messages	(empty)	(empty)	0.0
1777932118.071981	zeek	gauge	zeek_msgthread_pending_out_messages	(empty)	(empty)	0.0
1777932118.071981	zeek	gauge	zeek_msgthread_pending_messages_in_buckets	leq	inf	7.0
1777932118.071981	zeek	gauge	zeek_msgthread_pending_messages_in_buckets	leq	10000	7.0
1777932118.071981	zeek	gauge	zeek_msgthread_pending_messages_in_buckets	leq	1000	7.0
1777932118.071981	zeek	gauge	zeek_msgthread_pending_messages_in_buckets	leq	100	7.0
1777932118.071981	zeek	gauge	zeek_msgthread_pending_messages_in_buckets	leq	10	7.0
1777932118.071981	zeek	gauge	zeek_msgthread_pending_messages_in_buckets	leq	1	7.0
1777932118.071981	zeek	gauge	zeek_msgthread_pending_messages_out_buckets	leq	inf	7.0
1777932118.071981	zeek	gauge	zeek_msgthread_pending_messages_out_buckets	leq	10000	7.0
1777932118.071981	zeek	gauge	zeek_msgthread_pending_messages_out_buckets	leq	1000	7.0
1777932118.071981	zeek	gauge	zeek_msgthread_pending_messages_out_buckets	leq	100	7.0
1777932118.071981	zeek	gauge	zeek_msgthread_pending_messages_out_buckets	leq	10	7.0
1777932118.071981	zeek	gauge	zeek_msgthread_pending_messages_out_buckets	leq	1	7.0
1777932118.071981	zeek	gauge	zeek_broker_peers	(empty)	(empty)	0.0
1777932118.071981	zeek	gauge	zeek_broker_stores	(empty)	(empty)	1.0
1777932118.071981	zeek	gauge	zeek_broker_pending_queries	(empty)	(empty)	0.0
1777932118.071981	zeek	gauge	zeek_timers_lag_time_seconds	(empty)	(empty)	0.006807
1777932118.071981	zeek	gauge	zeek_timers_pending	type	LogDelayExpire	0.0
1777932118.071981	zeek	gauge	zeek_timers_pending	type	ThreadHeartbeat	1.0
1777932118.071981	zeek	gauge	zeek_timers_pending	type	TimerMgrExpireTimer	0.0
1777932118.071981	zeek	gauge	zeek_timers_pending	type	ParentProcessIDCheck	0.0
1777932118.071981	zeek	gauge	zeek_timers_pending	type	FragTimer	0.0
1777932118.071981	zeek	gauge	zeek_timers_pending	type	RotateTimer	0.0
1777932118.071981	zeek	gauge	zeek_timers_pending	type	FlowWeirdTimer	0.0
1777932118.071981	zeek	gauge	zeek_timers_pending	type	FileAnalysisInactivityTimer	0.0
1777932118.071981	zeek	gauge	zeek_timers_pending	type	StorageExpire	1.0
1777932118.071981	zeek	gauge	zeek_timers_pending	type	ConnectionInactivityTimer	1.0
1777932118.071981	zeek	gauge	zeek_timers_pending	type	TCPConnectionExpireTimer	0.0
1777932118.071981	zeek	gauge	zeek_timers_pending	type	ConnectionStatusUpdateTimer	0.0
1777932118.071981	zeek	gauge	zeek_timers_pending	type	LogFlushWriteBufferTimer	1.0
1777932118.071981	zeek	gauge	zeek_timers_pending	type	NetWeirdTimer	0.0
1777932118.071981	zeek	gauge	zeek_timers_pending	type	InterconnTimer	0.0
1777932118.071981	zeek	gauge	zeek_timers_pending	type	IPTunnelInactivityTimer	0.0
1777932118.071981	zeek	gauge	zeek_timers_pending	type	DNSExpireTimer	0.0
1777932118.071981	zeek	gauge	zeek_timers_pending	type	UnknownProtocolExpire	0.0
1777932118.071981	zeek	gauge	zeek_timers_pending	type	ProfileTimer	0.0
1777932118.071981	zeek	gauge	zeek_timers_pending	type	ConnectionExpireTimer	0.0
1777932118.071981	zeek	gauge	zeek_timers_pending	type	BreakpointTimer	0.0
1777932118.071981	zeek	gauge	zeek_timers_pending	type	BackdoorTimer	0.0
1777932118.071981	zeek	gauge	zeek_timers_pending	type	NetbiosExpireTimer	0.0
1777932118.071981	zeek	gauge	zeek_timers_pending	type	NetworkTimer	0.0
1777932118.071981	zeek	gauge	zeek_timers_pending	type	RemoveConnection	0.0
1777932118.071981	zeek	gauge	zeek_timers_pending	type	TCPConnectionResetTimer	0.0
1777932118.071981	zeek	gauge	zeek_timers_pending	type	ConnTupleWeirdTimer	0.0
1777932118.071981	zeek	gauge	zeek_timers_pending	type	TCPConnectionDeleteTimer	0.0
1777932118.071981	zeek	gauge	zeek_timers_pending	type	ScheduleTimer	6.0
1777932118.071981	zeek	gauge	zeek_timers_pending	type	NTPExpireTimer	0.0
1777932118.071981	zeek	gauge	zeek_timers_pending	type	RPCExpireTimer	0.0
1777932118.071981	zeek	gauge	zeek_timers_pending	type	ConnectionDeleteTimer	0.0
1777932118.071981	zeek	gauge	zeek_timers_pending	type	TriggerTimer	0.0
1777932118.071981	zeek	gauge	zeek_timers_pending	type	TableValTimer	34.0
1777932118.071981	zeek	gauge	zeek_timers_pending	type	TCPConnectionAttemptTimer	0.0
1777932118.071981	zeek	gauge	zeek_timers_pending	type	TCPConnectionPartialClose	0.0
1777932118.071981	zeek	gauge	zeek_dnsmgr_pending_asyncs_requests	(empty)	(empty)	0.0
1777932118.071981	zeek	gauge	zeek_dnsmgr_cache_entries	type	text	0.0
1777932118.071981	zeek	gauge	zeek_dnsmgr_cache_entries	type	address	0.0
1777932118.071981	zeek	gauge	zeek_dnsmgr_cache_entries	type	host	0.0
1777932118.071981	zeek	gauge	zeek_pending_triggers	(empty)	(empty)	0.0
1777932118.071981	zeek	gauge	zeek_active_sessions	protocol	icmp	0.0
1777932118.071981	zeek	gauge	zeek_active_sessions	protocol	udp	1.0
1777932118.071981	zeek	gauge	zeek_active_sessions	protocol	tcp	0.0
1777932178.072591	zeek	counter	process_cpu_user_seconds_total	(empty)	(empty)	1.88
1777932178.072591	zeek	counter	process_cpu_system_seconds_total	(empty)	(empty)	1.08
1777932178.072591	zeek	gauge	process_resident_memory_bytes	(empty)	(empty)	283303936.0
1777932178.072591	zeek	gauge	process_virtual_memory_bytes	(empty)	(empty)	1543385088.0
1777932178.072591	zeek	gauge	process_open_fds	(empty)	(empty)	43.0
1777932178.072591	zeek	gauge	process_start_time_seconds	(empty)	(empty)	1777931877.626113
1777932178.072591	zeek	counter	zeek_log_stream_writes_total	module,stream	Conn,Conn::LOG	9.0
1777932178.072591	zeek	counter	zeek_log_stream_writes_total	module,stream	CaptureLoss,CaptureLoss::LOG	1.0
1777932178.072591	zeek	counter	zeek_log_stream_writes_total	module,stream	Notice,Notice::LOG	1.0
1777932178.072591	zeek	counter	zeek_log_stream_writes_total	module,stream	Stats,Stats::LOG	2.0
1777932178.072591	zeek	counter	zeek_log_stream_writes_total	module,stream	Telemetry,Telemetry::LOG	688.0
1777932178.072591	zeek	counter	zeek_log_stream_writes_total	module,stream	LoadedScripts,LoadedScripts::LOG	538.0
1777932178.072591	zeek	counter	zeek_log_stream_writes_total	module,stream	PacketFilter,PacketFilter::LOG	1.0
1777932178.072591	zeek	counter	zeek_log_writer_writes_total	filter_name,module,path,stream,writer	default,Conn,conn,Conn::LOG,Log::WRITER_ASCII	9.0
1777932178.072591	zeek	counter	zeek_log_writer_writes_total	filter_name,module,path,stream,writer	default,CaptureLoss,capture_loss,CaptureLoss::LOG,Log::WRITER_ASCII	1.0
1777932178.072591	zeek	counter	zeek_log_writer_writes_total	filter_name,module,path,stream,writer	default,Notice,notice,Notice::LOG,Log::WRITER_ASCII	1.0
1777932178.072591	zeek	counter	zeek_log_writer_writes_total	filter_name,module,path,stream,writer	default,Stats,stats,Stats::LOG,Log::WRITER_ASCII	2.0
1777932178.072591	zeek	counter	zeek_log_writer_writes_total	filter_name,module,path,stream,writer	default,Telemetry,telemetry,Telemetry::LOG,Log::WRITER_ASCII	688.0
1777932178.072591	zeek	counter	zeek_log_writer_writes_total	filter_name,module,path,stream,writer	default,LoadedScripts,loaded_scripts,LoadedScripts::LOG,Log::WRITER_ASCII	538.0
1777932178.072591	zeek	counter	zeek_log_writer_writes_total	filter_name,module,path,stream,writer	default,PacketFilter,packet_filter,PacketFilter::LOG,Log::WRITER_ASCII	1.0
1777932178.072591	zeek	counter	zeek_log_writer_discarded_writes_total	filter_name,module,path,stream,writer	default,Conn,conn,Conn::LOG,Log::WRITER_ASCII	0.0
1777932178.072591	zeek	counter	zeek_log_writer_discarded_writes_total	filter_name,module,path,stream,writer	default,CaptureLoss,capture_loss,CaptureLoss::LOG,Log::WRITER_ASCII	0.0
1777932178.072591	zeek	counter	zeek_log_writer_discarded_writes_total	filter_name,module,path,stream,writer	default,Notice,notice,Notice::LOG,Log::WRITER_ASCII	0.0
1777932178.072591	zeek	counter	zeek_log_writer_discarded_writes_total	filter_name,module,path,stream,writer	default,Stats,stats,Stats::LOG,Log::WRITER_ASCII	0.0
1777932178.072591	zeek	counter	zeek_log_writer_discarded_writes_total	filter_name,module,path,stream,writer	default,Telemetry,telemetry,Telemetry::LOG,Log::WRITER_ASCII	0.0
1777932178.072591	zeek	counter	zeek_log_writer_discarded_writes_total	filter_name,module,path,stream,writer	default,LoadedScripts,loaded_scripts,LoadedScripts::LOG,Log::WRITER_ASCII	0.0
1777932178.072591	zeek	counter	zeek_log_writer_discarded_writes_total	filter_name,module,path,stream,writer	default,PacketFilter,packet_filter,PacketFilter::LOG,Log::WRITER_ASCII	0.0
1777932178.072591	zeek	counter	zeek_log_writer_truncated_string_fields_total	filter_name,module,path,stream,writer	default,Conn,conn,Conn::LOG,Log::WRITER_ASCII	0.0
1777932178.072591	zeek	counter	zeek_log_writer_truncated_string_fields_total	filter_name,module,path,stream,writer	default,CaptureLoss,capture_loss,CaptureLoss::LOG,Log::WRITER_ASCII	0.0
1777932178.072591	zeek	counter	zeek_log_writer_truncated_string_fields_total	filter_name,module,path,stream,writer	default,Notice,notice,Notice::LOG,Log::WRITER_ASCII	0.0
1777932178.072591	zeek	counter	zeek_log_writer_truncated_string_fields_total	filter_name,module,path,stream,writer	default,Stats,stats,Stats::LOG,Log::WRITER_ASCII	0.0
1777932178.072591	zeek	counter	zeek_log_writer_truncated_string_fields_total	filter_name,module,path,stream,writer	default,Telemetry,telemetry,Telemetry::LOG,Log::WRITER_ASCII	0.0
1777932178.072591	zeek	counter	zeek_log_writer_truncated_string_fields_total	filter_name,module,path,stream,writer	default,LoadedScripts,loaded_scripts,LoadedScripts::LOG,Log::WRITER_ASCII	0.0
1777932178.072591	zeek	counter	zeek_log_writer_truncated_string_fields_total	filter_name,module,path,stream,writer	default,PacketFilter,packet_filter,PacketFilter::LOG,Log::WRITER_ASCII	0.0
1777932178.072591	zeek	counter	zeek_log_writer_truncated_containers_total	filter_name,module,path,stream,writer	default,Conn,conn,Conn::LOG,Log::WRITER_ASCII	0.0
1777932178.072591	zeek	counter	zeek_log_writer_truncated_containers_total	filter_name,module,path,stream,writer	default,CaptureLoss,capture_loss,CaptureLoss::LOG,Log::WRITER_ASCII	0.0
1777932178.072591	zeek	counter	zeek_log_writer_truncated_containers_total	filter_name,module,path,stream,writer	default,Notice,notice,Notice::LOG,Log::WRITER_ASCII	0.0
1777932178.072591	zeek	counter	zeek_log_writer_truncated_containers_total	filter_name,module,path,stream,writer	default,Stats,stats,Stats::LOG,Log::WRITER_ASCII	0.0
1777932178.072591	zeek	counter	zeek_log_writer_truncated_containers_total	filter_name,module,path,stream,writer	default,Telemetry,telemetry,Telemetry::LOG,Log::WRITER_ASCII	0.0
1777932178.072591	zeek	counter	zeek_log_writer_truncated_containers_total	filter_name,module,path,stream,writer	default,LoadedScripts,loaded_scripts,LoadedScripts::LOG,Log::WRITER_ASCII	0.0
1777932178.072591	zeek	counter	zeek_log_writer_truncated_containers_total	filter_name,module,path,stream,writer	default,PacketFilter,packet_filter,PacketFilter::LOG,Log::WRITER_ASCII	0.0
1777932178.072591	zeek	counter	zeek_net_received_bytes_total	(empty)	(empty)	5237439.0
1777932178.072591	zeek	counter	zeek_net_received_packets_total	(empty)	(empty)	24165.0
1777932178.072591	zeek	counter	zeek_net_dropped_packets_total	(empty)	(empty)	0.0
1777932178.072591	zeek	counter	zeek_net_link_packets_total	(empty)	(empty)	24165.0
1777932178.072591	zeek	counter	zeek_msgthread_threads_total	(empty)	(empty)	7.0
1777932178.072591	zeek	counter	zeek_msgthread_in_messages_total	(empty)	(empty)	22.0
1777932178.072591	zeek	counter	zeek_msgthread_out_messages_total	(empty)	(empty)	0.0
1777932178.072591	zeek	counter	zeek_cluster_core_outgoing_events_total	(empty)	(empty)	0.0
1777932178.072591	zeek	counter	zeek_cluster_core_incoming_events_total	(empty)	(empty)	0.0
1777932178.072591	zeek	counter	zeek_broker_incoming_events_total	(empty)	(empty)	0.0
1777932178.072591	zeek	counter	zeek_broker_outgoing_events_total	(empty)	(empty)	0.0
1777932178.072591	zeek	counter	zeek_broker_incoming_logs_total	(empty)	(empty)	0.0
1777932178.072591	zeek	counter	zeek_broker_outgoing_logs_total	(empty)	(empty)	0.0
1777932178.072591	zeek	counter	zeek_broker_incoming_ids_total	(empty)	(empty)	0.0
1777932178.072591	zeek	counter	zeek_broker_outgoing_ids_total	(empty)	(empty)	0.0
1777932178.072591	zeek	counter	zeek_timers_total	(empty)	(empty)	2057.0
1777932178.072591	zeek	counter	zeek_dnsmgr_requests_total	(empty)	(empty)	0.0
1777932178.072591	zeek	counter	zeek_dnsmgr_successful_requests_total	(empty)	(empty)	0.0
1777932178.072591	zeek	counter	zeek_dnsmgr_failed_requests_total	(empty)	(empty)	0.0
1777932178.072591	zeek	counter	zeek_triggers_total	(empty)	(empty)	0.0
1777932178.072591	zeek	counter	zeek_ended_sessions_total	reason	inactivity	9.0
1777932178.072591	zeek	counter	zeek_event_handler_invocations_total	name	connection_state_remove	9.0
1777932178.072591	zeek	counter	zeek_event_handler_invocations_total	name	zeek_init	1.0
1777932178.072591	zeek	counter	zeek_event_handler_invocations_total	name	Telemetry::log	6.0
1777932178.072591	zeek	counter	zeek_event_handler_invocations_total	name	NetControl::init	1.0
1777932178.072591	zeek	counter	zeek_event_handler_invocations_total	name	ChecksumOffloading::check	2.0
1777932178.072591	zeek	counter	zeek_event_handler_invocations_total	name	grab_vulnerable_versions	2.0
1777932178.072591	zeek	counter	zeek_event_handler_invocations_total	name	filter_change_tracking	3.0
1777932178.072591	zeek	counter	zeek_event_handler_invocations_total	name	Broker::log_flush	298.0
1777932178.072591	zeek	counter	zeek_event_handler_invocations_total	name	zeek_script_loaded	538.0
1777932178.072591	zeek	counter	zeek_event_handler_invocations_total	name	new_connection	11.0
1777932178.072591	zeek	counter	zeek_event_handler_invocations_total	name	check_stats	2.0
1777932178.072591	zeek	counter	zeek_event_handler_invocations_total	name	CaptureLoss::take_measurement	2.0
1777932178.072591	zeek	counter	zeek_event_handler_invocations_total	name	net_stats_update	2.0
1777932178.072591	zeek	counter	zeek_event_handler_invocations_total	name	SumStats::finish_epoch	3.0
1777932178.072591	zeek	counter	zeek_total_sessions_total	protocol	icmp	7.0
1777932178.072591	zeek	counter	zeek_total_sessions_total	protocol	udp	4.0
1777932178.072591	zeek	counter	zeek_total_sessions_total	protocol	tcp	0.0
1777932178.072591	zeek	gauge	zeek_version_info	beta,commit,debug,major,minor,patch,version_number,version_string	false,0,false,8,1,2,80102,8.1.2	1.0
1777932178.072591	zeek	gauge	zeek_net_packet_lag_seconds	(empty)	(empty)	0.001931
1777932178.072591	zeek	gauge	zeek_net_timestamp_seconds	(empty)	(empty)	1777932178.072591
1777932178.072591	zeek	gauge	zeek_msgthread_active_threads	(empty)	(empty)	7.0
1777932178.072591	zeek	gauge	zeek_msgthread_pending_in_messages	(empty)	(empty)	0.0
1777932178.072591	zeek	gauge	zeek_msgthread_pending_out_messages	(empty)	(empty)	0.0
1777932178.072591	zeek	gauge	zeek_msgthread_pending_messages_in_buckets	leq	inf	7.0
1777932178.072591	zeek	gauge	zeek_msgthread_pending_messages_in_buckets	leq	10000	7.0
1777932178.072591	zeek	gauge	zeek_msgthread_pending_messages_in_buckets	leq	1000	7.0
1777932178.072591	zeek	gauge	zeek_msgthread_pending_messages_in_buckets	leq	100	7.0
1777932178.072591	zeek	gauge	zeek_msgthread_pending_messages_in_buckets	leq	10	7.0
1777932178.072591	zeek	gauge	zeek_msgthread_pending_messages_in_buckets	leq	1	7.0
1777932178.072591	zeek	gauge	zeek_msgthread_pending_messages_out_buckets	leq	inf	7.0
1777932178.072591	zeek	gauge	zeek_msgthread_pending_messages_out_buckets	leq	10000	7.0
1777932178.072591	zeek	gauge	zeek_msgthread_pending_messages_out_buckets	leq	1000	7.0
1777932178.072591	zeek	gauge	zeek_msgthread_pending_messages_out_buckets	leq	100	7.0
1777932178.072591	zeek	gauge	zeek_msgthread_pending_messages_out_buckets	leq	10	7.0
1777932178.072591	zeek	gauge	zeek_msgthread_pending_messages_out_buckets	leq	1	7.0
1777932178.072591	zeek	gauge	zeek_broker_peers	(empty)	(empty)	0.0
1777932178.072591	zeek	gauge	zeek_broker_stores	(empty)	(empty)	1.0
1777932178.072591	zeek	gauge	zeek_broker_pending_queries	(empty)	(empty)	0.0
1777932178.072591	zeek	gauge	zeek_timers_lag_time_seconds	(empty)	(empty)	0.00061
1777932178.072591	zeek	gauge	zeek_timers_pending	type	LogDelayExpire	0.0
1777932178.072591	zeek	gauge	zeek_timers_pending	type	ThreadHeartbeat	1.0
1777932178.072591	zeek	gauge	zeek_timers_pending	type	TimerMgrExpireTimer	0.0
1777932178.072591	zeek	gauge	zeek_timers_pending	type	ParentProcessIDCheck	0.0
1777932178.072591	zeek	gauge	zeek_timers_pending	type	FragTimer	0.0
1777932178.072591	zeek	gauge	zeek_timers_pending	type	RotateTimer	0.0
1777932178.072591	zeek	gauge	zeek_timers_pending	type	FlowWeirdTimer	0.0
1777932178.072591	zeek	gauge	zeek_timers_pending	type	FileAnalysisInactivityTimer	0.0
1777932178.072591	zeek	gauge	zeek_timers_pending	type	StorageExpire	1.0
1777932178.072591	zeek	gauge	zeek_timers_pending	type	ConnectionInactivityTimer	2.0
1777932178.072591	zeek	gauge	zeek_timers_pending	type	TCPConnectionExpireTimer	0.0
1777932178.072591	zeek	gauge	zeek_timers_pending	type	ConnectionStatusUpdateTimer	0.0
1777932178.072591	zeek	gauge	zeek_timers_pending	type	LogFlushWriteBufferTimer	1.0
1777932178.072591	zeek	gauge	zeek_timers_pending	type	NetWeirdTimer	0.0
1777932178.072591	zeek	gauge	zeek_timers_pending	type	InterconnTimer	0.0
1777932178.072591	zeek	gauge	zeek_timers_pending	type	IPTunnelInactivityTimer	0.0
1777932178.072591	zeek	gauge	zeek_timers_pending	type	DNSExpireTimer	0.0
1777932178.072591	zeek	gauge	zeek_timers_pending	type	UnknownProtocolExpire	0.0
1777932178.072591	zeek	gauge	zeek_timers_pending	type	ProfileTimer	0.0
1777932178.072591	zeek	gauge	zeek_timers_pending	type	ConnectionExpireTimer	0.0
1777932178.072591	zeek	gauge	zeek_timers_pending	type	BreakpointTimer	0.0
1777932178.072591	zeek	gauge	zeek_timers_pending	type	BackdoorTimer	0.0
1777932178.072591	zeek	gauge	zeek_timers_pending	type	NetbiosExpireTimer	0.0
1777932178.072591	zeek	gauge	zeek_timers_pending	type	NetworkTimer	0.0
1777932178.072591	zeek	gauge	zeek_timers_pending	type	RemoveConnection	0.0
1777932178.072591	zeek	gauge	zeek_timers_pending	type	TCPConnectionResetTimer	0.0
1777932178.072591	zeek	gauge	zeek_timers_pending	type	ConnTupleWeirdTimer	0.0
1777932178.072591	zeek	gauge	zeek_timers_pending	type	TCPConnectionDeleteTimer	0.0
1777932178.072591	zeek	gauge	zeek_timers_pending	type	ScheduleTimer	6.0
1777932178.072591	zeek	gauge	zeek_timers_pending	type	NTPExpireTimer	0.0
1777932178.072591	zeek	gauge	zeek_timers_pending	type	RPCExpireTimer	0.0
1777932178.072591	zeek	gauge	zeek_timers_pending	type	ConnectionDeleteTimer	0.0
1777932178.072591	zeek	gauge	zeek_timers_pending	type	TriggerTimer	0.0
1777932178.072591	zeek	gauge	zeek_timers_pending	type	TableValTimer	34.0
1777932178.072591	zeek	gauge	zeek_timers_pending	type	TCPConnectionAttemptTimer	0.0
1777932178.072591	zeek	gauge	zeek_timers_pending	type	TCPConnectionPartialClose	0.0
1777932178.072591	zeek	gauge	zeek_dnsmgr_pending_asyncs_requests	(empty)	(empty)	0.0
1777932178.072591	zeek	gauge	zeek_dnsmgr_cache_entries	type	text	0.0
1777932178.072591	zeek	gauge	zeek_dnsmgr_cache_entries	type	address	0.0
1777932178.072591	zeek	gauge	zeek_dnsmgr_cache_entries	type	host	0.0
1777932178.072591	zeek	gauge	zeek_pending_triggers	(empty)	(empty)	0.0
1777932178.072591	zeek	gauge	zeek_active_sessions	protocol	icmp	1.0
1777932178.072591	zeek	gauge	zeek_active_sessions	protocol	udp	1.0
1777932178.072591	zeek	gauge	zeek_active_sessions	protocol	tcp	0.0
1777932238.072846	zeek	counter	process_cpu_user_seconds_total	(empty)	(empty)	2.25
1777932238.072846	zeek	counter	process_cpu_system_seconds_total	(empty)	(empty)	1.33
1777932238.072846	zeek	gauge	process_resident_memory_bytes	(empty)	(empty)	283303936.0
1777932238.072846	zeek	gauge	process_virtual_memory_bytes	(empty)	(empty)	1543385088.0
1777932238.072846	zeek	gauge	process_open_fds	(empty)	(empty)	43.0
1777932238.072846	zeek	gauge	process_start_time_seconds	(empty)	(empty)	1777931877.626113
1777932238.072846	zeek	counter	zeek_log_stream_writes_total	module,stream	Conn,Conn::LOG	10.0
1777932238.072846	zeek	counter	zeek_log_stream_writes_total	module,stream	CaptureLoss,CaptureLoss::LOG	1.0
1777932238.072846	zeek	counter	zeek_log_stream_writes_total	module,stream	Notice,Notice::LOG	1.0
1777932238.072846	zeek	counter	zeek_log_stream_writes_total	module,stream	Stats,Stats::LOG	2.0
1777932238.072846	zeek	counter	zeek_log_stream_writes_total	module,stream	Telemetry,Telemetry::LOG	833.0
1777932238.072846	zeek	counter	zeek_log_stream_writes_total	module,stream	LoadedScripts,LoadedScripts::LOG	538.0
1777932238.072846	zeek	counter	zeek_log_stream_writes_total	module,stream	PacketFilter,PacketFilter::LOG	1.0
1777932238.072846	zeek	counter	zeek_log_writer_writes_total	filter_name,module,path,stream,writer	default,Conn,conn,Conn::LOG,Log::WRITER_ASCII	10.0
1777932238.072846	zeek	counter	zeek_log_writer_writes_total	filter_name,module,path,stream,writer	default,CaptureLoss,capture_loss,CaptureLoss::LOG,Log::WRITER_ASCII	1.0
1777932238.072846	zeek	counter	zeek_log_writer_writes_total	filter_name,module,path,stream,writer	default,Notice,notice,Notice::LOG,Log::WRITER_ASCII	1.0
1777932238.072846	zeek	counter	zeek_log_writer_writes_total	filter_name,module,path,stream,writer	default,Stats,stats,Stats::LOG,Log::WRITER_ASCII	2.0
1777932238.072846	zeek	counter	zeek_log_writer_writes_total	filter_name,module,path,stream,writer	default,Telemetry,telemetry,Telemetry::LOG,Log::WRITER_ASCII	833.0
1777932238.072846	zeek	counter	zeek_log_writer_writes_total	filter_name,module,path,stream,writer	default,LoadedScripts,loaded_scripts,LoadedScripts::LOG,Log::WRITER_ASCII	538.0
1777932238.072846	zeek	counter	zeek_log_writer_writes_total	filter_name,module,path,stream,writer	default,PacketFilter,packet_filter,PacketFilter::LOG,Log::WRITER_ASCII	1.0
1777932238.072846	zeek	counter	zeek_log_writer_discarded_writes_total	filter_name,module,path,stream,writer	default,Conn,conn,Conn::LOG,Log::WRITER_ASCII	0.0
1777932238.072846	zeek	counter	zeek_log_writer_discarded_writes_total	filter_name,module,path,stream,writer	default,CaptureLoss,capture_loss,CaptureLoss::LOG,Log::WRITER_ASCII	0.0
1777932238.072846	zeek	counter	zeek_log_writer_discarded_writes_total	filter_name,module,path,stream,writer	default,Notice,notice,Notice::LOG,Log::WRITER_ASCII	0.0
1777932238.072846	zeek	counter	zeek_log_writer_discarded_writes_total	filter_name,module,path,stream,writer	default,Stats,stats,Stats::LOG,Log::WRITER_ASCII	0.0
1777932238.072846	zeek	counter	zeek_log_writer_discarded_writes_total	filter_name,module,path,stream,writer	default,Telemetry,telemetry,Telemetry::LOG,Log::WRITER_ASCII	0.0
1777932238.072846	zeek	counter	zeek_log_writer_discarded_writes_total	filter_name,module,path,stream,writer	default,LoadedScripts,loaded_scripts,LoadedScripts::LOG,Log::WRITER_ASCII	0.0
1777932238.072846	zeek	counter	zeek_log_writer_discarded_writes_total	filter_name,module,path,stream,writer	default,PacketFilter,packet_filter,PacketFilter::LOG,Log::WRITER_ASCII	0.0
1777932238.072846	zeek	counter	zeek_log_writer_truncated_string_fields_total	filter_name,module,path,stream,writer	default,Conn,conn,Conn::LOG,Log::WRITER_ASCII	0.0
1777932238.072846	zeek	counter	zeek_log_writer_truncated_string_fields_total	filter_name,module,path,stream,writer	default,CaptureLoss,capture_loss,CaptureLoss::LOG,Log::WRITER_ASCII	0.0
1777932238.072846	zeek	counter	zeek_log_writer_truncated_string_fields_total	filter_name,module,path,stream,writer	default,Notice,notice,Notice::LOG,Log::WRITER_ASCII	0.0
1777932238.072846	zeek	counter	zeek_log_writer_truncated_string_fields_total	filter_name,module,path,stream,writer	default,Stats,stats,Stats::LOG,Log::WRITER_ASCII	0.0
1777932238.072846	zeek	counter	zeek_log_writer_truncated_string_fields_total	filter_name,module,path,stream,writer	default,Telemetry,telemetry,Telemetry::LOG,Log::WRITER_ASCII	0.0
1777932238.072846	zeek	counter	zeek_log_writer_truncated_string_fields_total	filter_name,module,path,stream,writer	default,LoadedScripts,loaded_scripts,LoadedScripts::LOG,Log::WRITER_ASCII	0.0
1777932238.072846	zeek	counter	zeek_log_writer_truncated_string_fields_total	filter_name,module,path,stream,writer	default,PacketFilter,packet_filter,PacketFilter::LOG,Log::WRITER_ASCII	0.0
1777932238.072846	zeek	counter	zeek_log_writer_truncated_containers_total	filter_name,module,path,stream,writer	default,Conn,conn,Conn::LOG,Log::WRITER_ASCII	0.0
1777932238.072846	zeek	counter	zeek_log_writer_truncated_containers_total	filter_name,module,path,stream,writer	default,CaptureLoss,capture_loss,CaptureLoss::LOG,Log::WRITER_ASCII	0.0
1777932238.072846	zeek	counter	zeek_log_writer_truncated_containers_total	filter_name,module,path,stream,writer	default,Notice,notice,Notice::LOG,Log::WRITER_ASCII	0.0
1777932238.072846	zeek	counter	zeek_log_writer_truncated_containers_total	filter_name,module,path,stream,writer	default,Stats,stats,Stats::LOG,Log::WRITER_ASCII	0.0
1777932238.072846	zeek	counter	zeek_log_writer_truncated_containers_total	filter_name,module,path,stream,writer	default,Telemetry,telemetry,Telemetry::LOG,Log::WRITER_ASCII	0.0
1777932238.072846	zeek	counter	zeek_log_writer_truncated_containers_total	filter_name,module,path,stream,writer	default,LoadedScripts,loaded_scripts,LoadedScripts::LOG,Log::WRITER_ASCII	0.0
1777932238.072846	zeek	counter	zeek_log_writer_truncated_containers_total	filter_name,module,path,stream,writer	default,PacketFilter,packet_filter,PacketFilter::LOG,Log::WRITER_ASCII	0.0
1777932238.072846	zeek	counter	zeek_net_received_bytes_total	(empty)	(empty)	6554249.0
1777932238.072846	zeek	counter	zeek_net_received_packets_total	(empty)	(empty)	30147.0
1777932238.072846	zeek	counter	zeek_net_dropped_packets_total	(empty)	(empty)	0.0
1777932238.072846	zeek	counter	zeek_net_link_packets_total	(empty)	(empty)	30148.0
1777932238.072846	zeek	counter	zeek_msgthread_threads_total	(empty)	(empty)	7.0
1777932238.072846	zeek	counter	zeek_msgthread_in_messages_total	(empty)	(empty)	25.0
1777932238.072846	zeek	counter	zeek_msgthread_out_messages_total	(empty)	(empty)	0.0
1777932238.072846	zeek	counter	zeek_cluster_core_outgoing_events_total	(empty)	(empty)	0.0
1777932238.072846	zeek	counter	zeek_cluster_core_incoming_events_total	(empty)	(empty)	0.0
1777932238.072846	zeek	counter	zeek_broker_incoming_events_total	(empty)	(empty)	0.0
1777932238.072846	zeek	counter	zeek_broker_outgoing_events_total	(empty)	(empty)	0.0
1777932238.072846	zeek	counter	zeek_broker_incoming_logs_total	(empty)	(empty)	0.0
1777932238.072846	zeek	counter	zeek_broker_outgoing_logs_total	(empty)	(empty)	0.0
1777932238.072846	zeek	counter	zeek_broker_incoming_ids_total	(empty)	(empty)	0.0
1777932238.072846	zeek	counter	zeek_broker_outgoing_ids_total	(empty)	(empty)	0.0
1777932238.072846	zeek	counter	zeek_timers_total	(empty)	(empty)	2447.0
1777932238.072846	zeek	counter	zeek_dnsmgr_requests_total	(empty)	(empty)	0.0
1777932238.072846	zeek	counter	zeek_dnsmgr_successful_requests_total	(empty)	(empty)	0.0
1777932238.072846	zeek	counter	zeek_dnsmgr_failed_requests_total	(empty)	(empty)	0.0
1777932238.072846	zeek	counter	zeek_triggers_total	(empty)	(empty)	0.0
1777932238.072846	zeek	counter	zeek_ended_sessions_total	reason	inactivity	10.0
1777932238.072846	zeek	counter	zeek_event_handler_invocations_total	name	connection_state_remove	10.0
1777932238.072846	zeek	counter	zeek_event_handler_invocations_total	name	zeek_init	1.0
1777932238.072846	zeek	counter	zeek_event_handler_invocations_total	name	Telemetry::log	7.0
1777932238.072846	zeek	counter	zeek_event_handler_invocations_total	name	NetControl::init	1.0
1777932238.072846	zeek	counter	zeek_event_handler_invocations_total	name	ChecksumOffloading::check	2.0
1777932238.072846	zeek	counter	zeek_event_handler_invocations_total	name	grab_vulnerable_versions	2.0
1777932238.072846	zeek	counter	zeek_event_handler_invocations_total	name	filter_change_tracking	3.0
1777932238.072846	zeek	counter	zeek_event_handler_invocations_total	name	Broker::log_flush	358.0
1777932238.072846	zeek	counter	zeek_event_handler_invocations_total	name	zeek_script_loaded	538.0
1777932238.072846	zeek	counter	zeek_event_handler_invocations_total	name	new_connection	11.0
1777932238.072846	zeek	counter	zeek_event_handler_invocations_total	name	check_stats	2.0
1777932238.072846	zeek	counter	zeek_event_handler_invocations_total	name	CaptureLoss::take_measurement	2.0
1777932238.072846	zeek	counter	zeek_event_handler_invocations_total	name	net_stats_update	2.0
1777932238.072846	zeek	counter	zeek_event_handler_invocations_total	name	SumStats::finish_epoch	3.0
1777932238.072846	zeek	counter	zeek_total_sessions_total	protocol	icmp	7.0
1777932238.072846	zeek	counter	zeek_total_sessions_total	protocol	udp	4.0
1777932238.072846	zeek	counter	zeek_total_sessions_total	protocol	tcp	0.0
1777932238.072846	zeek	gauge	zeek_version_info	beta,commit,debug,major,minor,patch,version_number,version_string	false,0,false,8,1,2,80102,8.1.2	1.0
1777932238.072846	zeek	gauge	zeek_net_packet_lag_seconds	(empty)	(empty)	0.001631
1777932238.072846	zeek	gauge	zeek_net_timestamp_seconds	(empty)	(empty)	1777932238.072846
1777932238.072846	zeek	gauge	zeek_msgthread_active_threads	(empty)	(empty)	7.0
1777932238.072846	zeek	gauge	zeek_msgthread_pending_in_messages	(empty)	(empty)	0.0
1777932238.072846	zeek	gauge	zeek_msgthread_pending_out_messages	(empty)	(empty)	0.0
1777932238.072846	zeek	gauge	zeek_msgthread_pending_messages_in_buckets	leq	inf	7.0
1777932238.072846	zeek	gauge	zeek_msgthread_pending_messages_in_buckets	leq	10000	7.0
1777932238.072846	zeek	gauge	zeek_msgthread_pending_messages_in_buckets	leq	1000	7.0
1777932238.072846	zeek	gauge	zeek_msgthread_pending_messages_in_buckets	leq	100	7.0
1777932238.072846	zeek	gauge	zeek_msgthread_pending_messages_in_buckets	leq	10	7.0
1777932238.072846	zeek	gauge	zeek_msgthread_pending_messages_in_buckets	leq	1	7.0
1777932238.072846	zeek	gauge	zeek_msgthread_pending_messages_out_buckets	leq	inf	7.0
1777932238.072846	zeek	gauge	zeek_msgthread_pending_messages_out_buckets	leq	10000	7.0
1777932238.072846	zeek	gauge	zeek_msgthread_pending_messages_out_buckets	leq	1000	7.0
1777932238.072846	zeek	gauge	zeek_msgthread_pending_messages_out_buckets	leq	100	7.0
1777932238.072846	zeek	gauge	zeek_msgthread_pending_messages_out_buckets	leq	10	7.0
1777932238.072846	zeek	gauge	zeek_msgthread_pending_messages_out_buckets	leq	1	7.0
1777932238.072846	zeek	gauge	zeek_broker_peers	(empty)	(empty)	0.0
1777932238.072846	zeek	gauge	zeek_broker_stores	(empty)	(empty)	1.0
1777932238.072846	zeek	gauge	zeek_broker_pending_queries	(empty)	(empty)	0.0
1777932238.072846	zeek	gauge	zeek_timers_lag_time_seconds	(empty)	(empty)	0.000255
1777932238.072846	zeek	gauge	zeek_timers_pending	type	LogDelayExpire	0.0
1777932238.072846	zeek	gauge	zeek_timers_pending	type	ThreadHeartbeat	1.0
1777932238.072846	zeek	gauge	zeek_timers_pending	type	TimerMgrExpireTimer	0.0
1777932238.072846	zeek	gauge	zeek_timers_pending	type	ParentProcessIDCheck	0.0
1777932238.072846	zeek	gauge	zeek_timers_pending	type	FragTimer	0.0
1777932238.072846	zeek	gauge	zeek_timers_pending	type	RotateTimer	0.0
1777932238.072846	zeek	gauge	zeek_timers_pending	type	FlowWeirdTimer	0.0
1777932238.072846	zeek	gauge	zeek_timers_pending	type	FileAnalysisInactivityTimer	0.0
1777932238.072846	zeek	gauge	zeek_timers_pending	type	StorageExpire	1.0
1777932238.072846	zeek	gauge	zeek_timers_pending	type	ConnectionInactivityTimer	1.0
1777932238.072846	zeek	gauge	zeek_timers_pending	type	TCPConnectionExpireTimer	0.0
1777932238.072846	zeek	gauge	zeek_timers_pending	type	ConnectionStatusUpdateTimer	0.0
1777932238.072846	zeek	gauge	zeek_timers_pending	type	LogFlushWriteBufferTimer	1.0
1777932238.072846	zeek	gauge	zeek_timers_pending	type	NetWeirdTimer	0.0
1777932238.072846	zeek	gauge	zeek_timers_pending	type	InterconnTimer	0.0
1777932238.072846	zeek	gauge	zeek_timers_pending	type	IPTunnelInactivityTimer	0.0
1777932238.072846	zeek	gauge	zeek_timers_pending	type	DNSExpireTimer	0.0
1777932238.072846	zeek	gauge	zeek_timers_pending	type	UnknownProtocolExpire	0.0
1777932238.072846	zeek	gauge	zeek_timers_pending	type	ProfileTimer	0.0
1777932238.072846	zeek	gauge	zeek_timers_pending	type	ConnectionExpireTimer	0.0
1777932238.072846	zeek	gauge	zeek_timers_pending	type	BreakpointTimer	0.0
1777932238.072846	zeek	gauge	zeek_timers_pending	type	BackdoorTimer	0.0
1777932238.072846	zeek	gauge	zeek_timers_pending	type	NetbiosExpireTimer	0.0
1777932238.072846	zeek	gauge	zeek_timers_pending	type	NetworkTimer	0.0
1777932238.072846	zeek	gauge	zeek_timers_pending	type	RemoveConnection	0.0
1777932238.072846	zeek	gauge	zeek_timers_pending	type	TCPConnectionResetTimer	0.0
1777932238.072846	zeek	gauge	zeek_timers_pending	type	ConnTupleWeirdTimer	0.0
1777932238.072846	zeek	gauge	zeek_timers_pending	type	TCPConnectionDeleteTimer	0.0
1777932238.072846	zeek	gauge	zeek_timers_pending	type	ScheduleTimer	6.0
1777932238.072846	zeek	gauge	zeek_timers_pending	type	NTPExpireTimer	0.0
1777932238.072846	zeek	gauge	zeek_timers_pending	type	RPCExpireTimer	0.0
1777932238.072846	zeek	gauge	zeek_timers_pending	type	ConnectionDeleteTimer	0.0
1777932238.072846	zeek	gauge	zeek_timers_pending	type	TriggerTimer	0.0
1777932238.072846	zeek	gauge	zeek_timers_pending	type	TableValTimer	34.0
1777932238.072846	zeek	gauge	zeek_timers_pending	type	TCPConnectionAttemptTimer	0.0
1777932238.072846	zeek	gauge	zeek_timers_pending	type	TCPConnectionPartialClose	0.0
1777932238.072846	zeek	gauge	zeek_dnsmgr_pending_asyncs_requests	(empty)	(empty)	0.0
1777932238.072846	zeek	gauge	zeek_dnsmgr_cache_entries	type	text	0.0
1777932238.072846	zeek	gauge	zeek_dnsmgr_cache_entries	type	address	0.0
1777932238.072846	zeek	gauge	zeek_dnsmgr_cache_entries	type	host	0.0
1777932238.072846	zeek	gauge	zeek_pending_triggers	(empty)	(empty)	0.0
1777932238.072846	zeek	gauge	zeek_active_sessions	protocol	icmp	0.0
1777932238.072846	zeek	gauge	zeek_active_sessions	protocol	udp	1.0
1777932238.072846	zeek	gauge	zeek_active_sessions	protocol	tcp	0.0
1777932298.082897	zeek	counter	process_cpu_user_seconds_total	(empty)	(empty)	2.64
1777932298.082897	zeek	counter	process_cpu_system_seconds_total	(empty)	(empty)	1.58
1777932298.082897	zeek	gauge	process_resident_memory_bytes	(empty)	(empty)	283303936.0
1777932298.082897	zeek	gauge	process_virtual_memory_bytes	(empty)	(empty)	1543385088.0
1777932298.082897	zeek	gauge	process_open_fds	(empty)	(empty)	43.0
1777932298.082897	zeek	gauge	process_start_time_seconds	(empty)	(empty)	1777931877.626113
1777932298.082897	zeek	counter	zeek_log_stream_writes_total	module,stream	Conn,Conn::LOG	10.0
1777932298.082897	zeek	counter	zeek_log_stream_writes_total	module,stream	CaptureLoss,CaptureLoss::LOG	1.0
1777932298.082897	zeek	counter	zeek_log_stream_writes_total	module,stream	Notice,Notice::LOG	1.0
1777932298.082897	zeek	counter	zeek_log_stream_writes_total	module,stream	Stats,Stats::LOG	2.0
1777932298.082897	zeek	counter	zeek_log_stream_writes_total	module,stream	Telemetry,Telemetry::LOG	978.0
1777932298.082897	zeek	counter	zeek_log_stream_writes_total	module,stream	LoadedScripts,LoadedScripts::LOG	538.0
1777932298.082897	zeek	counter	zeek_log_stream_writes_total	module,stream	PacketFilter,PacketFilter::LOG	1.0
1777932298.082897	zeek	counter	zeek_log_writer_writes_total	filter_name,module,path,stream,writer	default,Conn,conn,Conn::LOG,Log::WRITER_ASCII	10.0
1777932298.082897	zeek	counter	zeek_log_writer_writes_total	filter_name,module,path,stream,writer	default,CaptureLoss,capture_loss,CaptureLoss::LOG,Log::WRITER_ASCII	1.0
1777932298.082897	zeek	counter	zeek_log_writer_writes_total	filter_name,module,path,stream,writer	default,Notice,notice,Notice::LOG,Log::WRITER_ASCII	1.0
1777932298.082897	zeek	counter	zeek_log_writer_writes_total	filter_name,module,path,stream,writer	default,Stats,stats,Stats::LOG,Log::WRITER_ASCII	2.0
1777932298.082897	zeek	counter	zeek_log_writer_writes_total	filter_name,module,path,stream,writer	default,Telemetry,telemetry,Telemetry::LOG,Log::WRITER_ASCII	978.0
1777932298.082897	zeek	counter	zeek_log_writer_writes_total	filter_name,module,path,stream,writer	default,LoadedScripts,loaded_scripts,LoadedScripts::LOG,Log::WRITER_ASCII	538.0
1777932298.082897	zeek	counter	zeek_log_writer_writes_total	filter_name,module,path,stream,writer	default,PacketFilter,packet_filter,PacketFilter::LOG,Log::WRITER_ASCII	1.0
1777932298.082897	zeek	counter	zeek_log_writer_discarded_writes_total	filter_name,module,path,stream,writer	default,Conn,conn,Conn::LOG,Log::WRITER_ASCII	0.0
1777932298.082897	zeek	counter	zeek_log_writer_discarded_writes_total	filter_name,module,path,stream,writer	default,CaptureLoss,capture_loss,CaptureLoss::LOG,Log::WRITER_ASCII	0.0
1777932298.082897	zeek	counter	zeek_log_writer_discarded_writes_total	filter_name,module,path,stream,writer	default,Notice,notice,Notice::LOG,Log::WRITER_ASCII	0.0
1777932298.082897	zeek	counter	zeek_log_writer_discarded_writes_total	filter_name,module,path,stream,writer	default,Stats,stats,Stats::LOG,Log::WRITER_ASCII	0.0
1777932298.082897	zeek	counter	zeek_log_writer_discarded_writes_total	filter_name,module,path,stream,writer	default,Telemetry,telemetry,Telemetry::LOG,Log::WRITER_ASCII	0.0
1777932298.082897	zeek	counter	zeek_log_writer_discarded_writes_total	filter_name,module,path,stream,writer	default,LoadedScripts,loaded_scripts,LoadedScripts::LOG,Log::WRITER_ASCII	0.0
1777932298.082897	zeek	counter	zeek_log_writer_discarded_writes_total	filter_name,module,path,stream,writer	default,PacketFilter,packet_filter,PacketFilter::LOG,Log::WRITER_ASCII	0.0
1777932298.082897	zeek	counter	zeek_log_writer_truncated_string_fields_total	filter_name,module,path,stream,writer	default,Conn,conn,Conn::LOG,Log::WRITER_ASCII	0.0
1777932298.082897	zeek	counter	zeek_log_writer_truncated_string_fields_total	filter_name,module,path,stream,writer	default,CaptureLoss,capture_loss,CaptureLoss::LOG,Log::WRITER_ASCII	0.0
1777932298.082897	zeek	counter	zeek_log_writer_truncated_string_fields_total	filter_name,module,path,stream,writer	default,Notice,notice,Notice::LOG,Log::WRITER_ASCII	0.0
1777932298.082897	zeek	counter	zeek_log_writer_truncated_string_fields_total	filter_name,module,path,stream,writer	default,Stats,stats,Stats::LOG,Log::WRITER_ASCII	0.0
1777932298.082897	zeek	counter	zeek_log_writer_truncated_string_fields_total	filter_name,module,path,stream,writer	default,Telemetry,telemetry,Telemetry::LOG,Log::WRITER_ASCII	0.0
1777932298.082897	zeek	counter	zeek_log_writer_truncated_string_fields_total	filter_name,module,path,stream,writer	default,LoadedScripts,loaded_scripts,LoadedScripts::LOG,Log::WRITER_ASCII	0.0
1777932298.082897	zeek	counter	zeek_log_writer_truncated_string_fields_total	filter_name,module,path,stream,writer	default,PacketFilter,packet_filter,PacketFilter::LOG,Log::WRITER_ASCII	0.0
1777932298.082897	zeek	counter	zeek_log_writer_truncated_containers_total	filter_name,module,path,stream,writer	default,Conn,conn,Conn::LOG,Log::WRITER_ASCII	0.0
1777932298.082897	zeek	counter	zeek_log_writer_truncated_containers_total	filter_name,module,path,stream,writer	default,CaptureLoss,capture_loss,CaptureLoss::LOG,Log::WRITER_ASCII	0.0
1777932298.082897	zeek	counter	zeek_log_writer_truncated_containers_total	filter_name,module,path,stream,writer	default,Notice,notice,Notice::LOG,Log::WRITER_ASCII	0.0
1777932298.082897	zeek	counter	zeek_log_writer_truncated_containers_total	filter_name,module,path,stream,writer	default,Stats,stats,Stats::LOG,Log::WRITER_ASCII	0.0
1777932298.082897	zeek	counter	zeek_log_writer_truncated_containers_total	filter_name,module,path,stream,writer	default,Telemetry,telemetry,Telemetry::LOG,Log::WRITER_ASCII	0.0
1777932298.082897	zeek	counter	zeek_log_writer_truncated_containers_total	filter_name,module,path,stream,writer	default,LoadedScripts,loaded_scripts,LoadedScripts::LOG,Log::WRITER_ASCII	0.0
1777932298.082897	zeek	counter	zeek_log_writer_truncated_containers_total	filter_name,module,path,stream,writer	default,PacketFilter,packet_filter,PacketFilter::LOG,Log::WRITER_ASCII	0.0
1777932298.082897	zeek	counter	zeek_net_received_bytes_total	(empty)	(empty)	7711196.0
1777932298.082897	zeek	counter	zeek_net_received_packets_total	(empty)	(empty)	36229.0
1777932298.082897	zeek	counter	zeek_net_dropped_packets_total	(empty)	(empty)	0.0
1777932298.082897	zeek	counter	zeek_net_link_packets_total	(empty)	(empty)	36229.0
1777932298.082897	zeek	counter	zeek_msgthread_threads_total	(empty)	(empty)	7.0
1777932298.082897	zeek	counter	zeek_msgthread_in_messages_total	(empty)	(empty)	26.0
1777932298.082897	zeek	counter	zeek_msgthread_out_messages_total	(empty)	(empty)	0.0
1777932298.082897	zeek	counter	zeek_cluster_core_outgoing_events_total	(empty)	(empty)	0.0
1777932298.082897	zeek	counter	zeek_cluster_core_incoming_events_total	(empty)	(empty)	0.0
1777932298.082897	zeek	counter	zeek_broker_incoming_events_total	(empty)	(empty)	0.0
1777932298.082897	zeek	counter	zeek_broker_outgoing_events_total	(empty)	(empty)	0.0
1777932298.082897	zeek	counter	zeek_broker_incoming_logs_total	(empty)	(empty)	0.0
1777932298.082897	zeek	counter	zeek_broker_outgoing_logs_total	(empty)	(empty)	0.0
1777932298.082897	zeek	counter	zeek_broker_incoming_ids_total	(empty)	(empty)	0.0
1777932298.082897	zeek	counter	zeek_broker_outgoing_ids_total	(empty)	(empty)	0.0
1777932298.082897	zeek	counter	zeek_timers_total	(empty)	(empty)	2834.0
1777932298.082897	zeek	counter	zeek_dnsmgr_requests_total	(empty)	(empty)	0.0
1777932298.082897	zeek	counter	zeek_dnsmgr_successful_requests_total	(empty)	(empty)	0.0
1777932298.082897	zeek	counter	zeek_dnsmgr_failed_requests_total	(empty)	(empty)	0.0
1777932298.082897	zeek	counter	zeek_triggers_total	(empty)	(empty)	0.0
1777932298.082897	zeek	counter	zeek_ended_sessions_total	reason	inactivity	10.0
1777932298.082897	zeek	counter	zeek_event_handler_invocations_total	name	connection_state_remove	10.0
1777932298.082897	zeek	counter	zeek_event_handler_invocations_total	name	zeek_init	1.0
1777932298.082897	zeek	counter	zeek_event_handler_invocations_total	name	Telemetry::log	8.0
1777932298.082897	zeek	counter	zeek_event_handler_invocations_total	name	NetControl::init	1.0
1777932298.082897	zeek	counter	zeek_event_handler_invocations_total	name	ChecksumOffloading::check	2.0
1777932298.082897	zeek	counter	zeek_event_handler_invocations_total	name	grab_vulnerable_versions	2.0
1777932298.082897	zeek	counter	zeek_event_handler_invocations_total	name	filter_change_tracking	3.0
1777932298.082897	zeek	counter	zeek_event_handler_invocations_total	name	Broker::log_flush	417.0
1777932298.082897	zeek	counter	zeek_event_handler_invocations_total	name	zeek_script_loaded	538.0
1777932298.082897	zeek	counter	zeek_event_handler_invocations_total	name	new_connection	11.0
1777932298.082897	zeek	counter	zeek_event_handler_invocations_total	name	check_stats	2.0
1777932298.082897	zeek	counter	zeek_event_handler_invocations_total	name	CaptureLoss::take_measurement	2.0
1777932298.082897	zeek	counter	zeek_event_handler_invocations_total	name	net_stats_update	2.0
1777932298.082897	zeek	counter	zeek_event_handler_invocations_total	name	SumStats::finish_epoch	3.0
1777932298.082897	zeek	counter	zeek_total_sessions_total	protocol	icmp	7.0
1777932298.082897	zeek	counter	zeek_total_sessions_total	protocol	udp	4.0
1777932298.082897	zeek	counter	zeek_total_sessions_total	protocol	tcp	0.0
1777932298.082897	zeek	gauge	zeek_version_info	beta,commit,debug,major,minor,patch,version_number,version_string	false,0,false,8,1,2,80102,8.1.2	1.0
1777932298.082897	zeek	gauge	zeek_net_packet_lag_seconds	(empty)	(empty)	0.002023
1777932298.082897	zeek	gauge	zeek_net_timestamp_seconds	(empty)	(empty)	1777932298.082897
1777932298.082897	zeek	gauge	zeek_msgthread_active_threads	(empty)	(empty)	7.0
1777932298.082897	zeek	gauge	zeek_msgthread_pending_in_messages	(empty)	(empty)	0.0
1777932298.082897	zeek	gauge	zeek_msgthread_pending_out_messages	(empty)	(empty)	0.0
1777932298.082897	zeek	gauge	zeek_msgthread_pending_messages_in_buckets	leq	inf	7.0
1777932298.082897	zeek	gauge	zeek_msgthread_pending_messages_in_buckets	leq	10000	7.0
1777932298.082897	zeek	gauge	zeek_msgthread_pending_messages_in_buckets	leq	1000	7.0
1777932298.082897	zeek	gauge	zeek_msgthread_pending_messages_in_buckets	leq	100	7.0
1777932298.082897	zeek	gauge	zeek_msgthread_pending_messages_in_buckets	leq	10	7.0
1777932298.082897	zeek	gauge	zeek_msgthread_pending_messages_in_buckets	leq	1	7.0
1777932298.082897	zeek	gauge	zeek_msgthread_pending_messages_out_buckets	leq	inf	7.0
1777932298.082897	zeek	gauge	zeek_msgthread_pending_messages_out_buckets	leq	10000	7.0
1777932298.082897	zeek	gauge	zeek_msgthread_pending_messages_out_buckets	leq	1000	7.0
1777932298.082897	zeek	gauge	zeek_msgthread_pending_messages_out_buckets	leq	100	7.0
1777932298.082897	zeek	gauge	zeek_msgthread_pending_messages_out_buckets	leq	10	7.0
1777932298.082897	zeek	gauge	zeek_msgthread_pending_messages_out_buckets	leq	1	7.0
1777932298.082897	zeek	gauge	zeek_broker_peers	(empty)	(empty)	0.0
1777932298.082897	zeek	gauge	zeek_broker_stores	(empty)	(empty)	1.0
1777932298.082897	zeek	gauge	zeek_broker_pending_queries	(empty)	(empty)	0.0
1777932298.082897	zeek	gauge	zeek_timers_lag_time_seconds	(empty)	(empty)	0.010051
1777932298.082897	zeek	gauge	zeek_timers_pending	type	LogDelayExpire	0.0
1777932298.082897	zeek	gauge	zeek_timers_pending	type	ThreadHeartbeat	1.0
1777932298.082897	zeek	gauge	zeek_timers_pending	type	TimerMgrExpireTimer	0.0
1777932298.082897	zeek	gauge	zeek_timers_pending	type	ParentProcessIDCheck	0.0
1777932298.082897	zeek	gauge	zeek_timers_pending	type	FragTimer	0.0
1777932298.082897	zeek	gauge	zeek_timers_pending	type	RotateTimer	0.0
1777932298.082897	zeek	gauge	zeek_timers_pending	type	FlowWeirdTimer	0.0
1777932298.082897	zeek	gauge	zeek_timers_pending	type	FileAnalysisInactivityTimer	0.0
1777932298.082897	zeek	gauge	zeek_timers_pending	type	StorageExpire	1.0
1777932298.082897	zeek	gauge	zeek_timers_pending	type	ConnectionInactivityTimer	1.0
1777932298.082897	zeek	gauge	zeek_timers_pending	type	TCPConnectionExpireTimer	0.0
1777932298.082897	zeek	gauge	zeek_timers_pending	type	ConnectionStatusUpdateTimer	0.0
1777932298.082897	zeek	gauge	zeek_timers_pending	type	LogFlushWriteBufferTimer	1.0
1777932298.082897	zeek	gauge	zeek_timers_pending	type	NetWeirdTimer	0.0
1777932298.082897	zeek	gauge	zeek_timers_pending	type	InterconnTimer	0.0
1777932298.082897	zeek	gauge	zeek_timers_pending	type	IPTunnelInactivityTimer	0.0
1777932298.082897	zeek	gauge	zeek_timers_pending	type	DNSExpireTimer	0.0
1777932298.082897	zeek	gauge	zeek_timers_pending	type	UnknownProtocolExpire	0.0
1777932298.082897	zeek	gauge	zeek_timers_pending	type	ProfileTimer	0.0
1777932298.082897	zeek	gauge	zeek_timers_pending	type	ConnectionExpireTimer	0.0
1777932298.082897	zeek	gauge	zeek_timers_pending	type	BreakpointTimer	0.0
1777932298.082897	zeek	gauge	zeek_timers_pending	type	BackdoorTimer	0.0
1777932298.082897	zeek	gauge	zeek_timers_pending	type	NetbiosExpireTimer	0.0
1777932298.082897	zeek	gauge	zeek_timers_pending	type	NetworkTimer	0.0
1777932298.082897	zeek	gauge	zeek_timers_pending	type	RemoveConnection	0.0
1777932298.082897	zeek	gauge	zeek_timers_pending	type	TCPConnectionResetTimer	0.0
1777932298.082897	zeek	gauge	zeek_timers_pending	type	ConnTupleWeirdTimer	0.0
1777932298.082897	zeek	gauge	zeek_timers_pending	type	TCPConnectionDeleteTimer	0.0
1777932298.082897	zeek	gauge	zeek_timers_pending	type	ScheduleTimer	6.0
1777932298.082897	zeek	gauge	zeek_timers_pending	type	NTPExpireTimer	0.0
1777932298.082897	zeek	gauge	zeek_timers_pending	type	RPCExpireTimer	0.0
1777932298.082897	zeek	gauge	zeek_timers_pending	type	ConnectionDeleteTimer	0.0
1777932298.082897	zeek	gauge	zeek_timers_pending	type	TriggerTimer	0.0
1777932298.082897	zeek	gauge	zeek_timers_pending	type	TableValTimer	34.0
1777932298.082897	zeek	gauge	zeek_timers_pending	type	TCPConnectionAttemptTimer	0.0
1777932298.082897	zeek	gauge	zeek_timers_pending	type	TCPConnectionPartialClose	0.0
1777932298.082897	zeek	gauge	zeek_dnsmgr_pending_asyncs_requests	(empty)	(empty)	0.0
1777932298.082897	zeek	gauge	zeek_dnsmgr_cache_entries	type	text	0.0
1777932298.082897	zeek	gauge	zeek_dnsmgr_cache_entries	type	address	0.0
1777932298.082897	zeek	gauge	zeek_dnsmgr_cache_entries	type	host	0.0
1777932298.082897	zeek	gauge	zeek_pending_triggers	(empty)	(empty)	0.0
1777932298.082897	zeek	gauge	zeek_active_sessions	protocol	icmp	0.0
1777932298.082897	zeek	gauge	zeek_active_sessions	protocol	udp	1.0
1777932298.082897	zeek	gauge	zeek_active_sessions	protocol	tcp	0.0
1777932358.083417	zeek	counter	process_cpu_user_seconds_total	(empty)	(empty)	3.04
1777932358.083417	zeek	counter	process_cpu_system_seconds_total	(empty)	(empty)	1.75
1777932358.083417	zeek	gauge	process_resident_memory_bytes	(empty)	(empty)	283303936.0
1777932358.083417	zeek	gauge	process_virtual_memory_bytes	(empty)	(empty)	1543385088.0
1777932358.083417	zeek	gauge	process_open_fds	(empty)	(empty)	43.0
1777932358.083417	zeek	gauge	process_start_time_seconds	(empty)	(empty)	1777931877.626113
1777932358.083417	zeek	counter	zeek_log_stream_writes_total	module,stream	Conn,Conn::LOG	10.0
1777932358.083417	zeek	counter	zeek_log_stream_writes_total	module,stream	CaptureLoss,CaptureLoss::LOG	1.0
1777932358.083417	zeek	counter	zeek_log_stream_writes_total	module,stream	Notice,Notice::LOG	1.0
1777932358.083417	zeek	counter	zeek_log_stream_writes_total	module,stream	Stats,Stats::LOG	2.0
1777932358.083417	zeek	counter	zeek_log_stream_writes_total	module,stream	Telemetry,Telemetry::LOG	1123.0
1777932358.083417	zeek	counter	zeek_log_stream_writes_total	module,stream	LoadedScripts,LoadedScripts::LOG	538.0
1777932358.083417	zeek	counter	zeek_log_stream_writes_total	module,stream	PacketFilter,PacketFilter::LOG	1.0
1777932358.083417	zeek	counter	zeek_log_writer_writes_total	filter_name,module,path,stream,writer	default,Conn,conn,Conn::LOG,Log::WRITER_ASCII	10.0
1777932358.083417	zeek	counter	zeek_log_writer_writes_total	filter_name,module,path,stream,writer	default,CaptureLoss,capture_loss,CaptureLoss::LOG,Log::WRITER_ASCII	1.0
1777932358.083417	zeek	counter	zeek_log_writer_writes_total	filter_name,module,path,stream,writer	default,Notice,notice,Notice::LOG,Log::WRITER_ASCII	1.0
1777932358.083417	zeek	counter	zeek_log_writer_writes_total	filter_name,module,path,stream,writer	default,Stats,stats,Stats::LOG,Log::WRITER_ASCII	2.0
1777932358.083417	zeek	counter	zeek_log_writer_writes_total	filter_name,module,path,stream,writer	default,Telemetry,telemetry,Telemetry::LOG,Log::WRITER_ASCII	1123.0
1777932358.083417	zeek	counter	zeek_log_writer_writes_total	filter_name,module,path,stream,writer	default,LoadedScripts,loaded_scripts,LoadedScripts::LOG,Log::WRITER_ASCII	538.0
1777932358.083417	zeek	counter	zeek_log_writer_writes_total	filter_name,module,path,stream,writer	default,PacketFilter,packet_filter,PacketFilter::LOG,Log::WRITER_ASCII	1.0
1777932358.083417	zeek	counter	zeek_log_writer_discarded_writes_total	filter_name,module,path,stream,writer	default,Conn,conn,Conn::LOG,Log::WRITER_ASCII	0.0
1777932358.083417	zeek	counter	zeek_log_writer_discarded_writes_total	filter_name,module,path,stream,writer	default,CaptureLoss,capture_loss,CaptureLoss::LOG,Log::WRITER_ASCII	0.0
1777932358.083417	zeek	counter	zeek_log_writer_discarded_writes_total	filter_name,module,path,stream,writer	default,Notice,notice,Notice::LOG,Log::WRITER_ASCII	0.0
1777932358.083417	zeek	counter	zeek_log_writer_discarded_writes_total	filter_name,module,path,stream,writer	default,Stats,stats,Stats::LOG,Log::WRITER_ASCII	0.0
1777932358.083417	zeek	counter	zeek_log_writer_discarded_writes_total	filter_name,module,path,stream,writer	default,Telemetry,telemetry,Telemetry::LOG,Log::WRITER_ASCII	0.0
1777932358.083417	zeek	counter	zeek_log_writer_discarded_writes_total	filter_name,module,path,stream,writer	default,LoadedScripts,loaded_scripts,LoadedScripts::LOG,Log::WRITER_ASCII	0.0
1777932358.083417	zeek	counter	zeek_log_writer_discarded_writes_total	filter_name,module,path,stream,writer	default,PacketFilter,packet_filter,PacketFilter::LOG,Log::WRITER_ASCII	0.0
1777932358.083417	zeek	counter	zeek_log_writer_truncated_string_fields_total	filter_name,module,path,stream,writer	default,Conn,conn,Conn::LOG,Log::WRITER_ASCII	0.0
1777932358.083417	zeek	counter	zeek_log_writer_truncated_string_fields_total	filter_name,module,path,stream,writer	default,CaptureLoss,capture_loss,CaptureLoss::LOG,Log::WRITER_ASCII	0.0
1777932358.083417	zeek	counter	zeek_log_writer_truncated_string_fields_total	filter_name,module,path,stream,writer	default,Notice,notice,Notice::LOG,Log::WRITER_ASCII	0.0
1777932358.083417	zeek	counter	zeek_log_writer_truncated_string_fields_total	filter_name,module,path,stream,writer	default,Stats,stats,Stats::LOG,Log::WRITER_ASCII	0.0
1777932358.083417	zeek	counter	zeek_log_writer_truncated_string_fields_total	filter_name,module,path,stream,writer	default,Telemetry,telemetry,Telemetry::LOG,Log::WRITER_ASCII	0.0
1777932358.083417	zeek	counter	zeek_log_writer_truncated_string_fields_total	filter_name,module,path,stream,writer	default,LoadedScripts,loaded_scripts,LoadedScripts::LOG,Log::WRITER_ASCII	0.0
1777932358.083417	zeek	counter	zeek_log_writer_truncated_string_fields_total	filter_name,module,path,stream,writer	default,PacketFilter,packet_filter,PacketFilter::LOG,Log::WRITER_ASCII	0.0
1777932358.083417	zeek	counter	zeek_log_writer_truncated_containers_total	filter_name,module,path,stream,writer	default,Conn,conn,Conn::LOG,Log::WRITER_ASCII	0.0
1777932358.083417	zeek	counter	zeek_log_writer_truncated_containers_total	filter_name,module,path,stream,writer	default,CaptureLoss,capture_loss,CaptureLoss::LOG,Log::WRITER_ASCII	0.0
1777932358.083417	zeek	counter	zeek_log_writer_truncated_containers_total	filter_name,module,path,stream,writer	default,Notice,notice,Notice::LOG,Log::WRITER_ASCII	0.0
1777932358.083417	zeek	counter	zeek_log_writer_truncated_containers_total	filter_name,module,path,stream,writer	default,Stats,stats,Stats::LOG,Log::WRITER_ASCII	0.0
1777932358.083417	zeek	counter	zeek_log_writer_truncated_containers_total	filter_name,module,path,stream,writer	default,Telemetry,telemetry,Telemetry::LOG,Log::WRITER_ASCII	0.0
1777932358.083417	zeek	counter	zeek_log_writer_truncated_containers_total	filter_name,module,path,stream,writer	default,LoadedScripts,loaded_scripts,LoadedScripts::LOG,Log::WRITER_ASCII	0.0
1777932358.083417	zeek	counter	zeek_log_writer_truncated_containers_total	filter_name,module,path,stream,writer	default,PacketFilter,packet_filter,PacketFilter::LOG,Log::WRITER_ASCII	0.0
1777932358.083417	zeek	counter	zeek_net_received_bytes_total	(empty)	(empty)	8865132.0
1777932358.083417	zeek	counter	zeek_net_received_packets_total	(empty)	(empty)	41598.0
1777932358.083417	zeek	counter	zeek_net_dropped_packets_total	(empty)	(empty)	0.0
1777932358.083417	zeek	counter	zeek_net_link_packets_total	(empty)	(empty)	41598.0
1777932358.083417	zeek	counter	zeek_msgthread_threads_total	(empty)	(empty)	7.0
1777932358.083417	zeek	counter	zeek_msgthread_in_messages_total	(empty)	(empty)	27.0
1777932358.083417	zeek	counter	zeek_msgthread_out_messages_total	(empty)	(empty)	0.0
1777932358.083417	zeek	counter	zeek_cluster_core_outgoing_events_total	(empty)	(empty)	0.0
1777932358.083417	zeek	counter	zeek_cluster_core_incoming_events_total	(empty)	(empty)	0.0
1777932358.083417	zeek	counter	zeek_broker_incoming_events_total	(empty)	(empty)	0.0
1777932358.083417	zeek	counter	zeek_broker_outgoing_events_total	(empty)	(empty)	0.0
1777932358.083417	zeek	counter	zeek_broker_incoming_logs_total	(empty)	(empty)	0.0
1777932358.083417	zeek	counter	zeek_broker_outgoing_logs_total	(empty)	(empty)	0.0
1777932358.083417	zeek	counter	zeek_broker_incoming_ids_total	(empty)	(empty)	0.0
1777932358.083417	zeek	counter	zeek_broker_outgoing_ids_total	(empty)	(empty)	0.0
1777932358.083417	zeek	counter	zeek_timers_total	(empty)	(empty)	3225.0
1777932358.083417	zeek	counter	zeek_dnsmgr_requests_total	(empty)	(empty)	0.0
1777932358.083417	zeek	counter	zeek_dnsmgr_successful_requests_total	(empty)	(empty)	0.0
1777932358.083417	zeek	counter	zeek_dnsmgr_failed_requests_total	(empty)	(empty)	0.0
1777932358.083417	zeek	counter	zeek_triggers_total	(empty)	(empty)	0.0
1777932358.083417	zeek	counter	zeek_ended_sessions_total	reason	inactivity	10.0
1777932358.083417	zeek	counter	zeek_event_handler_invocations_total	name	connection_state_remove	10.0
1777932358.083417	zeek	counter	zeek_event_handler_invocations_total	name	zeek_init	1.0
1777932358.083417	zeek	counter	zeek_event_handler_invocations_total	name	Telemetry::log	9.0
1777932358.083417	zeek	counter	zeek_event_handler_invocations_total	name	NetControl::init	1.0
1777932358.083417	zeek	counter	zeek_event_handler_invocations_total	name	ChecksumOffloading::check	2.0
1777932358.083417	zeek	counter	zeek_event_handler_invocations_total	name	grab_vulnerable_versions	2.0
1777932358.083417	zeek	counter	zeek_event_handler_invocations_total	name	filter_change_tracking	3.0
1777932358.083417	zeek	counter	zeek_event_handler_invocations_total	name	Broker::log_flush	477.0
1777932358.083417	zeek	counter	zeek_event_handler_invocations_total	name	zeek_script_loaded	538.0
1777932358.083417	zeek	counter	zeek_event_handler_invocations_total	name	new_connection	12.0
1777932358.083417	zeek	counter	zeek_event_handler_invocations_total	name	check_stats	2.0
1777932358.083417	zeek	counter	zeek_event_handler_invocations_total	name	CaptureLoss::take_measurement	2.0
1777932358.083417	zeek	counter	zeek_event_handler_invocations_total	name	net_stats_update	2.0
1777932358.083417	zeek	counter	zeek_event_handler_invocations_total	name	SumStats::finish_epoch	3.0
1777932358.083417	zeek	counter	zeek_total_sessions_total	protocol	icmp	7.0
1777932358.083417	zeek	counter	zeek_total_sessions_total	protocol	udp	5.0
1777932358.083417	zeek	counter	zeek_total_sessions_total	protocol	tcp	0.0
1777932358.083417	zeek	gauge	zeek_version_info	beta,commit,debug,major,minor,patch,version_number,version_string	false,0,false,8,1,2,80102,8.1.2	1.0
1777932358.083417	zeek	gauge	zeek_net_packet_lag_seconds	(empty)	(empty)	0.001723
1777932358.083417	zeek	gauge	zeek_net_timestamp_seconds	(empty)	(empty)	1777932358.083417
1777932358.083417	zeek	gauge	zeek_msgthread_active_threads	(empty)	(empty)	7.0
1777932358.083417	zeek	gauge	zeek_msgthread_pending_in_messages	(empty)	(empty)	0.0
1777932358.083417	zeek	gauge	zeek_msgthread_pending_out_messages	(empty)	(empty)	0.0
1777932358.083417	zeek	gauge	zeek_msgthread_pending_messages_in_buckets	leq	inf	7.0
1777932358.083417	zeek	gauge	zeek_msgthread_pending_messages_in_buckets	leq	10000	7.0
1777932358.083417	zeek	gauge	zeek_msgthread_pending_messages_in_buckets	leq	1000	7.0
1777932358.083417	zeek	gauge	zeek_msgthread_pending_messages_in_buckets	leq	100	7.0
1777932358.083417	zeek	gauge	zeek_msgthread_pending_messages_in_buckets	leq	10	7.0
1777932358.083417	zeek	gauge	zeek_msgthread_pending_messages_in_buckets	leq	1	7.0
1777932358.083417	zeek	gauge	zeek_msgthread_pending_messages_out_buckets	leq	inf	7.0
1777932358.083417	zeek	gauge	zeek_msgthread_pending_messages_out_buckets	leq	10000	7.0
1777932358.083417	zeek	gauge	zeek_msgthread_pending_messages_out_buckets	leq	1000	7.0
1777932358.083417	zeek	gauge	zeek_msgthread_pending_messages_out_buckets	leq	100	7.0
1777932358.083417	zeek	gauge	zeek_msgthread_pending_messages_out_buckets	leq	10	7.0
1777932358.083417	zeek	gauge	zeek_msgthread_pending_messages_out_buckets	leq	1	7.0
1777932358.083417	zeek	gauge	zeek_broker_peers	(empty)	(empty)	0.0
1777932358.083417	zeek	gauge	zeek_broker_stores	(empty)	(empty)	1.0
1777932358.083417	zeek	gauge	zeek_broker_pending_queries	(empty)	(empty)	0.0
1777932358.083417	zeek	gauge	zeek_timers_lag_time_seconds	(empty)	(empty)	0.00052
1777932358.083417	zeek	gauge	zeek_timers_pending	type	LogDelayExpire	0.0
1777932358.083417	zeek	gauge	zeek_timers_pending	type	ThreadHeartbeat	1.0
1777932358.083417	zeek	gauge	zeek_timers_pending	type	TimerMgrExpireTimer	0.0
1777932358.083417	zeek	gauge	zeek_timers_pending	type	ParentProcessIDCheck	0.0
1777932358.083417	zeek	gauge	zeek_timers_pending	type	FragTimer	0.0
1777932358.083417	zeek	gauge	zeek_timers_pending	type	RotateTimer	0.0
1777932358.083417	zeek	gauge	zeek_timers_pending	type	FlowWeirdTimer	0.0
1777932358.083417	zeek	gauge	zeek_timers_pending	type	FileAnalysisInactivityTimer	0.0
1777932358.083417	zeek	gauge	zeek_timers_pending	type	StorageExpire	1.0
1777932358.083417	zeek	gauge	zeek_timers_pending	type	ConnectionInactivityTimer	2.0
1777932358.083417	zeek	gauge	zeek_timers_pending	type	TCPConnectionExpireTimer	0.0
1777932358.083417	zeek	gauge	zeek_timers_pending	type	ConnectionStatusUpdateTimer	0.0
1777932358.083417	zeek	gauge	zeek_timers_pending	type	LogFlushWriteBufferTimer	1.0
1777932358.083417	zeek	gauge	zeek_timers_pending	type	NetWeirdTimer	0.0
1777932358.083417	zeek	gauge	zeek_timers_pending	type	InterconnTimer	0.0
1777932358.083417	zeek	gauge	zeek_timers_pending	type	IPTunnelInactivityTimer	0.0
1777932358.083417	zeek	gauge	zeek_timers_pending	type	DNSExpireTimer	0.0
1777932358.083417	zeek	gauge	zeek_timers_pending	type	UnknownProtocolExpire	0.0
1777932358.083417	zeek	gauge	zeek_timers_pending	type	ProfileTimer	0.0
1777932358.083417	zeek	gauge	zeek_timers_pending	type	ConnectionExpireTimer	0.0
1777932358.083417	zeek	gauge	zeek_timers_pending	type	BreakpointTimer	0.0
1777932358.083417	zeek	gauge	zeek_timers_pending	type	BackdoorTimer	0.0
1777932358.083417	zeek	gauge	zeek_timers_pending	type	NetbiosExpireTimer	0.0
1777932358.083417	zeek	gauge	zeek_timers_pending	type	NetworkTimer	0.0
1777932358.083417	zeek	gauge	zeek_timers_pending	type	RemoveConnection	0.0
1777932358.083417	zeek	gauge	zeek_timers_pending	type	TCPConnectionResetTimer	0.0
1777932358.083417	zeek	gauge	zeek_timers_pending	type	ConnTupleWeirdTimer	0.0
1777932358.083417	zeek	gauge	zeek_timers_pending	type	TCPConnectionDeleteTimer	0.0
1777932358.083417	zeek	gauge	zeek_timers_pending	type	ScheduleTimer	6.0
1777932358.083417	zeek	gauge	zeek_timers_pending	type	NTPExpireTimer	0.0
1777932358.083417	zeek	gauge	zeek_timers_pending	type	RPCExpireTimer	0.0
1777932358.083417	zeek	gauge	zeek_timers_pending	type	ConnectionDeleteTimer	0.0
1777932358.083417	zeek	gauge	zeek_timers_pending	type	TriggerTimer	0.0
1777932358.083417	zeek	gauge	zeek_timers_pending	type	TableValTimer	34.0
1777932358.083417	zeek	gauge	zeek_timers_pending	type	TCPConnectionAttemptTimer	0.0
1777932358.083417	zeek	gauge	zeek_timers_pending	type	TCPConnectionPartialClose	0.0
1777932358.083417	zeek	gauge	zeek_dnsmgr_pending_asyncs_requests	(empty)	(empty)	0.0
1777932358.083417	zeek	gauge	zeek_dnsmgr_cache_entries	type	text	0.0
1777932358.083417	zeek	gauge	zeek_dnsmgr_cache_entries	type	address	0.0
1777932358.083417	zeek	gauge	zeek_dnsmgr_cache_entries	type	host	0.0
1777932358.083417	zeek	gauge	zeek_pending_triggers	(empty)	(empty)	0.0
1777932358.083417	zeek	gauge	zeek_active_sessions	protocol	icmp	0.0
1777932358.083417	zeek	gauge	zeek_active_sessions	protocol	udp	2.0
1777932358.083417	zeek	gauge	zeek_active_sessions	protocol	tcp	0.0
1777932418.083883	zeek	counter	process_cpu_user_seconds_total	(empty)	(empty)	3.08
1777932418.083883	zeek	counter	process_cpu_system_seconds_total	(empty)	(empty)	1.83
1777932418.083883	zeek	gauge	process_resident_memory_bytes	(empty)	(empty)	283303936.0
1777932418.083883	zeek	gauge	process_virtual_memory_bytes	(empty)	(empty)	1543385088.0
1777932418.083883	zeek	gauge	process_open_fds	(empty)	(empty)	43.0
1777932418.083883	zeek	gauge	process_start_time_seconds	(empty)	(empty)	1777931877.626113
1777932418.083883	zeek	counter	zeek_log_stream_writes_total	module,stream	Conn,Conn::LOG	12.0
1777932418.083883	zeek	counter	zeek_log_stream_writes_total	module,stream	CaptureLoss,CaptureLoss::LOG	1.0
1777932418.083883	zeek	counter	zeek_log_stream_writes_total	module,stream	Notice,Notice::LOG	1.0
1777932418.083883	zeek	counter	zeek_log_stream_writes_total	module,stream	Stats,Stats::LOG	2.0
1777932418.083883	zeek	counter	zeek_log_stream_writes_total	module,stream	Telemetry,Telemetry::LOG	1268.0
1777932418.083883	zeek	counter	zeek_log_stream_writes_total	module,stream	LoadedScripts,LoadedScripts::LOG	538.0
1777932418.083883	zeek	counter	zeek_log_stream_writes_total	module,stream	PacketFilter,PacketFilter::LOG	1.0
1777932418.083883	zeek	counter	zeek_log_writer_writes_total	filter_name,module,path,stream,writer	default,Conn,conn,Conn::LOG,Log::WRITER_ASCII	12.0
1777932418.083883	zeek	counter	zeek_log_writer_writes_total	filter_name,module,path,stream,writer	default,CaptureLoss,capture_loss,CaptureLoss::LOG,Log::WRITER_ASCII	1.0
1777932418.083883	zeek	counter	zeek_log_writer_writes_total	filter_name,module,path,stream,writer	default,Notice,notice,Notice::LOG,Log::WRITER_ASCII	1.0
1777932418.083883	zeek	counter	zeek_log_writer_writes_total	filter_name,module,path,stream,writer	default,Stats,stats,Stats::LOG,Log::WRITER_ASCII	2.0
1777932418.083883	zeek	counter	zeek_log_writer_writes_total	filter_name,module,path,stream,writer	default,Telemetry,telemetry,Telemetry::LOG,Log::WRITER_ASCII	1268.0
1777932418.083883	zeek	counter	zeek_log_writer_writes_total	filter_name,module,path,stream,writer	default,LoadedScripts,loaded_scripts,LoadedScripts::LOG,Log::WRITER_ASCII	538.0
1777932418.083883	zeek	counter	zeek_log_writer_writes_total	filter_name,module,path,stream,writer	default,PacketFilter,packet_filter,PacketFilter::LOG,Log::WRITER_ASCII	1.0
1777932418.083883	zeek	counter	zeek_log_writer_discarded_writes_total	filter_name,module,path,stream,writer	default,Conn,conn,Conn::LOG,Log::WRITER_ASCII	0.0
1777932418.083883	zeek	counter	zeek_log_writer_discarded_writes_total	filter_name,module,path,stream,writer	default,CaptureLoss,capture_loss,CaptureLoss::LOG,Log::WRITER_ASCII	0.0
1777932418.083883	zeek	counter	zeek_log_writer_discarded_writes_total	filter_name,module,path,stream,writer	default,Notice,notice,Notice::LOG,Log::WRITER_ASCII	0.0
1777932418.083883	zeek	counter	zeek_log_writer_discarded_writes_total	filter_name,module,path,stream,writer	default,Stats,stats,Stats::LOG,Log::WRITER_ASCII	0.0
1777932418.083883	zeek	counter	zeek_log_writer_discarded_writes_total	filter_name,module,path,stream,writer	default,Telemetry,telemetry,Telemetry::LOG,Log::WRITER_ASCII	0.0
1777932418.083883	zeek	counter	zeek_log_writer_discarded_writes_total	filter_name,module,path,stream,writer	default,LoadedScripts,loaded_scripts,LoadedScripts::LOG,Log::WRITER_ASCII	0.0
1777932418.083883	zeek	counter	zeek_log_writer_discarded_writes_total	filter_name,module,path,stream,writer	default,PacketFilter,packet_filter,PacketFilter::LOG,Log::WRITER_ASCII	0.0
1777932418.083883	zeek	counter	zeek_log_writer_truncated_string_fields_total	filter_name,module,path,stream,writer	default,Conn,conn,Conn::LOG,Log::WRITER_ASCII	0.0
1777932418.083883	zeek	counter	zeek_log_writer_truncated_string_fields_total	filter_name,module,path,stream,writer	default,CaptureLoss,capture_loss,CaptureLoss::LOG,Log::WRITER_ASCII	0.0
1777932418.083883	zeek	counter	zeek_log_writer_truncated_string_fields_total	filter_name,module,path,stream,writer	default,Notice,notice,Notice::LOG,Log::WRITER_ASCII	0.0
1777932418.083883	zeek	counter	zeek_log_writer_truncated_string_fields_total	filter_name,module,path,stream,writer	default,Stats,stats,Stats::LOG,Log::WRITER_ASCII	0.0
1777932418.083883	zeek	counter	zeek_log_writer_truncated_string_fields_total	filter_name,module,path,stream,writer	default,Telemetry,telemetry,Telemetry::LOG,Log::WRITER_ASCII	0.0
1777932418.083883	zeek	counter	zeek_log_writer_truncated_string_fields_total	filter_name,module,path,stream,writer	default,LoadedScripts,loaded_scripts,LoadedScripts::LOG,Log::WRITER_ASCII	0.0
1777932418.083883	zeek	counter	zeek_log_writer_truncated_string_fields_total	filter_name,module,path,stream,writer	default,PacketFilter,packet_filter,PacketFilter::LOG,Log::WRITER_ASCII	0.0
1777932418.083883	zeek	counter	zeek_log_writer_truncated_containers_total	filter_name,module,path,stream,writer	default,Conn,conn,Conn::LOG,Log::WRITER_ASCII	0.0
1777932418.083883	zeek	counter	zeek_log_writer_truncated_containers_total	filter_name,module,path,stream,writer	default,CaptureLoss,capture_loss,CaptureLoss::LOG,Log::WRITER_ASCII	0.0
1777932418.083883	zeek	counter	zeek_log_writer_truncated_containers_total	filter_name,module,path,stream,writer	default,Notice,notice,Notice::LOG,Log::WRITER_ASCII	0.0
1777932418.083883	zeek	counter	zeek_log_writer_truncated_containers_total	filter_name,module,path,stream,writer	default,Stats,stats,Stats::LOG,Log::WRITER_ASCII	0.0
1777932418.083883	zeek	counter	zeek_log_writer_truncated_containers_total	filter_name,module,path,stream,writer	default,Telemetry,telemetry,Telemetry::LOG,Log::WRITER_ASCII	0.0
1777932418.083883	zeek	counter	zeek_log_writer_truncated_containers_total	filter_name,module,path,stream,writer	default,LoadedScripts,loaded_scripts,LoadedScripts::LOG,Log::WRITER_ASCII	0.0
1777932418.083883	zeek	counter	zeek_log_writer_truncated_containers_total	filter_name,module,path,stream,writer	default,PacketFilter,packet_filter,PacketFilter::LOG,Log::WRITER_ASCII	0.0
1777932418.083883	zeek	counter	zeek_net_received_bytes_total	(empty)	(empty)	8865132.0
1777932418.083883	zeek	counter	zeek_net_received_packets_total	(empty)	(empty)	41598.0
1777932418.083883	zeek	counter	zeek_net_dropped_packets_total	(empty)	(empty)	0.0
1777932418.083883	zeek	counter	zeek_net_link_packets_total	(empty)	(empty)	41598.0
1777932418.083883	zeek	counter	zeek_msgthread_threads_total	(empty)	(empty)	7.0
1777932418.083883	zeek	counter	zeek_msgthread_in_messages_total	(empty)	(empty)	30.0
1777932418.083883	zeek	counter	zeek_msgthread_out_messages_total	(empty)	(empty)	0.0
1777932418.083883	zeek	counter	zeek_cluster_core_outgoing_events_total	(empty)	(empty)	0.0
1777932418.083883	zeek	counter	zeek_cluster_core_incoming_events_total	(empty)	(empty)	0.0
1777932418.083883	zeek	counter	zeek_broker_incoming_events_total	(empty)	(empty)	0.0
1777932418.083883	zeek	counter	zeek_broker_outgoing_events_total	(empty)	(empty)	0.0
1777932418.083883	zeek	counter	zeek_broker_incoming_logs_total	(empty)	(empty)	0.0
1777932418.083883	zeek	counter	zeek_broker_outgoing_logs_total	(empty)	(empty)	0.0
1777932418.083883	zeek	counter	zeek_broker_incoming_ids_total	(empty)	(empty)	0.0
1777932418.083883	zeek	counter	zeek_broker_outgoing_ids_total	(empty)	(empty)	0.0
1777932418.083883	zeek	counter	zeek_timers_total	(empty)	(empty)	3618.0
1777932418.083883	zeek	counter	zeek_dnsmgr_requests_total	(empty)	(empty)	0.0
1777932418.083883	zeek	counter	zeek_dnsmgr_successful_requests_total	(empty)	(empty)	0.0
1777932418.083883	zeek	counter	zeek_dnsmgr_failed_requests_total	(empty)	(empty)	0.0
1777932418.083883	zeek	counter	zeek_triggers_total	(empty)	(empty)	0.0
1777932418.083883	zeek	counter	zeek_ended_sessions_total	reason	inactivity	12.0
1777932418.083883	zeek	counter	zeek_event_handler_invocations_total	name	connection_state_remove	12.0
1777932418.083883	zeek	counter	zeek_event_handler_invocations_total	name	zeek_init	1.0
1777932418.083883	zeek	counter	zeek_event_handler_invocations_total	name	Telemetry::log	10.0
1777932418.083883	zeek	counter	zeek_event_handler_invocations_total	name	NetControl::init	1.0
1777932418.083883	zeek	counter	zeek_event_handler_invocations_total	name	ChecksumOffloading::check	2.0
1777932418.083883	zeek	counter	zeek_event_handler_invocations_total	name	grab_vulnerable_versions	2.0
1777932418.083883	zeek	counter	zeek_event_handler_invocations_total	name	filter_change_tracking	3.0
1777932418.083883	zeek	counter	zeek_event_handler_invocations_total	name	Broker::log_flush	537.0
1777932418.083883	zeek	counter	zeek_event_handler_invocations_total	name	zeek_script_loaded	538.0
1777932418.083883	zeek	counter	zeek_event_handler_invocations_total	name	new_connection	12.0
1777932418.083883	zeek	counter	zeek_event_handler_invocations_total	name	check_stats	2.0
1777932418.083883	zeek	counter	zeek_event_handler_invocations_total	name	CaptureLoss::take_measurement	2.0
1777932418.083883	zeek	counter	zeek_event_handler_invocations_total	name	net_stats_update	2.0
1777932418.083883	zeek	counter	zeek_event_handler_invocations_total	name	SumStats::finish_epoch	3.0
1777932418.083883	zeek	counter	zeek_total_sessions_total	protocol	icmp	7.0
1777932418.083883	zeek	counter	zeek_total_sessions_total	protocol	udp	5.0
1777932418.083883	zeek	counter	zeek_total_sessions_total	protocol	tcp	0.0
1777932418.083883	zeek	gauge	zeek_version_info	beta,commit,debug,major,minor,patch,version_number,version_string	false,0,false,8,1,2,80102,8.1.2	1.0
1777932418.083883	zeek	gauge	zeek_net_packet_lag_seconds	(empty)	(empty)	0.002838
1777932418.083883	zeek	gauge	zeek_net_timestamp_seconds	(empty)	(empty)	1777932418.083883
1777932418.083883	zeek	gauge	zeek_msgthread_active_threads	(empty)	(empty)	7.0
1777932418.083883	zeek	gauge	zeek_msgthread_pending_in_messages	(empty)	(empty)	0.0
1777932418.083883	zeek	gauge	zeek_msgthread_pending_out_messages	(empty)	(empty)	0.0
1777932418.083883	zeek	gauge	zeek_msgthread_pending_messages_in_buckets	leq	inf	7.0
1777932418.083883	zeek	gauge	zeek_msgthread_pending_messages_in_buckets	leq	10000	7.0
1777932418.083883	zeek	gauge	zeek_msgthread_pending_messages_in_buckets	leq	1000	7.0
1777932418.083883	zeek	gauge	zeek_msgthread_pending_messages_in_buckets	leq	100	7.0
1777932418.083883	zeek	gauge	zeek_msgthread_pending_messages_in_buckets	leq	10	7.0
1777932418.083883	zeek	gauge	zeek_msgthread_pending_messages_in_buckets	leq	1	7.0
1777932418.083883	zeek	gauge	zeek_msgthread_pending_messages_out_buckets	leq	inf	7.0
1777932418.083883	zeek	gauge	zeek_msgthread_pending_messages_out_buckets	leq	10000	7.0
1777932418.083883	zeek	gauge	zeek_msgthread_pending_messages_out_buckets	leq	1000	7.0
1777932418.083883	zeek	gauge	zeek_msgthread_pending_messages_out_buckets	leq	100	7.0
1777932418.083883	zeek	gauge	zeek_msgthread_pending_messages_out_buckets	leq	10	7.0
1777932418.083883	zeek	gauge	zeek_msgthread_pending_messages_out_buckets	leq	1	7.0
1777932418.083883	zeek	gauge	zeek_broker_peers	(empty)	(empty)	0.0
1777932418.083883	zeek	gauge	zeek_broker_stores	(empty)	(empty)	1.0
1777932418.083883	zeek	gauge	zeek_broker_pending_queries	(empty)	(empty)	0.0
1777932418.083883	zeek	gauge	zeek_timers_lag_time_seconds	(empty)	(empty)	0.000466
1777932418.083883	zeek	gauge	zeek_timers_pending	type	LogDelayExpire	0.0
1777932418.083883	zeek	gauge	zeek_timers_pending	type	ThreadHeartbeat	1.0
1777932418.083883	zeek	gauge	zeek_timers_pending	type	TimerMgrExpireTimer	0.0
1777932418.083883	zeek	gauge	zeek_timers_pending	type	ParentProcessIDCheck	0.0
1777932418.083883	zeek	gauge	zeek_timers_pending	type	FragTimer	0.0
1777932418.083883	zeek	gauge	zeek_timers_pending	type	RotateTimer	0.0
1777932418.083883	zeek	gauge	zeek_timers_pending	type	FlowWeirdTimer	0.0
1777932418.083883	zeek	gauge	zeek_timers_pending	type	FileAnalysisInactivityTimer	0.0
1777932418.083883	zeek	gauge	zeek_timers_pending	type	StorageExpire	1.0
1777932418.083883	zeek	gauge	zeek_timers_pending	type	ConnectionInactivityTimer	0.0
1777932418.083883	zeek	gauge	zeek_timers_pending	type	TCPConnectionExpireTimer	0.0
1777932418.083883	zeek	gauge	zeek_timers_pending	type	ConnectionStatusUpdateTimer	0.0
1777932418.083883	zeek	gauge	zeek_timers_pending	type	LogFlushWriteBufferTimer	1.0
1777932418.083883	zeek	gauge	zeek_timers_pending	type	NetWeirdTimer	0.0
1777932418.083883	zeek	gauge	zeek_timers_pending	type	InterconnTimer	0.0
1777932418.083883	zeek	gauge	zeek_timers_pending	type	IPTunnelInactivityTimer	0.0
1777932418.083883	zeek	gauge	zeek_timers_pending	type	DNSExpireTimer	0.0
1777932418.083883	zeek	gauge	zeek_timers_pending	type	UnknownProtocolExpire	0.0
1777932418.083883	zeek	gauge	zeek_timers_pending	type	ProfileTimer	0.0
1777932418.083883	zeek	gauge	zeek_timers_pending	type	ConnectionExpireTimer	0.0
1777932418.083883	zeek	gauge	zeek_timers_pending	type	BreakpointTimer	0.0
1777932418.083883	zeek	gauge	zeek_timers_pending	type	BackdoorTimer	0.0
1777932418.083883	zeek	gauge	zeek_timers_pending	type	NetbiosExpireTimer	0.0
1777932418.083883	zeek	gauge	zeek_timers_pending	type	NetworkTimer	0.0
1777932418.083883	zeek	gauge	zeek_timers_pending	type	RemoveConnection	0.0
1777932418.083883	zeek	gauge	zeek_timers_pending	type	TCPConnectionResetTimer	0.0
1777932418.083883	zeek	gauge	zeek_timers_pending	type	ConnTupleWeirdTimer	0.0
1777932418.083883	zeek	gauge	zeek_timers_pending	type	TCPConnectionDeleteTimer	0.0
1777932418.083883	zeek	gauge	zeek_timers_pending	type	ScheduleTimer	8.0
1777932418.083883	zeek	gauge	zeek_timers_pending	type	NTPExpireTimer	0.0
1777932418.083883	zeek	gauge	zeek_timers_pending	type	RPCExpireTimer	0.0
1777932418.083883	zeek	gauge	zeek_timers_pending	type	ConnectionDeleteTimer	0.0
1777932418.083883	zeek	gauge	zeek_timers_pending	type	TriggerTimer	0.0
1777932418.083883	zeek	gauge	zeek_timers_pending	type	TableValTimer	34.0
1777932418.083883	zeek	gauge	zeek_timers_pending	type	TCPConnectionAttemptTimer	0.0
1777932418.083883	zeek	gauge	zeek_timers_pending	type	TCPConnectionPartialClose	0.0
1777932418.083883	zeek	gauge	zeek_dnsmgr_pending_asyncs_requests	(empty)	(empty)	0.0
1777932418.083883	zeek	gauge	zeek_dnsmgr_cache_entries	type	text	0.0
1777932418.083883	zeek	gauge	zeek_dnsmgr_cache_entries	type	address	0.0
1777932418.083883	zeek	gauge	zeek_dnsmgr_cache_entries	type	host	0.0
1777932418.083883	zeek	gauge	zeek_pending_triggers	(empty)	(empty)	0.0
1777932418.083883	zeek	gauge	zeek_active_sessions	protocol	icmp	0.0
1777932418.083883	zeek	gauge	zeek_active_sessions	protocol	udp	0.0
1777932418.083883	zeek	gauge	zeek_active_sessions	protocol	tcp	0.0
1777932478.084052	zeek	counter	process_cpu_user_seconds_total	(empty)	(empty)	3.17
1777932478.084052	zeek	counter	process_cpu_system_seconds_total	(empty)	(empty)	1.86
1777932478.084052	zeek	gauge	process_resident_memory_bytes	(empty)	(empty)	283303936.0
1777932478.084052	zeek	gauge	process_virtual_memory_bytes	(empty)	(empty)	1543385088.0
1777932478.084052	zeek	gauge	process_open_fds	(empty)	(empty)	43.0
1777932478.084052	zeek	gauge	process_start_time_seconds	(empty)	(empty)	1777931877.626113
1777932478.084052	zeek	counter	zeek_log_stream_writes_total	module,stream	Conn,Conn::LOG	12.0
1777932478.084052	zeek	counter	zeek_log_stream_writes_total	module,stream	CaptureLoss,CaptureLoss::LOG	1.0
1777932478.084052	zeek	counter	zeek_log_stream_writes_total	module,stream	Notice,Notice::LOG	1.0
1777932478.084052	zeek	counter	zeek_log_stream_writes_total	module,stream	Stats,Stats::LOG	3.0
1777932478.084052	zeek	counter	zeek_log_stream_writes_total	module,stream	Telemetry,Telemetry::LOG	1413.0
1777932478.084052	zeek	counter	zeek_log_stream_writes_total	module,stream	LoadedScripts,LoadedScripts::LOG	538.0
1777932478.084052	zeek	counter	zeek_log_stream_writes_total	module,stream	PacketFilter,PacketFilter::LOG	1.0
1777932478.084052	zeek	counter	zeek_log_writer_writes_total	filter_name,module,path,stream,writer	default,Conn,conn,Conn::LOG,Log::WRITER_ASCII	12.0
1777932478.084052	zeek	counter	zeek_log_writer_writes_total	filter_name,module,path,stream,writer	default,CaptureLoss,capture_loss,CaptureLoss::LOG,Log::WRITER_ASCII	1.0
1777932478.084052	zeek	counter	zeek_log_writer_writes_total	filter_name,module,path,stream,writer	default,Notice,notice,Notice::LOG,Log::WRITER_ASCII	1.0
1777932478.084052	zeek	counter	zeek_log_writer_writes_total	filter_name,module,path,stream,writer	default,Stats,stats,Stats::LOG,Log::WRITER_ASCII	3.0
1777932478.084052	zeek	counter	zeek_log_writer_writes_total	filter_name,module,path,stream,writer	default,Telemetry,telemetry,Telemetry::LOG,Log::WRITER_ASCII	1413.0
1777932478.084052	zeek	counter	zeek_log_writer_writes_total	filter_name,module,path,stream,writer	default,LoadedScripts,loaded_scripts,LoadedScripts::LOG,Log::WRITER_ASCII	538.0
1777932478.084052	zeek	counter	zeek_log_writer_writes_total	filter_name,module,path,stream,writer	default,PacketFilter,packet_filter,PacketFilter::LOG,Log::WRITER_ASCII	1.0
1777932478.084052	zeek	counter	zeek_log_writer_discarded_writes_total	filter_name,module,path,stream,writer	default,Conn,conn,Conn::LOG,Log::WRITER_ASCII	0.0
1777932478.084052	zeek	counter	zeek_log_writer_discarded_writes_total	filter_name,module,path,stream,writer	default,CaptureLoss,capture_loss,CaptureLoss::LOG,Log::WRITER_ASCII	0.0
1777932478.084052	zeek	counter	zeek_log_writer_discarded_writes_total	filter_name,module,path,stream,writer	default,Notice,notice,Notice::LOG,Log::WRITER_ASCII	0.0
1777932478.084052	zeek	counter	zeek_log_writer_discarded_writes_total	filter_name,module,path,stream,writer	default,Stats,stats,Stats::LOG,Log::WRITER_ASCII	0.0
1777932478.084052	zeek	counter	zeek_log_writer_discarded_writes_total	filter_name,module,path,stream,writer	default,Telemetry,telemetry,Telemetry::LOG,Log::WRITER_ASCII	0.0
1777932478.084052	zeek	counter	zeek_log_writer_discarded_writes_total	filter_name,module,path,stream,writer	default,LoadedScripts,loaded_scripts,LoadedScripts::LOG,Log::WRITER_ASCII	0.0
1777932478.084052	zeek	counter	zeek_log_writer_discarded_writes_total	filter_name,module,path,stream,writer	default,PacketFilter,packet_filter,PacketFilter::LOG,Log::WRITER_ASCII	0.0
1777932478.084052	zeek	counter	zeek_log_writer_truncated_string_fields_total	filter_name,module,path,stream,writer	default,Conn,conn,Conn::LOG,Log::WRITER_ASCII	0.0
1777932478.084052	zeek	counter	zeek_log_writer_truncated_string_fields_total	filter_name,module,path,stream,writer	default,CaptureLoss,capture_loss,CaptureLoss::LOG,Log::WRITER_ASCII	0.0
1777932478.084052	zeek	counter	zeek_log_writer_truncated_string_fields_total	filter_name,module,path,stream,writer	default,Notice,notice,Notice::LOG,Log::WRITER_ASCII	0.0
1777932478.084052	zeek	counter	zeek_log_writer_truncated_string_fields_total	filter_name,module,path,stream,writer	default,Stats,stats,Stats::LOG,Log::WRITER_ASCII	0.0
1777932478.084052	zeek	counter	zeek_log_writer_truncated_string_fields_total	filter_name,module,path,stream,writer	default,Telemetry,telemetry,Telemetry::LOG,Log::WRITER_ASCII	0.0
1777932478.084052	zeek	counter	zeek_log_writer_truncated_string_fields_total	filter_name,module,path,stream,writer	default,LoadedScripts,loaded_scripts,LoadedScripts::LOG,Log::WRITER_ASCII	0.0
1777932478.084052	zeek	counter	zeek_log_writer_truncated_string_fields_total	filter_name,module,path,stream,writer	default,PacketFilter,packet_filter,PacketFilter::LOG,Log::WRITER_ASCII	0.0
1777932478.084052	zeek	counter	zeek_log_writer_truncated_containers_total	filter_name,module,path,stream,writer	default,Conn,conn,Conn::LOG,Log::WRITER_ASCII	0.0
1777932478.084052	zeek	counter	zeek_log_writer_truncated_containers_total	filter_name,module,path,stream,writer	default,CaptureLoss,capture_loss,CaptureLoss::LOG,Log::WRITER_ASCII	0.0
1777932478.084052	zeek	counter	zeek_log_writer_truncated_containers_total	filter_name,module,path,stream,writer	default,Notice,notice,Notice::LOG,Log::WRITER_ASCII	0.0
1777932478.084052	zeek	counter	zeek_log_writer_truncated_containers_total	filter_name,module,path,stream,writer	default,Stats,stats,Stats::LOG,Log::WRITER_ASCII	0.0
1777932478.084052	zeek	counter	zeek_log_writer_truncated_containers_total	filter_name,module,path,stream,writer	default,Telemetry,telemetry,Telemetry::LOG,Log::WRITER_ASCII	0.0
1777932478.084052	zeek	counter	zeek_log_writer_truncated_containers_total	filter_name,module,path,stream,writer	default,LoadedScripts,loaded_scripts,LoadedScripts::LOG,Log::WRITER_ASCII	0.0
1777932478.084052	zeek	counter	zeek_log_writer_truncated_containers_total	filter_name,module,path,stream,writer	default,PacketFilter,packet_filter,PacketFilter::LOG,Log::WRITER_ASCII	0.0
1777932478.084052	zeek	counter	zeek_net_received_bytes_total	(empty)	(empty)	8865202.0
1777932478.084052	zeek	counter	zeek_net_received_packets_total	(empty)	(empty)	41599.0
1777932478.084052	zeek	counter	zeek_net_dropped_packets_total	(empty)	(empty)	0.0
1777932478.084052	zeek	counter	zeek_net_link_packets_total	(empty)	(empty)	41599.0
1777932478.084052	zeek	counter	zeek_msgthread_threads_total	(empty)	(empty)	7.0
1777932478.084052	zeek	counter	zeek_msgthread_in_messages_total	(empty)	(empty)	31.0
1777932478.084052	zeek	counter	zeek_msgthread_out_messages_total	(empty)	(empty)	0.0
1777932478.084052	zeek	counter	zeek_cluster_core_outgoing_events_total	(empty)	(empty)	0.0
1777932478.084052	zeek	counter	zeek_cluster_core_incoming_events_total	(empty)	(empty)	0.0
1777932478.084052	zeek	counter	zeek_broker_incoming_events_total	(empty)	(empty)	0.0
1777932478.084052	zeek	counter	zeek_broker_outgoing_events_total	(empty)	(empty)	0.0
1777932478.084052	zeek	counter	zeek_broker_incoming_logs_total	(empty)	(empty)	0.0
1777932478.084052	zeek	counter	zeek_broker_outgoing_logs_total	(empty)	(empty)	0.0
1777932478.084052	zeek	counter	zeek_broker_incoming_ids_total	(empty)	(empty)	0.0
1777932478.084052	zeek	counter	zeek_broker_outgoing_ids_total	(empty)	(empty)	0.0
1777932478.084052	zeek	counter	zeek_timers_total	(empty)	(empty)	4011.0
1777932478.084052	zeek	counter	zeek_dnsmgr_requests_total	(empty)	(empty)	0.0
1777932478.084052	zeek	counter	zeek_dnsmgr_successful_requests_total	(empty)	(empty)	0.0
1777932478.084052	zeek	counter	zeek_dnsmgr_failed_requests_total	(empty)	(empty)	0.0
1777932478.084052	zeek	counter	zeek_triggers_total	(empty)	(empty)	0.0
1777932478.084052	zeek	counter	zeek_ended_sessions_total	reason	inactivity	12.0
1777932478.084052	zeek	counter	zeek_event_handler_invocations_total	name	connection_state_remove	12.0
1777932478.084052	zeek	counter	zeek_event_handler_invocations_total	name	zeek_init	1.0
1777932478.084052	zeek	counter	zeek_event_handler_invocations_total	name	Telemetry::log	11.0
1777932478.084052	zeek	counter	zeek_event_handler_invocations_total	name	NetControl::init	1.0
1777932478.084052	zeek	counter	zeek_event_handler_invocations_total	name	ChecksumOffloading::check	2.0
1777932478.084052	zeek	counter	zeek_event_handler_invocations_total	name	grab_vulnerable_versions	2.0
1777932478.084052	zeek	counter	zeek_event_handler_invocations_total	name	filter_change_tracking	4.0
1777932478.084052	zeek	counter	zeek_event_handler_invocations_total	name	Broker::log_flush	597.0
1777932478.084052	zeek	counter	zeek_event_handler_invocations_total	name	zeek_script_loaded	538.0
1777932478.084052	zeek	counter	zeek_event_handler_invocations_total	name	new_connection	13.0
1777932478.084052	zeek	counter	zeek_event_handler_invocations_total	name	check_stats	3.0
1777932478.084052	zeek	counter	zeek_event_handler_invocations_total	name	CaptureLoss::take_measurement	2.0
1777932478.084052	zeek	counter	zeek_event_handler_invocations_total	name	net_stats_update	3.0
1777932478.084052	zeek	counter	zeek_event_handler_invocations_total	name	SumStats::finish_epoch	3.0
1777932478.084052	zeek	counter	zeek_total_sessions_total	protocol	icmp	8.0
1777932478.084052	zeek	counter	zeek_total_sessions_total	protocol	udp	5.0
1777932478.084052	zeek	counter	zeek_total_sessions_total	protocol	tcp	0.0
1777932478.084052	zeek	gauge	zeek_version_info	beta,commit,debug,major,minor,patch,version_number,version_string	false,0,false,8,1,2,80102,8.1.2	1.0
1777932478.084052	zeek	gauge	zeek_net_packet_lag_seconds	(empty)	(empty)	0.001751
1777932478.084052	zeek	gauge	zeek_net_timestamp_seconds	(empty)	(empty)	1777932478.084052
1777932478.084052	zeek	gauge	zeek_msgthread_active_threads	(empty)	(empty)	7.0
1777932478.084052	zeek	gauge	zeek_msgthread_pending_in_messages	(empty)	(empty)	0.0
1777932478.084052	zeek	gauge	zeek_msgthread_pending_out_messages	(empty)	(empty)	0.0
1777932478.084052	zeek	gauge	zeek_msgthread_pending_messages_in_buckets	leq	inf	7.0
1777932478.084052	zeek	gauge	zeek_msgthread_pending_messages_in_buckets	leq	10000	7.0
1777932478.084052	zeek	gauge	zeek_msgthread_pending_messages_in_buckets	leq	1000	7.0
1777932478.084052	zeek	gauge	zeek_msgthread_pending_messages_in_buckets	leq	100	7.0
1777932478.084052	zeek	gauge	zeek_msgthread_pending_messages_in_buckets	leq	10	7.0
1777932478.084052	zeek	gauge	zeek_msgthread_pending_messages_in_buckets	leq	1	7.0
1777932478.084052	zeek	gauge	zeek_msgthread_pending_messages_out_buckets	leq	inf	7.0
1777932478.084052	zeek	gauge	zeek_msgthread_pending_messages_out_buckets	leq	10000	7.0
1777932478.084052	zeek	gauge	zeek_msgthread_pending_messages_out_buckets	leq	1000	7.0
1777932478.084052	zeek	gauge	zeek_msgthread_pending_messages_out_buckets	leq	100	7.0
1777932478.084052	zeek	gauge	zeek_msgthread_pending_messages_out_buckets	leq	10	7.0
1777932478.084052	zeek	gauge	zeek_msgthread_pending_messages_out_buckets	leq	1	7.0
1777932478.084052	zeek	gauge	zeek_broker_peers	(empty)	(empty)	0.0
1777932478.084052	zeek	gauge	zeek_broker_stores	(empty)	(empty)	1.0
1777932478.084052	zeek	gauge	zeek_broker_pending_queries	(empty)	(empty)	0.0
1777932478.084052	zeek	gauge	zeek_timers_lag_time_seconds	(empty)	(empty)	0.000169
1777932478.084052	zeek	gauge	zeek_timers_pending	type	LogDelayExpire	0.0
1777932478.084052	zeek	gauge	zeek_timers_pending	type	ThreadHeartbeat	1.0
1777932478.084052	zeek	gauge	zeek_timers_pending	type	TimerMgrExpireTimer	0.0
1777932478.084052	zeek	gauge	zeek_timers_pending	type	ParentProcessIDCheck	0.0
1777932478.084052	zeek	gauge	zeek_timers_pending	type	FragTimer	0.0
1777932478.084052	zeek	gauge	zeek_timers_pending	type	RotateTimer	0.0
1777932478.084052	zeek	gauge	zeek_timers_pending	type	FlowWeirdTimer	0.0
1777932478.084052	zeek	gauge	zeek_timers_pending	type	FileAnalysisInactivityTimer	0.0
1777932478.084052	zeek	gauge	zeek_timers_pending	type	StorageExpire	1.0
1777932478.084052	zeek	gauge	zeek_timers_pending	type	ConnectionInactivityTimer	1.0
1777932478.084052	zeek	gauge	zeek_timers_pending	type	TCPConnectionExpireTimer	0.0
1777932478.084052	zeek	gauge	zeek_timers_pending	type	ConnectionStatusUpdateTimer	0.0
1777932478.084052	zeek	gauge	zeek_timers_pending	type	LogFlushWriteBufferTimer	1.0
1777932478.084052	zeek	gauge	zeek_timers_pending	type	NetWeirdTimer	0.0
1777932478.084052	zeek	gauge	zeek_timers_pending	type	InterconnTimer	0.0
1777932478.084052	zeek	gauge	zeek_timers_pending	type	IPTunnelInactivityTimer	0.0
1777932478.084052	zeek	gauge	zeek_timers_pending	type	DNSExpireTimer	0.0
1777932478.084052	zeek	gauge	zeek_timers_pending	type	UnknownProtocolExpire	0.0
1777932478.084052	zeek	gauge	zeek_timers_pending	type	ProfileTimer	0.0
1777932478.084052	zeek	gauge	zeek_timers_pending	type	ConnectionExpireTimer	0.0
1777932478.084052	zeek	gauge	zeek_timers_pending	type	BreakpointTimer	0.0
1777932478.084052	zeek	gauge	zeek_timers_pending	type	BackdoorTimer	0.0
1777932478.084052	zeek	gauge	zeek_timers_pending	type	NetbiosExpireTimer	0.0
1777932478.084052	zeek	gauge	zeek_timers_pending	type	NetworkTimer	0.0
1777932478.084052	zeek	gauge	zeek_timers_pending	type	RemoveConnection	0.0
1777932478.084052	zeek	gauge	zeek_timers_pending	type	TCPConnectionResetTimer	0.0
1777932478.084052	zeek	gauge	zeek_timers_pending	type	ConnTupleWeirdTimer	0.0
1777932478.084052	zeek	gauge	zeek_timers_pending	type	TCPConnectionDeleteTimer	0.0
1777932478.084052	zeek	gauge	zeek_timers_pending	type	ScheduleTimer	8.0
1777932478.084052	zeek	gauge	zeek_timers_pending	type	NTPExpireTimer	0.0
1777932478.084052	zeek	gauge	zeek_timers_pending	type	RPCExpireTimer	0.0
1777932478.084052	zeek	gauge	zeek_timers_pending	type	ConnectionDeleteTimer	0.0
1777932478.084052	zeek	gauge	zeek_timers_pending	type	TriggerTimer	0.0
1777932478.084052	zeek	gauge	zeek_timers_pending	type	TableValTimer	34.0
1777932478.084052	zeek	gauge	zeek_timers_pending	type	TCPConnectionAttemptTimer	0.0
1777932478.084052	zeek	gauge	zeek_timers_pending	type	TCPConnectionPartialClose	0.0
1777932478.084052	zeek	gauge	zeek_dnsmgr_pending_asyncs_requests	(empty)	(empty)	0.0
1777932478.084052	zeek	gauge	zeek_dnsmgr_cache_entries	type	text	0.0
1777932478.084052	zeek	gauge	zeek_dnsmgr_cache_entries	type	address	0.0
1777932478.084052	zeek	gauge	zeek_dnsmgr_cache_entries	type	host	0.0
1777932478.084052	zeek	gauge	zeek_pending_triggers	(empty)	(empty)	0.0
1777932478.084052	zeek	gauge	zeek_active_sessions	protocol	icmp	1.0
1777932478.084052	zeek	gauge	zeek_active_sessions	protocol	udp	0.0
1777932478.084052	zeek	gauge	zeek_active_sessions	protocol	tcp	0.0
1777932538.084504	zeek	counter	process_cpu_user_seconds_total	(empty)	(empty)	3.27
1777932538.084504	zeek	counter	process_cpu_system_seconds_total	(empty)	(empty)	1.9
1777932538.084504	zeek	gauge	process_resident_memory_bytes	(empty)	(empty)	283303936.0
1777932538.084504	zeek	gauge	process_virtual_memory_bytes	(empty)	(empty)	1543385088.0
1777932538.084504	zeek	gauge	process_open_fds	(empty)	(empty)	43.0
1777932538.084504	zeek	gauge	process_start_time_seconds	(empty)	(empty)	1777931877.626113
1777932538.084504	zeek	counter	zeek_log_stream_writes_total	module,stream	Conn,Conn::LOG	13.0
1777932538.084504	zeek	counter	zeek_log_stream_writes_total	module,stream	CaptureLoss,CaptureLoss::LOG	1.0
1777932538.084504	zeek	counter	zeek_log_stream_writes_total	module,stream	Notice,Notice::LOG	1.0
1777932538.084504	zeek	counter	zeek_log_stream_writes_total	module,stream	Stats,Stats::LOG	3.0
1777932538.084504	zeek	counter	zeek_log_stream_writes_total	module,stream	Telemetry,Telemetry::LOG	1558.0
1777932538.084504	zeek	counter	zeek_log_stream_writes_total	module,stream	LoadedScripts,LoadedScripts::LOG	538.0
1777932538.084504	zeek	counter	zeek_log_stream_writes_total	module,stream	PacketFilter,PacketFilter::LOG	1.0
1777932538.084504	zeek	counter	zeek_log_writer_writes_total	filter_name,module,path,stream,writer	default,Conn,conn,Conn::LOG,Log::WRITER_ASCII	13.0
1777932538.084504	zeek	counter	zeek_log_writer_writes_total	filter_name,module,path,stream,writer	default,CaptureLoss,capture_loss,CaptureLoss::LOG,Log::WRITER_ASCII	1.0
1777932538.084504	zeek	counter	zeek_log_writer_writes_total	filter_name,module,path,stream,writer	default,Notice,notice,Notice::LOG,Log::WRITER_ASCII	1.0
1777932538.084504	zeek	counter	zeek_log_writer_writes_total	filter_name,module,path,stream,writer	default,Stats,stats,Stats::LOG,Log::WRITER_ASCII	3.0
1777932538.084504	zeek	counter	zeek_log_writer_writes_total	filter_name,module,path,stream,writer	default,Telemetry,telemetry,Telemetry::LOG,Log::WRITER_ASCII	1558.0
1777932538.084504	zeek	counter	zeek_log_writer_writes_total	filter_name,module,path,stream,writer	default,LoadedScripts,loaded_scripts,LoadedScripts::LOG,Log::WRITER_ASCII	538.0
1777932538.084504	zeek	counter	zeek_log_writer_writes_total	filter_name,module,path,stream,writer	default,PacketFilter,packet_filter,PacketFilter::LOG,Log::WRITER_ASCII	1.0
1777932538.084504	zeek	counter	zeek_log_writer_discarded_writes_total	filter_name,module,path,stream,writer	default,Conn,conn,Conn::LOG,Log::WRITER_ASCII	0.0
1777932538.084504	zeek	counter	zeek_log_writer_discarded_writes_total	filter_name,module,path,stream,writer	default,CaptureLoss,capture_loss,CaptureLoss::LOG,Log::WRITER_ASCII	0.0
1777932538.084504	zeek	counter	zeek_log_writer_discarded_writes_total	filter_name,module,path,stream,writer	default,Notice,notice,Notice::LOG,Log::WRITER_ASCII	0.0
1777932538.084504	zeek	counter	zeek_log_writer_discarded_writes_total	filter_name,module,path,stream,writer	default,Stats,stats,Stats::LOG,Log::WRITER_ASCII	0.0
1777932538.084504	zeek	counter	zeek_log_writer_discarded_writes_total	filter_name,module,path,stream,writer	default,Telemetry,telemetry,Telemetry::LOG,Log::WRITER_ASCII	0.0
1777932538.084504	zeek	counter	zeek_log_writer_discarded_writes_total	filter_name,module,path,stream,writer	default,LoadedScripts,loaded_scripts,LoadedScripts::LOG,Log::WRITER_ASCII	0.0
1777932538.084504	zeek	counter	zeek_log_writer_discarded_writes_total	filter_name,module,path,stream,writer	default,PacketFilter,packet_filter,PacketFilter::LOG,Log::WRITER_ASCII	0.0
1777932538.084504	zeek	counter	zeek_log_writer_truncated_string_fields_total	filter_name,module,path,stream,writer	default,Conn,conn,Conn::LOG,Log::WRITER_ASCII	0.0
1777932538.084504	zeek	counter	zeek_log_writer_truncated_string_fields_total	filter_name,module,path,stream,writer	default,CaptureLoss,capture_loss,CaptureLoss::LOG,Log::WRITER_ASCII	0.0
1777932538.084504	zeek	counter	zeek_log_writer_truncated_string_fields_total	filter_name,module,path,stream,writer	default,Notice,notice,Notice::LOG,Log::WRITER_ASCII	0.0
1777932538.084504	zeek	counter	zeek_log_writer_truncated_string_fields_total	filter_name,module,path,stream,writer	default,Stats,stats,Stats::LOG,Log::WRITER_ASCII	0.0
1777932538.084504	zeek	counter	zeek_log_writer_truncated_string_fields_total	filter_name,module,path,stream,writer	default,Telemetry,telemetry,Telemetry::LOG,Log::WRITER_ASCII	0.0
1777932538.084504	zeek	counter	zeek_log_writer_truncated_string_fields_total	filter_name,module,path,stream,writer	default,LoadedScripts,loaded_scripts,LoadedScripts::LOG,Log::WRITER_ASCII	0.0
1777932538.084504	zeek	counter	zeek_log_writer_truncated_string_fields_total	filter_name,module,path,stream,writer	default,PacketFilter,packet_filter,PacketFilter::LOG,Log::WRITER_ASCII	0.0
1777932538.084504	zeek	counter	zeek_log_writer_truncated_containers_total	filter_name,module,path,stream,writer	default,Conn,conn,Conn::LOG,Log::WRITER_ASCII	0.0
1777932538.084504	zeek	counter	zeek_log_writer_truncated_containers_total	filter_name,module,path,stream,writer	default,CaptureLoss,capture_loss,CaptureLoss::LOG,Log::WRITER_ASCII	0.0
1777932538.084504	zeek	counter	zeek_log_writer_truncated_containers_total	filter_name,module,path,stream,writer	default,Notice,notice,Notice::LOG,Log::WRITER_ASCII	0.0
1777932538.084504	zeek	counter	zeek_log_writer_truncated_containers_total	filter_name,module,path,stream,writer	default,Stats,stats,Stats::LOG,Log::WRITER_ASCII	0.0
1777932538.084504	zeek	counter	zeek_log_writer_truncated_containers_total	filter_name,module,path,stream,writer	default,Telemetry,telemetry,Telemetry::LOG,Log::WRITER_ASCII	0.0
1777932538.084504	zeek	counter	zeek_log_writer_truncated_containers_total	filter_name,module,path,stream,writer	default,LoadedScripts,loaded_scripts,LoadedScripts::LOG,Log::WRITER_ASCII	0.0
1777932538.084504	zeek	counter	zeek_log_writer_truncated_containers_total	filter_name,module,path,stream,writer	default,PacketFilter,packet_filter,PacketFilter::LOG,Log::WRITER_ASCII	0.0
1777932538.084504	zeek	counter	zeek_net_received_bytes_total	(empty)	(empty)	8865202.0
1777932538.084504	zeek	counter	zeek_net_received_packets_total	(empty)	(empty)	41599.0
1777932538.084504	zeek	counter	zeek_net_dropped_packets_total	(empty)	(empty)	0.0
1777932538.084504	zeek	counter	zeek_net_link_packets_total	(empty)	(empty)	41599.0
1777932538.084504	zeek	counter	zeek_msgthread_threads_total	(empty)	(empty)	7.0
1777932538.084504	zeek	counter	zeek_msgthread_in_messages_total	(empty)	(empty)	34.0
1777932538.084504	zeek	counter	zeek_msgthread_out_messages_total	(empty)	(empty)	0.0
1777932538.084504	zeek	counter	zeek_cluster_core_outgoing_events_total	(empty)	(empty)	0.0
1777932538.084504	zeek	counter	zeek_cluster_core_incoming_events_total	(empty)	(empty)	0.0
1777932538.084504	zeek	counter	zeek_broker_incoming_events_total	(empty)	(empty)	0.0
1777932538.084504	zeek	counter	zeek_broker_outgoing_events_total	(empty)	(empty)	0.0
1777932538.084504	zeek	counter	zeek_broker_incoming_logs_total	(empty)	(empty)	0.0
1777932538.084504	zeek	counter	zeek_broker_outgoing_logs_total	(empty)	(empty)	0.0
1777932538.084504	zeek	counter	zeek_broker_incoming_ids_total	(empty)	(empty)	0.0
1777932538.084504	zeek	counter	zeek_broker_outgoing_ids_total	(empty)	(empty)	0.0
1777932538.084504	zeek	counter	zeek_timers_total	(empty)	(empty)	4400.0
1777932538.084504	zeek	counter	zeek_dnsmgr_requests_total	(empty)	(empty)	0.0
1777932538.084504	zeek	counter	zeek_dnsmgr_successful_requests_total	(empty)	(empty)	0.0
1777932538.084504	zeek	counter	zeek_dnsmgr_failed_requests_total	(empty)	(empty)	0.0
1777932538.084504	zeek	counter	zeek_triggers_total	(empty)	(empty)	0.0
1777932538.084504	zeek	counter	zeek_ended_sessions_total	reason	inactivity	13.0
1777932538.084504	zeek	counter	zeek_event_handler_invocations_total	name	connection_state_remove	13.0
1777932538.084504	zeek	counter	zeek_event_handler_invocations_total	name	zeek_init	1.0
1777932538.084504	zeek	counter	zeek_event_handler_invocations_total	name	Telemetry::log	12.0
1777932538.084504	zeek	counter	zeek_event_handler_invocations_total	name	NetControl::init	1.0
1777932538.084504	zeek	counter	zeek_event_handler_invocations_total	name	ChecksumOffloading::check	2.0
1777932538.084504	zeek	counter	zeek_event_handler_invocations_total	name	grab_vulnerable_versions	2.0
1777932538.084504	zeek	counter	zeek_event_handler_invocations_total	name	filter_change_tracking	4.0
1777932538.084504	zeek	counter	zeek_event_handler_invocations_total	name	Broker::log_flush	657.0
1777932538.084504	zeek	counter	zeek_event_handler_invocations_total	name	zeek_script_loaded	538.0
1777932538.084504	zeek	counter	zeek_event_handler_invocations_total	name	new_connection	13.0
1777932538.084504	zeek	counter	zeek_event_handler_invocations_total	name	check_stats	3.0
1777932538.084504	zeek	counter	zeek_event_handler_invocations_total	name	CaptureLoss::take_measurement	2.0
1777932538.084504	zeek	counter	zeek_event_handler_invocations_total	name	net_stats_update	3.0
1777932538.084504	zeek	counter	zeek_event_handler_invocations_total	name	SumStats::finish_epoch	3.0
1777932538.084504	zeek	counter	zeek_total_sessions_total	protocol	icmp	8.0
1777932538.084504	zeek	counter	zeek_total_sessions_total	protocol	udp	5.0
1777932538.084504	zeek	counter	zeek_total_sessions_total	protocol	tcp	0.0
1777932538.084504	zeek	gauge	zeek_version_info	beta,commit,debug,major,minor,patch,version_number,version_string	false,0,false,8,1,2,80102,8.1.2	1.0
1777932538.084504	zeek	gauge	zeek_net_packet_lag_seconds	(empty)	(empty)	0.003172
1777932538.084504	zeek	gauge	zeek_net_timestamp_seconds	(empty)	(empty)	1777932538.084504
1777932538.084504	zeek	gauge	zeek_msgthread_active_threads	(empty)	(empty)	7.0
1777932538.084504	zeek	gauge	zeek_msgthread_pending_in_messages	(empty)	(empty)	0.0
1777932538.084504	zeek	gauge	zeek_msgthread_pending_out_messages	(empty)	(empty)	0.0
1777932538.084504	zeek	gauge	zeek_msgthread_pending_messages_in_buckets	leq	inf	7.0
1777932538.084504	zeek	gauge	zeek_msgthread_pending_messages_in_buckets	leq	10000	7.0
1777932538.084504	zeek	gauge	zeek_msgthread_pending_messages_in_buckets	leq	1000	7.0
1777932538.084504	zeek	gauge	zeek_msgthread_pending_messages_in_buckets	leq	100	7.0
1777932538.084504	zeek	gauge	zeek_msgthread_pending_messages_in_buckets	leq	10	7.0
1777932538.084504	zeek	gauge	zeek_msgthread_pending_messages_in_buckets	leq	1	7.0
1777932538.084504	zeek	gauge	zeek_msgthread_pending_messages_out_buckets	leq	inf	7.0
1777932538.084504	zeek	gauge	zeek_msgthread_pending_messages_out_buckets	leq	10000	7.0
1777932538.084504	zeek	gauge	zeek_msgthread_pending_messages_out_buckets	leq	1000	7.0
1777932538.084504	zeek	gauge	zeek_msgthread_pending_messages_out_buckets	leq	100	7.0
1777932538.084504	zeek	gauge	zeek_msgthread_pending_messages_out_buckets	leq	10	7.0
1777932538.084504	zeek	gauge	zeek_msgthread_pending_messages_out_buckets	leq	1	7.0
1777932538.084504	zeek	gauge	zeek_broker_peers	(empty)	(empty)	0.0
1777932538.084504	zeek	gauge	zeek_broker_stores	(empty)	(empty)	1.0
1777932538.084504	zeek	gauge	zeek_broker_pending_queries	(empty)	(empty)	0.0
1777932538.084504	zeek	gauge	zeek_timers_lag_time_seconds	(empty)	(empty)	0.000452
1777932538.084504	zeek	gauge	zeek_timers_pending	type	LogDelayExpire	0.0
1777932538.084504	zeek	gauge	zeek_timers_pending	type	ThreadHeartbeat	1.0
1777932538.084504	zeek	gauge	zeek_timers_pending	type	TimerMgrExpireTimer	0.0
1777932538.084504	zeek	gauge	zeek_timers_pending	type	ParentProcessIDCheck	0.0
1777932538.084504	zeek	gauge	zeek_timers_pending	type	FragTimer	0.0
1777932538.084504	zeek	gauge	zeek_timers_pending	type	RotateTimer	0.0
1777932538.084504	zeek	gauge	zeek_timers_pending	type	FlowWeirdTimer	0.0
1777932538.084504	zeek	gauge	zeek_timers_pending	type	FileAnalysisInactivityTimer	0.0
1777932538.084504	zeek	gauge	zeek_timers_pending	type	StorageExpire	1.0
1777932538.084504	zeek	gauge	zeek_timers_pending	type	ConnectionInactivityTimer	0.0
1777932538.084504	zeek	gauge	zeek_timers_pending	type	TCPConnectionExpireTimer	0.0
1777932538.084504	zeek	gauge	zeek_timers_pending	type	ConnectionStatusUpdateTimer	0.0
1777932538.084504	zeek	gauge	zeek_timers_pending	type	LogFlushWriteBufferTimer	1.0
1777932538.084504	zeek	gauge	zeek_timers_pending	type	NetWeirdTimer	0.0
1777932538.084504	zeek	gauge	zeek_timers_pending	type	InterconnTimer	0.0
1777932538.084504	zeek	gauge	zeek_timers_pending	type	IPTunnelInactivityTimer	0.0
1777932538.084504	zeek	gauge	zeek_timers_pending	type	DNSExpireTimer	0.0
1777932538.084504	zeek	gauge	zeek_timers_pending	type	UnknownProtocolExpire	0.0
1777932538.084504	zeek	gauge	zeek_timers_pending	type	ProfileTimer	0.0
1777932538.084504	zeek	gauge	zeek_timers_pending	type	ConnectionExpireTimer	0.0
1777932538.084504	zeek	gauge	zeek_timers_pending	type	BreakpointTimer	0.0
1777932538.084504	zeek	gauge	zeek_timers_pending	type	BackdoorTimer	0.0
1777932538.084504	zeek	gauge	zeek_timers_pending	type	NetbiosExpireTimer	0.0
1777932538.084504	zeek	gauge	zeek_timers_pending	type	NetworkTimer	0.0
1777932538.084504	zeek	gauge	zeek_timers_pending	type	RemoveConnection	0.0
1777932538.084504	zeek	gauge	zeek_timers_pending	type	TCPConnectionResetTimer	0.0
1777932538.084504	zeek	gauge	zeek_timers_pending	type	ConnTupleWeirdTimer	0.0
1777932538.084504	zeek	gauge	zeek_timers_pending	type	TCPConnectionDeleteTimer	0.0
1777932538.084504	zeek	gauge	zeek_timers_pending	type	ScheduleTimer	8.0
1777932538.084504	zeek	gauge	zeek_timers_pending	type	NTPExpireTimer	0.0
1777932538.084504	zeek	gauge	zeek_timers_pending	type	RPCExpireTimer	0.0
1777932538.084504	zeek	gauge	zeek_timers_pending	type	ConnectionDeleteTimer	0.0
1777932538.084504	zeek	gauge	zeek_timers_pending	type	TriggerTimer	0.0
1777932538.084504	zeek	gauge	zeek_timers_pending	type	TableValTimer	34.0
1777932538.084504	zeek	gauge	zeek_timers_pending	type	TCPConnectionAttemptTimer	0.0
1777932538.084504	zeek	gauge	zeek_timers_pending	type	TCPConnectionPartialClose	0.0
1777932538.084504	zeek	gauge	zeek_dnsmgr_pending_asyncs_requests	(empty)	(empty)	0.0
1777932538.084504	zeek	gauge	zeek_dnsmgr_cache_entries	type	text	0.0
1777932538.084504	zeek	gauge	zeek_dnsmgr_cache_entries	type	address	0.0
1777932538.084504	zeek	gauge	zeek_dnsmgr_cache_entries	type	host	0.0
1777932538.084504	zeek	gauge	zeek_pending_triggers	(empty)	(empty)	0.0
1777932538.084504	zeek	gauge	zeek_active_sessions	protocol	icmp	0.0
1777932538.084504	zeek	gauge	zeek_active_sessions	protocol	udp	0.0
1777932538.084504	zeek	gauge	zeek_active_sessions	protocol	tcp	0.0
1777932598.084851	zeek	counter	process_cpu_user_seconds_total	(empty)	(empty)	3.37
1777932598.084851	zeek	counter	process_cpu_system_seconds_total	(empty)	(empty)	1.92
1777932598.084851	zeek	gauge	process_resident_memory_bytes	(empty)	(empty)	283303936.0
1777932598.084851	zeek	gauge	process_virtual_memory_bytes	(empty)	(empty)	1543385088.0
1777932598.084851	zeek	gauge	process_open_fds	(empty)	(empty)	43.0
1777932598.084851	zeek	gauge	process_start_time_seconds	(empty)	(empty)	1777931877.626113
1777932598.084851	zeek	counter	zeek_log_stream_writes_total	module,stream	Conn,Conn::LOG	13.0
1777932598.084851	zeek	counter	zeek_log_stream_writes_total	module,stream	CaptureLoss,CaptureLoss::LOG	1.0
1777932598.084851	zeek	counter	zeek_log_stream_writes_total	module,stream	Notice,Notice::LOG	1.0
1777932598.084851	zeek	counter	zeek_log_stream_writes_total	module,stream	Stats,Stats::LOG	3.0
1777932598.084851	zeek	counter	zeek_log_stream_writes_total	module,stream	Telemetry,Telemetry::LOG	1703.0
1777932598.084851	zeek	counter	zeek_log_stream_writes_total	module,stream	LoadedScripts,LoadedScripts::LOG	538.0
1777932598.084851	zeek	counter	zeek_log_stream_writes_total	module,stream	PacketFilter,PacketFilter::LOG	1.0
1777932598.084851	zeek	counter	zeek_log_writer_writes_total	filter_name,module,path,stream,writer	default,Conn,conn,Conn::LOG,Log::WRITER_ASCII	13.0
1777932598.084851	zeek	counter	zeek_log_writer_writes_total	filter_name,module,path,stream,writer	default,CaptureLoss,capture_loss,CaptureLoss::LOG,Log::WRITER_ASCII	1.0
1777932598.084851	zeek	counter	zeek_log_writer_writes_total	filter_name,module,path,stream,writer	default,Notice,notice,Notice::LOG,Log::WRITER_ASCII	1.0
1777932598.084851	zeek	counter	zeek_log_writer_writes_total	filter_name,module,path,stream,writer	default,Stats,stats,Stats::LOG,Log::WRITER_ASCII	3.0
1777932598.084851	zeek	counter	zeek_log_writer_writes_total	filter_name,module,path,stream,writer	default,Telemetry,telemetry,Telemetry::LOG,Log::WRITER_ASCII	1703.0
1777932598.084851	zeek	counter	zeek_log_writer_writes_total	filter_name,module,path,stream,writer	default,LoadedScripts,loaded_scripts,LoadedScripts::LOG,Log::WRITER_ASCII	538.0
1777932598.084851	zeek	counter	zeek_log_writer_writes_total	filter_name,module,path,stream,writer	default,PacketFilter,packet_filter,PacketFilter::LOG,Log::WRITER_ASCII	1.0
1777932598.084851	zeek	counter	zeek_log_writer_discarded_writes_total	filter_name,module,path,stream,writer	default,Conn,conn,Conn::LOG,Log::WRITER_ASCII	0.0
1777932598.084851	zeek	counter	zeek_log_writer_discarded_writes_total	filter_name,module,path,stream,writer	default,CaptureLoss,capture_loss,CaptureLoss::LOG,Log::WRITER_ASCII	0.0
1777932598.084851	zeek	counter	zeek_log_writer_discarded_writes_total	filter_name,module,path,stream,writer	default,Notice,notice,Notice::LOG,Log::WRITER_ASCII	0.0
1777932598.084851	zeek	counter	zeek_log_writer_discarded_writes_total	filter_name,module,path,stream,writer	default,Stats,stats,Stats::LOG,Log::WRITER_ASCII	0.0
1777932598.084851	zeek	counter	zeek_log_writer_discarded_writes_total	filter_name,module,path,stream,writer	default,Telemetry,telemetry,Telemetry::LOG,Log::WRITER_ASCII	0.0
1777932598.084851	zeek	counter	zeek_log_writer_discarded_writes_total	filter_name,module,path,stream,writer	default,LoadedScripts,loaded_scripts,LoadedScripts::LOG,Log::WRITER_ASCII	0.0
1777932598.084851	zeek	counter	zeek_log_writer_discarded_writes_total	filter_name,module,path,stream,writer	default,PacketFilter,packet_filter,PacketFilter::LOG,Log::WRITER_ASCII	0.0
1777932598.084851	zeek	counter	zeek_log_writer_truncated_string_fields_total	filter_name,module,path,stream,writer	default,Conn,conn,Conn::LOG,Log::WRITER_ASCII	0.0
1777932598.084851	zeek	counter	zeek_log_writer_truncated_string_fields_total	filter_name,module,path,stream,writer	default,CaptureLoss,capture_loss,CaptureLoss::LOG,Log::WRITER_ASCII	0.0
1777932598.084851	zeek	counter	zeek_log_writer_truncated_string_fields_total	filter_name,module,path,stream,writer	default,Notice,notice,Notice::LOG,Log::WRITER_ASCII	0.0
1777932598.084851	zeek	counter	zeek_log_writer_truncated_string_fields_total	filter_name,module,path,stream,writer	default,Stats,stats,Stats::LOG,Log::WRITER_ASCII	0.0
1777932598.084851	zeek	counter	zeek_log_writer_truncated_string_fields_total	filter_name,module,path,stream,writer	default,Telemetry,telemetry,Telemetry::LOG,Log::WRITER_ASCII	0.0
1777932598.084851	zeek	counter	zeek_log_writer_truncated_string_fields_total	filter_name,module,path,stream,writer	default,LoadedScripts,loaded_scripts,LoadedScripts::LOG,Log::WRITER_ASCII	0.0
1777932598.084851	zeek	counter	zeek_log_writer_truncated_string_fields_total	filter_name,module,path,stream,writer	default,PacketFilter,packet_filter,PacketFilter::LOG,Log::WRITER_ASCII	0.0
1777932598.084851	zeek	counter	zeek_log_writer_truncated_containers_total	filter_name,module,path,stream,writer	default,Conn,conn,Conn::LOG,Log::WRITER_ASCII	0.0
1777932598.084851	zeek	counter	zeek_log_writer_truncated_containers_total	filter_name,module,path,stream,writer	default,CaptureLoss,capture_loss,CaptureLoss::LOG,Log::WRITER_ASCII	0.0
1777932598.084851	zeek	counter	zeek_log_writer_truncated_containers_total	filter_name,module,path,stream,writer	default,Notice,notice,Notice::LOG,Log::WRITER_ASCII	0.0
1777932598.084851	zeek	counter	zeek_log_writer_truncated_containers_total	filter_name,module,path,stream,writer	default,Stats,stats,Stats::LOG,Log::WRITER_ASCII	0.0
1777932598.084851	zeek	counter	zeek_log_writer_truncated_containers_total	filter_name,module,path,stream,writer	default,Telemetry,telemetry,Telemetry::LOG,Log::WRITER_ASCII	0.0
1777932598.084851	zeek	counter	zeek_log_writer_truncated_containers_total	filter_name,module,path,stream,writer	default,LoadedScripts,loaded_scripts,LoadedScripts::LOG,Log::WRITER_ASCII	0.0
1777932598.084851	zeek	counter	zeek_log_writer_truncated_containers_total	filter_name,module,path,stream,writer	default,PacketFilter,packet_filter,PacketFilter::LOG,Log::WRITER_ASCII	0.0
1777932598.084851	zeek	counter	zeek_net_received_bytes_total	(empty)	(empty)	8865202.0
1777932598.084851	zeek	counter	zeek_net_received_packets_total	(empty)	(empty)	41599.0
1777932598.084851	zeek	counter	zeek_net_dropped_packets_total	(empty)	(empty)	0.0
1777932598.084851	zeek	counter	zeek_net_link_packets_total	(empty)	(empty)	41599.0
1777932598.084851	zeek	counter	zeek_msgthread_threads_total	(empty)	(empty)	7.0
1777932598.084851	zeek	counter	zeek_msgthread_in_messages_total	(empty)	(empty)	35.0
1777932598.084851	zeek	counter	zeek_msgthread_out_messages_total	(empty)	(empty)	0.0
1777932598.084851	zeek	counter	zeek_cluster_core_outgoing_events_total	(empty)	(empty)	0.0
1777932598.084851	zeek	counter	zeek_cluster_core_incoming_events_total	(empty)	(empty)	0.0
1777932598.084851	zeek	counter	zeek_broker_incoming_events_total	(empty)	(empty)	0.0
1777932598.084851	zeek	counter	zeek_broker_outgoing_events_total	(empty)	(empty)	0.0
1777932598.084851	zeek	counter	zeek_broker_incoming_logs_total	(empty)	(empty)	0.0
1777932598.084851	zeek	counter	zeek_broker_outgoing_logs_total	(empty)	(empty)	0.0
1777932598.084851	zeek	counter	zeek_broker_incoming_ids_total	(empty)	(empty)	0.0
1777932598.084851	zeek	counter	zeek_broker_outgoing_ids_total	(empty)	(empty)	0.0
1777932598.084851	zeek	counter	zeek_timers_total	(empty)	(empty)	4789.0
1777932598.084851	zeek	counter	zeek_dnsmgr_requests_total	(empty)	(empty)	0.0
1777932598.084851	zeek	counter	zeek_dnsmgr_successful_requests_total	(empty)	(empty)	0.0
1777932598.084851	zeek	counter	zeek_dnsmgr_failed_requests_total	(empty)	(empty)	0.0
1777932598.084851	zeek	counter	zeek_triggers_total	(empty)	(empty)	0.0
1777932598.084851	zeek	counter	zeek_ended_sessions_total	reason	inactivity	13.0
1777932598.084851	zeek	counter	zeek_event_handler_invocations_total	name	connection_state_remove	13.0
1777932598.084851	zeek	counter	zeek_event_handler_invocations_total	name	zeek_init	1.0
1777932598.084851	zeek	counter	zeek_event_handler_invocations_total	name	Telemetry::log	13.0
1777932598.084851	zeek	counter	zeek_event_handler_invocations_total	name	NetControl::init	1.0
1777932598.084851	zeek	counter	zeek_event_handler_invocations_total	name	ChecksumOffloading::check	2.0
1777932598.084851	zeek	counter	zeek_event_handler_invocations_total	name	grab_vulnerable_versions	2.0
1777932598.084851	zeek	counter	zeek_event_handler_invocations_total	name	filter_change_tracking	4.0
1777932598.084851	zeek	counter	zeek_event_handler_invocations_total	name	Broker::log_flush	717.0
1777932598.084851	zeek	counter	zeek_event_handler_invocations_total	name	zeek_script_loaded	538.0
1777932598.084851	zeek	counter	zeek_event_handler_invocations_total	name	new_connection	13.0
1777932598.084851	zeek	counter	zeek_event_handler_invocations_total	name	check_stats	3.0
1777932598.084851	zeek	counter	zeek_event_handler_invocations_total	name	CaptureLoss::take_measurement	2.0
1777932598.084851	zeek	counter	zeek_event_handler_invocations_total	name	net_stats_update	3.0
1777932598.084851	zeek	counter	zeek_event_handler_invocations_total	name	SumStats::finish_epoch	3.0
1777932598.084851	zeek	counter	zeek_total_sessions_total	protocol	icmp	8.0
1777932598.084851	zeek	counter	zeek_total_sessions_total	protocol	udp	5.0
1777932598.084851	zeek	counter	zeek_total_sessions_total	protocol	tcp	0.0
1777932598.084851	zeek	gauge	zeek_version_info	beta,commit,debug,major,minor,patch,version_number,version_string	false,0,false,8,1,2,80102,8.1.2	1.0
1777932598.084851	zeek	gauge	zeek_net_packet_lag_seconds	(empty)	(empty)	0.002388
1777932598.084851	zeek	gauge	zeek_net_timestamp_seconds	(empty)	(empty)	1777932598.084851
1777932598.084851	zeek	gauge	zeek_msgthread_active_threads	(empty)	(empty)	7.0
1777932598.084851	zeek	gauge	zeek_msgthread_pending_in_messages	(empty)	(empty)	0.0
1777932598.084851	zeek	gauge	zeek_msgthread_pending_out_messages	(empty)	(empty)	0.0
1777932598.084851	zeek	gauge	zeek_msgthread_pending_messages_in_buckets	leq	inf	7.0
1777932598.084851	zeek	gauge	zeek_msgthread_pending_messages_in_buckets	leq	10000	7.0
1777932598.084851	zeek	gauge	zeek_msgthread_pending_messages_in_buckets	leq	1000	7.0
1777932598.084851	zeek	gauge	zeek_msgthread_pending_messages_in_buckets	leq	100	7.0
1777932598.084851	zeek	gauge	zeek_msgthread_pending_messages_in_buckets	leq	10	7.0
1777932598.084851	zeek	gauge	zeek_msgthread_pending_messages_in_buckets	leq	1	7.0
1777932598.084851	zeek	gauge	zeek_msgthread_pending_messages_out_buckets	leq	inf	7.0
1777932598.084851	zeek	gauge	zeek_msgthread_pending_messages_out_buckets	leq	10000	7.0
1777932598.084851	zeek	gauge	zeek_msgthread_pending_messages_out_buckets	leq	1000	7.0
1777932598.084851	zeek	gauge	zeek_msgthread_pending_messages_out_buckets	leq	100	7.0
1777932598.084851	zeek	gauge	zeek_msgthread_pending_messages_out_buckets	leq	10	7.0
1777932598.084851	zeek	gauge	zeek_msgthread_pending_messages_out_buckets	leq	1	7.0
1777932598.084851	zeek	gauge	zeek_broker_peers	(empty)	(empty)	0.0
1777932598.084851	zeek	gauge	zeek_broker_stores	(empty)	(empty)	1.0
1777932598.084851	zeek	gauge	zeek_broker_pending_queries	(empty)	(empty)	0.0
1777932598.084851	zeek	gauge	zeek_timers_lag_time_seconds	(empty)	(empty)	0.000347
1777932598.084851	zeek	gauge	zeek_timers_pending	type	LogDelayExpire	0.0
1777932598.084851	zeek	gauge	zeek_timers_pending	type	ThreadHeartbeat	1.0
1777932598.084851	zeek	gauge	zeek_timers_pending	type	TimerMgrExpireTimer	0.0
1777932598.084851	zeek	gauge	zeek_timers_pending	type	ParentProcessIDCheck	0.0
1777932598.084851	zeek	gauge	zeek_timers_pending	type	FragTimer	0.0
1777932598.084851	zeek	gauge	zeek_timers_pending	type	RotateTimer	0.0
1777932598.084851	zeek	gauge	zeek_timers_pending	type	FlowWeirdTimer	0.0
1777932598.084851	zeek	gauge	zeek_timers_pending	type	FileAnalysisInactivityTimer	0.0
1777932598.084851	zeek	gauge	zeek_timers_pending	type	StorageExpire	1.0
1777932598.084851	zeek	gauge	zeek_timers_pending	type	ConnectionInactivityTimer	0.0
1777932598.084851	zeek	gauge	zeek_timers_pending	type	TCPConnectionExpireTimer	0.0
1777932598.084851	zeek	gauge	zeek_timers_pending	type	ConnectionStatusUpdateTimer	0.0
1777932598.084851	zeek	gauge	zeek_timers_pending	type	LogFlushWriteBufferTimer	1.0
1777932598.084851	zeek	gauge	zeek_timers_pending	type	NetWeirdTimer	0.0
1777932598.084851	zeek	gauge	zeek_timers_pending	type	InterconnTimer	0.0
1777932598.084851	zeek	gauge	zeek_timers_pending	type	IPTunnelInactivityTimer	0.0
1777932598.084851	zeek	gauge	zeek_timers_pending	type	DNSExpireTimer	0.0
1777932598.084851	zeek	gauge	zeek_timers_pending	type	UnknownProtocolExpire	0.0
1777932598.084851	zeek	gauge	zeek_timers_pending	type	ProfileTimer	0.0
1777932598.084851	zeek	gauge	zeek_timers_pending	type	ConnectionExpireTimer	0.0
1777932598.084851	zeek	gauge	zeek_timers_pending	type	BreakpointTimer	0.0
1777932598.084851	zeek	gauge	zeek_timers_pending	type	BackdoorTimer	0.0
1777932598.084851	zeek	gauge	zeek_timers_pending	type	NetbiosExpireTimer	0.0
1777932598.084851	zeek	gauge	zeek_timers_pending	type	NetworkTimer	0.0
1777932598.084851	zeek	gauge	zeek_timers_pending	type	RemoveConnection	0.0
1777932598.084851	zeek	gauge	zeek_timers_pending	type	TCPConnectionResetTimer	0.0
1777932598.084851	zeek	gauge	zeek_timers_pending	type	ConnTupleWeirdTimer	0.0
1777932598.084851	zeek	gauge	zeek_timers_pending	type	TCPConnectionDeleteTimer	0.0
1777932598.084851	zeek	gauge	zeek_timers_pending	type	ScheduleTimer	8.0
1777932598.084851	zeek	gauge	zeek_timers_pending	type	NTPExpireTimer	0.0
1777932598.084851	zeek	gauge	zeek_timers_pending	type	RPCExpireTimer	0.0
1777932598.084851	zeek	gauge	zeek_timers_pending	type	ConnectionDeleteTimer	0.0
1777932598.084851	zeek	gauge	zeek_timers_pending	type	TriggerTimer	0.0
1777932598.084851	zeek	gauge	zeek_timers_pending	type	TableValTimer	34.0
1777932598.084851	zeek	gauge	zeek_timers_pending	type	TCPConnectionAttemptTimer	0.0
1777932598.084851	zeek	gauge	zeek_timers_pending	type	TCPConnectionPartialClose	0.0
1777932598.084851	zeek	gauge	zeek_dnsmgr_pending_asyncs_requests	(empty)	(empty)	0.0
1777932598.084851	zeek	gauge	zeek_dnsmgr_cache_entries	type	text	0.0
1777932598.084851	zeek	gauge	zeek_dnsmgr_cache_entries	type	address	0.0
1777932598.084851	zeek	gauge	zeek_dnsmgr_cache_entries	type	host	0.0
1777932598.084851	zeek	gauge	zeek_pending_triggers	(empty)	(empty)	0.0
1777932598.084851	zeek	gauge	zeek_active_sessions	protocol	icmp	0.0
1777932598.084851	zeek	gauge	zeek_active_sessions	protocol	udp	0.0
1777932598.084851	zeek	gauge	zeek_active_sessions	protocol	tcp	0.0
1777932658.085135	zeek	counter	process_cpu_user_seconds_total	(empty)	(empty)	3.49
1777932658.085135	zeek	counter	process_cpu_system_seconds_total	(empty)	(empty)	1.94
1777932658.085135	zeek	gauge	process_resident_memory_bytes	(empty)	(empty)	283303936.0
1777932658.085135	zeek	gauge	process_virtual_memory_bytes	(empty)	(empty)	1543385088.0
1777932658.085135	zeek	gauge	process_open_fds	(empty)	(empty)	43.0
1777932658.085135	zeek	gauge	process_start_time_seconds	(empty)	(empty)	1777931877.626113
1777932658.085135	zeek	counter	zeek_log_stream_writes_total	module,stream	Conn,Conn::LOG	13.0
1777932658.085135	zeek	counter	zeek_log_stream_writes_total	module,stream	CaptureLoss,CaptureLoss::LOG	1.0
1777932658.085135	zeek	counter	zeek_log_stream_writes_total	module,stream	Notice,Notice::LOG	1.0
1777932658.085135	zeek	counter	zeek_log_stream_writes_total	module,stream	Stats,Stats::LOG	3.0
1777932658.085135	zeek	counter	zeek_log_stream_writes_total	module,stream	Telemetry,Telemetry::LOG	1848.0
1777932658.085135	zeek	counter	zeek_log_stream_writes_total	module,stream	LoadedScripts,LoadedScripts::LOG	538.0
1777932658.085135	zeek	counter	zeek_log_stream_writes_total	module,stream	PacketFilter,PacketFilter::LOG	1.0
1777932658.085135	zeek	counter	zeek_log_writer_writes_total	filter_name,module,path,stream,writer	default,Conn,conn,Conn::LOG,Log::WRITER_ASCII	13.0
1777932658.085135	zeek	counter	zeek_log_writer_writes_total	filter_name,module,path,stream,writer	default,CaptureLoss,capture_loss,CaptureLoss::LOG,Log::WRITER_ASCII	1.0
1777932658.085135	zeek	counter	zeek_log_writer_writes_total	filter_name,module,path,stream,writer	default,Notice,notice,Notice::LOG,Log::WRITER_ASCII	1.0
1777932658.085135	zeek	counter	zeek_log_writer_writes_total	filter_name,module,path,stream,writer	default,Stats,stats,Stats::LOG,Log::WRITER_ASCII	3.0
1777932658.085135	zeek	counter	zeek_log_writer_writes_total	filter_name,module,path,stream,writer	default,Telemetry,telemetry,Telemetry::LOG,Log::WRITER_ASCII	1848.0
1777932658.085135	zeek	counter	zeek_log_writer_writes_total	filter_name,module,path,stream,writer	default,LoadedScripts,loaded_scripts,LoadedScripts::LOG,Log::WRITER_ASCII	538.0
1777932658.085135	zeek	counter	zeek_log_writer_writes_total	filter_name,module,path,stream,writer	default,PacketFilter,packet_filter,PacketFilter::LOG,Log::WRITER_ASCII	1.0
1777932658.085135	zeek	counter	zeek_log_writer_discarded_writes_total	filter_name,module,path,stream,writer	default,Conn,conn,Conn::LOG,Log::WRITER_ASCII	0.0
1777932658.085135	zeek	counter	zeek_log_writer_discarded_writes_total	filter_name,module,path,stream,writer	default,CaptureLoss,capture_loss,CaptureLoss::LOG,Log::WRITER_ASCII	0.0
1777932658.085135	zeek	counter	zeek_log_writer_discarded_writes_total	filter_name,module,path,stream,writer	default,Notice,notice,Notice::LOG,Log::WRITER_ASCII	0.0
1777932658.085135	zeek	counter	zeek_log_writer_discarded_writes_total	filter_name,module,path,stream,writer	default,Stats,stats,Stats::LOG,Log::WRITER_ASCII	0.0
1777932658.085135	zeek	counter	zeek_log_writer_discarded_writes_total	filter_name,module,path,stream,writer	default,Telemetry,telemetry,Telemetry::LOG,Log::WRITER_ASCII	0.0
1777932658.085135	zeek	counter	zeek_log_writer_discarded_writes_total	filter_name,module,path,stream,writer	default,LoadedScripts,loaded_scripts,LoadedScripts::LOG,Log::WRITER_ASCII	0.0
1777932658.085135	zeek	counter	zeek_log_writer_discarded_writes_total	filter_name,module,path,stream,writer	default,PacketFilter,packet_filter,PacketFilter::LOG,Log::WRITER_ASCII	0.0
1777932658.085135	zeek	counter	zeek_log_writer_truncated_string_fields_total	filter_name,module,path,stream,writer	default,Conn,conn,Conn::LOG,Log::WRITER_ASCII	0.0
1777932658.085135	zeek	counter	zeek_log_writer_truncated_string_fields_total	filter_name,module,path,stream,writer	default,CaptureLoss,capture_loss,CaptureLoss::LOG,Log::WRITER_ASCII	0.0
1777932658.085135	zeek	counter	zeek_log_writer_truncated_string_fields_total	filter_name,module,path,stream,writer	default,Notice,notice,Notice::LOG,Log::WRITER_ASCII	0.0
1777932658.085135	zeek	counter	zeek_log_writer_truncated_string_fields_total	filter_name,module,path,stream,writer	default,Stats,stats,Stats::LOG,Log::WRITER_ASCII	0.0
1777932658.085135	zeek	counter	zeek_log_writer_truncated_string_fields_total	filter_name,module,path,stream,writer	default,Telemetry,telemetry,Telemetry::LOG,Log::WRITER_ASCII	0.0
1777932658.085135	zeek	counter	zeek_log_writer_truncated_string_fields_total	filter_name,module,path,stream,writer	default,LoadedScripts,loaded_scripts,LoadedScripts::LOG,Log::WRITER_ASCII	0.0
1777932658.085135	zeek	counter	zeek_log_writer_truncated_string_fields_total	filter_name,module,path,stream,writer	default,PacketFilter,packet_filter,PacketFilter::LOG,Log::WRITER_ASCII	0.0
1777932658.085135	zeek	counter	zeek_log_writer_truncated_containers_total	filter_name,module,path,stream,writer	default,Conn,conn,Conn::LOG,Log::WRITER_ASCII	0.0
1777932658.085135	zeek	counter	zeek_log_writer_truncated_containers_total	filter_name,module,path,stream,writer	default,CaptureLoss,capture_loss,CaptureLoss::LOG,Log::WRITER_ASCII	0.0
1777932658.085135	zeek	counter	zeek_log_writer_truncated_containers_total	filter_name,module,path,stream,writer	default,Notice,notice,Notice::LOG,Log::WRITER_ASCII	0.0
1777932658.085135	zeek	counter	zeek_log_writer_truncated_containers_total	filter_name,module,path,stream,writer	default,Stats,stats,Stats::LOG,Log::WRITER_ASCII	0.0
1777932658.085135	zeek	counter	zeek_log_writer_truncated_containers_total	filter_name,module,path,stream,writer	default,Telemetry,telemetry,Telemetry::LOG,Log::WRITER_ASCII	0.0
1777932658.085135	zeek	counter	zeek_log_writer_truncated_containers_total	filter_name,module,path,stream,writer	default,LoadedScripts,loaded_scripts,LoadedScripts::LOG,Log::WRITER_ASCII	0.0
1777932658.085135	zeek	counter	zeek_log_writer_truncated_containers_total	filter_name,module,path,stream,writer	default,PacketFilter,packet_filter,PacketFilter::LOG,Log::WRITER_ASCII	0.0
1777932658.085135	zeek	counter	zeek_net_received_bytes_total	(empty)	(empty)	8865202.0
1777932658.085135	zeek	counter	zeek_net_received_packets_total	(empty)	(empty)	41599.0
1777932658.085135	zeek	counter	zeek_net_dropped_packets_total	(empty)	(empty)	0.0
1777932658.085135	zeek	counter	zeek_net_link_packets_total	(empty)	(empty)	41599.0
1777932658.085135	zeek	counter	zeek_msgthread_threads_total	(empty)	(empty)	7.0
1777932658.085135	zeek	counter	zeek_msgthread_in_messages_total	(empty)	(empty)	36.0
1777932658.085135	zeek	counter	zeek_msgthread_out_messages_total	(empty)	(empty)	0.0
1777932658.085135	zeek	counter	zeek_cluster_core_outgoing_events_total	(empty)	(empty)	0.0
1777932658.085135	zeek	counter	zeek_cluster_core_incoming_events_total	(empty)	(empty)	0.0
1777932658.085135	zeek	counter	zeek_broker_incoming_events_total	(empty)	(empty)	0.0
1777932658.085135	zeek	counter	zeek_broker_outgoing_events_total	(empty)	(empty)	0.0
1777932658.085135	zeek	counter	zeek_broker_incoming_logs_total	(empty)	(empty)	0.0
1777932658.085135	zeek	counter	zeek_broker_outgoing_logs_total	(empty)	(empty)	0.0
1777932658.085135	zeek	counter	zeek_broker_incoming_ids_total	(empty)	(empty)	0.0
1777932658.085135	zeek	counter	zeek_broker_outgoing_ids_total	(empty)	(empty)	0.0
1777932658.085135	zeek	counter	zeek_timers_total	(empty)	(empty)	5178.0
1777932658.085135	zeek	counter	zeek_dnsmgr_requests_total	(empty)	(empty)	0.0
1777932658.085135	zeek	counter	zeek_dnsmgr_successful_requests_total	(empty)	(empty)	0.0
1777932658.085135	zeek	counter	zeek_dnsmgr_failed_requests_total	(empty)	(empty)	0.0
1777932658.085135	zeek	counter	zeek_triggers_total	(empty)	(empty)	0.0
1777932658.085135	zeek	counter	zeek_ended_sessions_total	reason	inactivity	13.0
1777932658.085135	zeek	counter	zeek_event_handler_invocations_total	name	connection_state_remove	13.0
1777932658.085135	zeek	counter	zeek_event_handler_invocations_total	name	zeek_init	1.0
1777932658.085135	zeek	counter	zeek_event_handler_invocations_total	name	Telemetry::log	14.0
1777932658.085135	zeek	counter	zeek_event_handler_invocations_total	name	NetControl::init	1.0
1777932658.085135	zeek	counter	zeek_event_handler_invocations_total	name	ChecksumOffloading::check	2.0
1777932658.085135	zeek	counter	zeek_event_handler_invocations_total	name	grab_vulnerable_versions	2.0
1777932658.085135	zeek	counter	zeek_event_handler_invocations_total	name	filter_change_tracking	4.0
1777932658.085135	zeek	counter	zeek_event_handler_invocations_total	name	Broker::log_flush	777.0
1777932658.085135	zeek	counter	zeek_event_handler_invocations_total	name	zeek_script_loaded	538.0
1777932658.085135	zeek	counter	zeek_event_handler_invocations_total	name	new_connection	13.0
1777932658.085135	zeek	counter	zeek_event_handler_invocations_total	name	check_stats	3.0
1777932658.085135	zeek	counter	zeek_event_handler_invocations_total	name	CaptureLoss::take_measurement	2.0
1777932658.085135	zeek	counter	zeek_event_handler_invocations_total	name	net_stats_update	3.0
1777932658.085135	zeek	counter	zeek_event_handler_invocations_total	name	SumStats::finish_epoch	3.0
1777932658.085135	zeek	counter	zeek_total_sessions_total	protocol	icmp	8.0
1777932658.085135	zeek	counter	zeek_total_sessions_total	protocol	udp	5.0
1777932658.085135	zeek	counter	zeek_total_sessions_total	protocol	tcp	0.0
1777932658.085135	zeek	gauge	zeek_version_info	beta,commit,debug,major,minor,patch,version_number,version_string	false,0,false,8,1,2,80102,8.1.2	1.0
1777932658.085135	zeek	gauge	zeek_net_packet_lag_seconds	(empty)	(empty)	0.002911
1777932658.085135	zeek	gauge	zeek_net_timestamp_seconds	(empty)	(empty)	1777932658.085135
1777932658.085135	zeek	gauge	zeek_msgthread_active_threads	(empty)	(empty)	7.0
1777932658.085135	zeek	gauge	zeek_msgthread_pending_in_messages	(empty)	(empty)	0.0
1777932658.085135	zeek	gauge	zeek_msgthread_pending_out_messages	(empty)	(empty)	0.0
1777932658.085135	zeek	gauge	zeek_msgthread_pending_messages_in_buckets	leq	inf	7.0
1777932658.085135	zeek	gauge	zeek_msgthread_pending_messages_in_buckets	leq	10000	7.0
1777932658.085135	zeek	gauge	zeek_msgthread_pending_messages_in_buckets	leq	1000	7.0
1777932658.085135	zeek	gauge	zeek_msgthread_pending_messages_in_buckets	leq	100	7.0
1777932658.085135	zeek	gauge	zeek_msgthread_pending_messages_in_buckets	leq	10	7.0
1777932658.085135	zeek	gauge	zeek_msgthread_pending_messages_in_buckets	leq	1	7.0
1777932658.085135	zeek	gauge	zeek_msgthread_pending_messages_out_buckets	leq	inf	7.0
1777932658.085135	zeek	gauge	zeek_msgthread_pending_messages_out_buckets	leq	10000	7.0
1777932658.085135	zeek	gauge	zeek_msgthread_pending_messages_out_buckets	leq	1000	7.0
1777932658.085135	zeek	gauge	zeek_msgthread_pending_messages_out_buckets	leq	100	7.0
1777932658.085135	zeek	gauge	zeek_msgthread_pending_messages_out_buckets	leq	10	7.0
1777932658.085135	zeek	gauge	zeek_msgthread_pending_messages_out_buckets	leq	1	7.0
1777932658.085135	zeek	gauge	zeek_broker_peers	(empty)	(empty)	0.0
1777932658.085135	zeek	gauge	zeek_broker_stores	(empty)	(empty)	1.0
1777932658.085135	zeek	gauge	zeek_broker_pending_queries	(empty)	(empty)	0.0
1777932658.085135	zeek	gauge	zeek_timers_lag_time_seconds	(empty)	(empty)	0.000284
1777932658.085135	zeek	gauge	zeek_timers_pending	type	LogDelayExpire	0.0
1777932658.085135	zeek	gauge	zeek_timers_pending	type	ThreadHeartbeat	1.0
1777932658.085135	zeek	gauge	zeek_timers_pending	type	TimerMgrExpireTimer	0.0
1777932658.085135	zeek	gauge	zeek_timers_pending	type	ParentProcessIDCheck	0.0
1777932658.085135	zeek	gauge	zeek_timers_pending	type	FragTimer	0.0
1777932658.085135	zeek	gauge	zeek_timers_pending	type	RotateTimer	0.0
1777932658.085135	zeek	gauge	zeek_timers_pending	type	FlowWeirdTimer	0.0
1777932658.085135	zeek	gauge	zeek_timers_pending	type	FileAnalysisInactivityTimer	0.0
1777932658.085135	zeek	gauge	zeek_timers_pending	type	StorageExpire	1.0
1777932658.085135	zeek	gauge	zeek_timers_pending	type	ConnectionInactivityTimer	0.0
1777932658.085135	zeek	gauge	zeek_timers_pending	type	TCPConnectionExpireTimer	0.0
1777932658.085135	zeek	gauge	zeek_timers_pending	type	ConnectionStatusUpdateTimer	0.0
1777932658.085135	zeek	gauge	zeek_timers_pending	type	LogFlushWriteBufferTimer	1.0
1777932658.085135	zeek	gauge	zeek_timers_pending	type	NetWeirdTimer	0.0
1777932658.085135	zeek	gauge	zeek_timers_pending	type	InterconnTimer	0.0
1777932658.085135	zeek	gauge	zeek_timers_pending	type	IPTunnelInactivityTimer	0.0
1777932658.085135	zeek	gauge	zeek_timers_pending	type	DNSExpireTimer	0.0
1777932658.085135	zeek	gauge	zeek_timers_pending	type	UnknownProtocolExpire	0.0
1777932658.085135	zeek	gauge	zeek_timers_pending	type	ProfileTimer	0.0
1777932658.085135	zeek	gauge	zeek_timers_pending	type	ConnectionExpireTimer	0.0
1777932658.085135	zeek	gauge	zeek_timers_pending	type	BreakpointTimer	0.0
1777932658.085135	zeek	gauge	zeek_timers_pending	type	BackdoorTimer	0.0
1777932658.085135	zeek	gauge	zeek_timers_pending	type	NetbiosExpireTimer	0.0
1777932658.085135	zeek	gauge	zeek_timers_pending	type	NetworkTimer	0.0
1777932658.085135	zeek	gauge	zeek_timers_pending	type	RemoveConnection	0.0
1777932658.085135	zeek	gauge	zeek_timers_pending	type	TCPConnectionResetTimer	0.0
1777932658.085135	zeek	gauge	zeek_timers_pending	type	ConnTupleWeirdTimer	0.0
1777932658.085135	zeek	gauge	zeek_timers_pending	type	TCPConnectionDeleteTimer	0.0
1777932658.085135	zeek	gauge	zeek_timers_pending	type	ScheduleTimer	8.0
1777932658.085135	zeek	gauge	zeek_timers_pending	type	NTPExpireTimer	0.0
1777932658.085135	zeek	gauge	zeek_timers_pending	type	RPCExpireTimer	0.0
1777932658.085135	zeek	gauge	zeek_timers_pending	type	ConnectionDeleteTimer	0.0
1777932658.085135	zeek	gauge	zeek_timers_pending	type	TriggerTimer	0.0
1777932658.085135	zeek	gauge	zeek_timers_pending	type	TableValTimer	34.0
1777932658.085135	zeek	gauge	zeek_timers_pending	type	TCPConnectionAttemptTimer	0.0
1777932658.085135	zeek	gauge	zeek_timers_pending	type	TCPConnectionPartialClose	0.0
1777932658.085135	zeek	gauge	zeek_dnsmgr_pending_asyncs_requests	(empty)	(empty)	0.0
1777932658.085135	zeek	gauge	zeek_dnsmgr_cache_entries	type	text	0.0
1777932658.085135	zeek	gauge	zeek_dnsmgr_cache_entries	type	address	0.0
1777932658.085135	zeek	gauge	zeek_dnsmgr_cache_entries	type	host	0.0
1777932658.085135	zeek	gauge	zeek_pending_triggers	(empty)	(empty)	0.0
1777932658.085135	zeek	gauge	zeek_active_sessions	protocol	icmp	0.0
1777932658.085135	zeek	gauge	zeek_active_sessions	protocol	udp	0.0
1777932658.085135	zeek	gauge	zeek_active_sessions	protocol	tcp	0.0
1777932718.085332	zeek	counter	process_cpu_user_seconds_total	(empty)	(empty)	3.56
1777932718.085332	zeek	counter	process_cpu_system_seconds_total	(empty)	(empty)	1.99
1777932718.085332	zeek	gauge	process_resident_memory_bytes	(empty)	(empty)	283303936.0
1777932718.085332	zeek	gauge	process_virtual_memory_bytes	(empty)	(empty)	1618886656.0
1777932718.085332	zeek	gauge	process_open_fds	(empty)	(empty)	46.0
1777932718.085332	zeek	gauge	process_start_time_seconds	(empty)	(empty)	1777931877.626113
1777932718.085332	zeek	counter	zeek_log_stream_writes_total	module,stream	Known,Known::SERVICES_LOG	1.0
1777932718.085332	zeek	counter	zeek_log_stream_writes_total	module,stream	Conn,Conn::LOG	13.0
1777932718.085332	zeek	counter	zeek_log_stream_writes_total	module,stream	CaptureLoss,CaptureLoss::LOG	1.0
1777932718.085332	zeek	counter	zeek_log_stream_writes_total	module,stream	Notice,Notice::LOG	1.0
1777932718.085332	zeek	counter	zeek_log_stream_writes_total	module,stream	Stats,Stats::LOG	3.0
1777932718.085332	zeek	counter	zeek_log_stream_writes_total	module,stream	Telemetry,Telemetry::LOG	1993.0
1777932718.085332	zeek	counter	zeek_log_stream_writes_total	module,stream	LoadedScripts,LoadedScripts::LOG	538.0
1777932718.085332	zeek	counter	zeek_log_stream_writes_total	module,stream	PacketFilter,PacketFilter::LOG	1.0
1777932718.085332	zeek	counter	zeek_log_writer_writes_total	filter_name,module,path,stream,writer	default,Conn,conn,Conn::LOG,Log::WRITER_ASCII	13.0
1777932718.085332	zeek	counter	zeek_log_writer_writes_total	filter_name,module,path,stream,writer	default,CaptureLoss,capture_loss,CaptureLoss::LOG,Log::WRITER_ASCII	1.0
1777932718.085332	zeek	counter	zeek_log_writer_writes_total	filter_name,module,path,stream,writer	default,Notice,notice,Notice::LOG,Log::WRITER_ASCII	1.0
1777932718.085332	zeek	counter	zeek_log_writer_writes_total	filter_name,module,path,stream,writer	default,Known,known_services,Known::SERVICES_LOG,Log::WRITER_ASCII	1.0
1777932718.085332	zeek	counter	zeek_log_writer_writes_total	filter_name,module,path,stream,writer	default,Stats,stats,Stats::LOG,Log::WRITER_ASCII	3.0
1777932718.085332	zeek	counter	zeek_log_writer_writes_total	filter_name,module,path,stream,writer	default,Telemetry,telemetry,Telemetry::LOG,Log::WRITER_ASCII	1993.0
1777932718.085332	zeek	counter	zeek_log_writer_writes_total	filter_name,module,path,stream,writer	default,LoadedScripts,loaded_scripts,LoadedScripts::LOG,Log::WRITER_ASCII	538.0
1777932718.085332	zeek	counter	zeek_log_writer_writes_total	filter_name,module,path,stream,writer	default,PacketFilter,packet_filter,PacketFilter::LOG,Log::WRITER_ASCII	1.0
1777932718.085332	zeek	counter	zeek_log_writer_discarded_writes_total	filter_name,module,path,stream,writer	default,Conn,conn,Conn::LOG,Log::WRITER_ASCII	0.0
1777932718.085332	zeek	counter	zeek_log_writer_discarded_writes_total	filter_name,module,path,stream,writer	default,CaptureLoss,capture_loss,CaptureLoss::LOG,Log::WRITER_ASCII	0.0
1777932718.085332	zeek	counter	zeek_log_writer_discarded_writes_total	filter_name,module,path,stream,writer	default,Notice,notice,Notice::LOG,Log::WRITER_ASCII	0.0
1777932718.085332	zeek	counter	zeek_log_writer_discarded_writes_total	filter_name,module,path,stream,writer	default,Known,known_services,Known::SERVICES_LOG,Log::WRITER_ASCII	0.0
1777932718.085332	zeek	counter	zeek_log_writer_discarded_writes_total	filter_name,module,path,stream,writer	default,Stats,stats,Stats::LOG,Log::WRITER_ASCII	0.0
1777932718.085332	zeek	counter	zeek_log_writer_discarded_writes_total	filter_name,module,path,stream,writer	default,Telemetry,telemetry,Telemetry::LOG,Log::WRITER_ASCII	0.0
1777932718.085332	zeek	counter	zeek_log_writer_discarded_writes_total	filter_name,module,path,stream,writer	default,LoadedScripts,loaded_scripts,LoadedScripts::LOG,Log::WRITER_ASCII	0.0
1777932718.085332	zeek	counter	zeek_log_writer_discarded_writes_total	filter_name,module,path,stream,writer	default,PacketFilter,packet_filter,PacketFilter::LOG,Log::WRITER_ASCII	0.0
1777932718.085332	zeek	counter	zeek_log_writer_truncated_string_fields_total	filter_name,module,path,stream,writer	default,Conn,conn,Conn::LOG,Log::WRITER_ASCII	0.0
1777932718.085332	zeek	counter	zeek_log_writer_truncated_string_fields_total	filter_name,module,path,stream,writer	default,CaptureLoss,capture_loss,CaptureLoss::LOG,Log::WRITER_ASCII	0.0
1777932718.085332	zeek	counter	zeek_log_writer_truncated_string_fields_total	filter_name,module,path,stream,writer	default,Notice,notice,Notice::LOG,Log::WRITER_ASCII	0.0
1777932718.085332	zeek	counter	zeek_log_writer_truncated_string_fields_total	filter_name,module,path,stream,writer	default,Known,known_services,Known::SERVICES_LOG,Log::WRITER_ASCII	0.0
1777932718.085332	zeek	counter	zeek_log_writer_truncated_string_fields_total	filter_name,module,path,stream,writer	default,Stats,stats,Stats::LOG,Log::WRITER_ASCII	0.0
1777932718.085332	zeek	counter	zeek_log_writer_truncated_string_fields_total	filter_name,module,path,stream,writer	default,Telemetry,telemetry,Telemetry::LOG,Log::WRITER_ASCII	0.0
1777932718.085332	zeek	counter	zeek_log_writer_truncated_string_fields_total	filter_name,module,path,stream,writer	default,LoadedScripts,loaded_scripts,LoadedScripts::LOG,Log::WRITER_ASCII	0.0
1777932718.085332	zeek	counter	zeek_log_writer_truncated_string_fields_total	filter_name,module,path,stream,writer	default,PacketFilter,packet_filter,PacketFilter::LOG,Log::WRITER_ASCII	0.0
1777932718.085332	zeek	counter	zeek_log_writer_truncated_containers_total	filter_name,module,path,stream,writer	default,Conn,conn,Conn::LOG,Log::WRITER_ASCII	0.0
1777932718.085332	zeek	counter	zeek_log_writer_truncated_containers_total	filter_name,module,path,stream,writer	default,CaptureLoss,capture_loss,CaptureLoss::LOG,Log::WRITER_ASCII	0.0
1777932718.085332	zeek	counter	zeek_log_writer_truncated_containers_total	filter_name,module,path,stream,writer	default,Notice,notice,Notice::LOG,Log::WRITER_ASCII	0.0
1777932718.085332	zeek	counter	zeek_log_writer_truncated_containers_total	filter_name,module,path,stream,writer	default,Known,known_services,Known::SERVICES_LOG,Log::WRITER_ASCII	0.0
1777932718.085332	zeek	counter	zeek_log_writer_truncated_containers_total	filter_name,module,path,stream,writer	default,Stats,stats,Stats::LOG,Log::WRITER_ASCII	0.0
1777932718.085332	zeek	counter	zeek_log_writer_truncated_containers_total	filter_name,module,path,stream,writer	default,Telemetry,telemetry,Telemetry::LOG,Log::WRITER_ASCII	0.0
1777932718.085332	zeek	counter	zeek_log_writer_truncated_containers_total	filter_name,module,path,stream,writer	default,LoadedScripts,loaded_scripts,LoadedScripts::LOG,Log::WRITER_ASCII	0.0
1777932718.085332	zeek	counter	zeek_log_writer_truncated_containers_total	filter_name,module,path,stream,writer	default,PacketFilter,packet_filter,PacketFilter::LOG,Log::WRITER_ASCII	0.0
1777932718.085332	zeek	counter	zeek_net_received_bytes_total	(empty)	(empty)	8865202.0
1777932718.085332	zeek	counter	zeek_net_received_packets_total	(empty)	(empty)	41599.0
1777932718.085332	zeek	counter	zeek_net_dropped_packets_total	(empty)	(empty)	0.0
1777932718.085332	zeek	counter	zeek_net_link_packets_total	(empty)	(empty)	41599.0
1777932718.085332	zeek	counter	zeek_msgthread_threads_total	(empty)	(empty)	8.0
1777932718.085332	zeek	counter	zeek_msgthread_in_messages_total	(empty)	(empty)	39.0
1777932718.085332	zeek	counter	zeek_msgthread_out_messages_total	(empty)	(empty)	0.0
1777932718.085332	zeek	counter	zeek_cluster_core_outgoing_events_total	(empty)	(empty)	0.0
1777932718.085332	zeek	counter	zeek_cluster_core_incoming_events_total	(empty)	(empty)	0.0
1777932718.085332	zeek	counter	zeek_broker_incoming_events_total	(empty)	(empty)	0.0
1777932718.085332	zeek	counter	zeek_broker_outgoing_events_total	(empty)	(empty)	0.0
1777932718.085332	zeek	counter	zeek_broker_incoming_logs_total	(empty)	(empty)	0.0
1777932718.085332	zeek	counter	zeek_broker_outgoing_logs_total	(empty)	(empty)	0.0
1777932718.085332	zeek	counter	zeek_broker_incoming_ids_total	(empty)	(empty)	0.0
1777932718.085332	zeek	counter	zeek_broker_outgoing_ids_total	(empty)	(empty)	0.0
1777932718.085332	zeek	counter	zeek_timers_total	(empty)	(empty)	5567.0
1777932718.085332	zeek	counter	zeek_dnsmgr_requests_total	(empty)	(empty)	0.0
1777932718.085332	zeek	counter	zeek_dnsmgr_successful_requests_total	(empty)	(empty)	0.0
1777932718.085332	zeek	counter	zeek_dnsmgr_failed_requests_total	(empty)	(empty)	0.0
1777932718.085332	zeek	counter	zeek_triggers_total	(empty)	(empty)	0.0
1777932718.085332	zeek	counter	zeek_ended_sessions_total	reason	inactivity	13.0
1777932718.085332	zeek	counter	zeek_event_handler_invocations_total	name	connection_state_remove	13.0
1777932718.085332	zeek	counter	zeek_event_handler_invocations_total	name	zeek_init	1.0
1777932718.085332	zeek	counter	zeek_event_handler_invocations_total	name	Telemetry::log	15.0
1777932718.085332	zeek	counter	zeek_event_handler_invocations_total	name	NetControl::init	1.0
1777932718.085332	zeek	counter	zeek_event_handler_invocations_total	name	ChecksumOffloading::check	2.0
1777932718.085332	zeek	counter	zeek_event_handler_invocations_total	name	grab_vulnerable_versions	2.0
1777932718.085332	zeek	counter	zeek_event_handler_invocations_total	name	filter_change_tracking	4.0
1777932718.085332	zeek	counter	zeek_event_handler_invocations_total	name	Broker::log_flush	837.0
1777932718.085332	zeek	counter	zeek_event_handler_invocations_total	name	known_service_add	1.0
1777932718.085332	zeek	counter	zeek_event_handler_invocations_total	name	zeek_script_loaded	538.0
1777932718.085332	zeek	counter	zeek_event_handler_invocations_total	name	new_connection	13.0
1777932718.085332	zeek	counter	zeek_event_handler_invocations_total	name	check_stats	3.0
1777932718.085332	zeek	counter	zeek_event_handler_invocations_total	name	CaptureLoss::take_measurement	2.0
1777932718.085332	zeek	counter	zeek_event_handler_invocations_total	name	net_stats_update	3.0
1777932718.085332	zeek	counter	zeek_event_handler_invocations_total	name	service_info_commit	2.0
1777932718.085332	zeek	counter	zeek_event_handler_invocations_total	name	SumStats::finish_epoch	3.0
1777932718.085332	zeek	counter	zeek_total_sessions_total	protocol	icmp	8.0
1777932718.085332	zeek	counter	zeek_total_sessions_total	protocol	udp	5.0
1777932718.085332	zeek	counter	zeek_total_sessions_total	protocol	tcp	0.0
1777932718.085332	zeek	gauge	zeek_version_info	beta,commit,debug,major,minor,patch,version_number,version_string	false,0,false,8,1,2,80102,8.1.2	1.0
1777932718.085332	zeek	gauge	zeek_net_packet_lag_seconds	(empty)	(empty)	0.00243
1777932718.085332	zeek	gauge	zeek_net_timestamp_seconds	(empty)	(empty)	1777932718.085332
1777932718.085332	zeek	gauge	zeek_msgthread_active_threads	(empty)	(empty)	8.0
1777932718.085332	zeek	gauge	zeek_msgthread_pending_in_messages	(empty)	(empty)	0.0
1777932718.085332	zeek	gauge	zeek_msgthread_pending_out_messages	(empty)	(empty)	0.0
1777932718.085332	zeek	gauge	zeek_msgthread_pending_messages_in_buckets	leq	inf	8.0
1777932718.085332	zeek	gauge	zeek_msgthread_pending_messages_in_buckets	leq	10000	8.0
1777932718.085332	zeek	gauge	zeek_msgthread_pending_messages_in_buckets	leq	1000	8.0
1777932718.085332	zeek	gauge	zeek_msgthread_pending_messages_in_buckets	leq	100	8.0
1777932718.085332	zeek	gauge	zeek_msgthread_pending_messages_in_buckets	leq	10	8.0
1777932718.085332	zeek	gauge	zeek_msgthread_pending_messages_in_buckets	leq	1	8.0
1777932718.085332	zeek	gauge	zeek_msgthread_pending_messages_out_buckets	leq	inf	8.0
1777932718.085332	zeek	gauge	zeek_msgthread_pending_messages_out_buckets	leq	10000	8.0
1777932718.085332	zeek	gauge	zeek_msgthread_pending_messages_out_buckets	leq	1000	8.0
1777932718.085332	zeek	gauge	zeek_msgthread_pending_messages_out_buckets	leq	100	8.0
1777932718.085332	zeek	gauge	zeek_msgthread_pending_messages_out_buckets	leq	10	8.0
1777932718.085332	zeek	gauge	zeek_msgthread_pending_messages_out_buckets	leq	1	8.0
1777932718.085332	zeek	gauge	zeek_broker_peers	(empty)	(empty)	0.0
1777932718.085332	zeek	gauge	zeek_broker_stores	(empty)	(empty)	1.0
1777932718.085332	zeek	gauge	zeek_broker_pending_queries	(empty)	(empty)	0.0
1777932718.085332	zeek	gauge	zeek_timers_lag_time_seconds	(empty)	(empty)	0.000197
1777932718.085332	zeek	gauge	zeek_timers_pending	type	LogDelayExpire	0.0
1777932718.085332	zeek	gauge	zeek_timers_pending	type	ThreadHeartbeat	1.0
1777932718.085332	zeek	gauge	zeek_timers_pending	type	TimerMgrExpireTimer	0.0
1777932718.085332	zeek	gauge	zeek_timers_pending	type	ParentProcessIDCheck	0.0
1777932718.085332	zeek	gauge	zeek_timers_pending	type	FragTimer	0.0
1777932718.085332	zeek	gauge	zeek_timers_pending	type	RotateTimer	0.0
1777932718.085332	zeek	gauge	zeek_timers_pending	type	FlowWeirdTimer	0.0
1777932718.085332	zeek	gauge	zeek_timers_pending	type	FileAnalysisInactivityTimer	0.0
1777932718.085332	zeek	gauge	zeek_timers_pending	type	StorageExpire	1.0
1777932718.085332	zeek	gauge	zeek_timers_pending	type	ConnectionInactivityTimer	0.0
1777932718.085332	zeek	gauge	zeek_timers_pending	type	TCPConnectionExpireTimer	0.0
1777932718.085332	zeek	gauge	zeek_timers_pending	type	ConnectionStatusUpdateTimer	0.0
1777932718.085332	zeek	gauge	zeek_timers_pending	type	LogFlushWriteBufferTimer	1.0
1777932718.085332	zeek	gauge	zeek_timers_pending	type	NetWeirdTimer	0.0
1777932718.085332	zeek	gauge	zeek_timers_pending	type	InterconnTimer	0.0
1777932718.085332	zeek	gauge	zeek_timers_pending	type	IPTunnelInactivityTimer	0.0
1777932718.085332	zeek	gauge	zeek_timers_pending	type	DNSExpireTimer	0.0
1777932718.085332	zeek	gauge	zeek_timers_pending	type	UnknownProtocolExpire	0.0
1777932718.085332	zeek	gauge	zeek_timers_pending	type	ProfileTimer	0.0
1777932718.085332	zeek	gauge	zeek_timers_pending	type	ConnectionExpireTimer	0.0
1777932718.085332	zeek	gauge	zeek_timers_pending	type	BreakpointTimer	0.0
1777932718.085332	zeek	gauge	zeek_timers_pending	type	BackdoorTimer	0.0
1777932718.085332	zeek	gauge	zeek_timers_pending	type	NetbiosExpireTimer	0.0
1777932718.085332	zeek	gauge	zeek_timers_pending	type	NetworkTimer	0.0
1777932718.085332	zeek	gauge	zeek_timers_pending	type	RemoveConnection	0.0
1777932718.085332	zeek	gauge	zeek_timers_pending	type	TCPConnectionResetTimer	0.0
1777932718.085332	zeek	gauge	zeek_timers_pending	type	ConnTupleWeirdTimer	0.0
1777932718.085332	zeek	gauge	zeek_timers_pending	type	TCPConnectionDeleteTimer	0.0
1777932718.085332	zeek	gauge	zeek_timers_pending	type	ScheduleTimer	6.0
1777932718.085332	zeek	gauge	zeek_timers_pending	type	NTPExpireTimer	0.0
1777932718.085332	zeek	gauge	zeek_timers_pending	type	RPCExpireTimer	0.0
1777932718.085332	zeek	gauge	zeek_timers_pending	type	ConnectionDeleteTimer	0.0
1777932718.085332	zeek	gauge	zeek_timers_pending	type	TriggerTimer	0.0
1777932718.085332	zeek	gauge	zeek_timers_pending	type	TableValTimer	34.0
1777932718.085332	zeek	gauge	zeek_timers_pending	type	TCPConnectionAttemptTimer	0.0
1777932718.085332	zeek	gauge	zeek_timers_pending	type	TCPConnectionPartialClose	0.0
1777932718.085332	zeek	gauge	zeek_dnsmgr_pending_asyncs_requests	(empty)	(empty)	0.0
1777932718.085332	zeek	gauge	zeek_dnsmgr_cache_entries	type	text	0.0
1777932718.085332	zeek	gauge	zeek_dnsmgr_cache_entries	type	address	0.0
1777932718.085332	zeek	gauge	zeek_dnsmgr_cache_entries	type	host	0.0
1777932718.085332	zeek	gauge	zeek_pending_triggers	(empty)	(empty)	0.0
1777932718.085332	zeek	gauge	zeek_active_sessions	protocol	icmp	0.0
1777932718.085332	zeek	gauge	zeek_active_sessions	protocol	udp	0.0
1777932718.085332	zeek	gauge	zeek_active_sessions	protocol	tcp	0.0
1777932778.085573	zeek	counter	process_cpu_user_seconds_total	(empty)	(empty)	3.66
1777932778.085573	zeek	counter	process_cpu_system_seconds_total	(empty)	(empty)	2.03
1777932778.085573	zeek	gauge	process_resident_memory_bytes	(empty)	(empty)	283303936.0
1777932778.085573	zeek	gauge	process_virtual_memory_bytes	(empty)	(empty)	1618886656.0
1777932778.085573	zeek	gauge	process_open_fds	(empty)	(empty)	46.0
1777932778.085573	zeek	gauge	process_start_time_seconds	(empty)	(empty)	1777931877.626113
1777932778.085573	zeek	counter	zeek_log_stream_writes_total	module,stream	Known,Known::SERVICES_LOG	1.0
1777932778.085573	zeek	counter	zeek_log_stream_writes_total	module,stream	Conn,Conn::LOG	13.0
1777932778.085573	zeek	counter	zeek_log_stream_writes_total	module,stream	CaptureLoss,CaptureLoss::LOG	1.0
1777932778.085573	zeek	counter	zeek_log_stream_writes_total	module,stream	Notice,Notice::LOG	1.0
1777932778.085573	zeek	counter	zeek_log_stream_writes_total	module,stream	Stats,Stats::LOG	4.0
1777932778.085573	zeek	counter	zeek_log_stream_writes_total	module,stream	Telemetry,Telemetry::LOG	2145.0
1777932778.085573	zeek	counter	zeek_log_stream_writes_total	module,stream	LoadedScripts,LoadedScripts::LOG	538.0
1777932778.085573	zeek	counter	zeek_log_stream_writes_total	module,stream	PacketFilter,PacketFilter::LOG	1.0
1777932778.085573	zeek	counter	zeek_log_writer_writes_total	filter_name,module,path,stream,writer	default,Conn,conn,Conn::LOG,Log::WRITER_ASCII	13.0
1777932778.085573	zeek	counter	zeek_log_writer_writes_total	filter_name,module,path,stream,writer	default,CaptureLoss,capture_loss,CaptureLoss::LOG,Log::WRITER_ASCII	1.0
1777932778.085573	zeek	counter	zeek_log_writer_writes_total	filter_name,module,path,stream,writer	default,Notice,notice,Notice::LOG,Log::WRITER_ASCII	1.0
1777932778.085573	zeek	counter	zeek_log_writer_writes_total	filter_name,module,path,stream,writer	default,Known,known_services,Known::SERVICES_LOG,Log::WRITER_ASCII	1.0
1777932778.085573	zeek	counter	zeek_log_writer_writes_total	filter_name,module,path,stream,writer	default,Stats,stats,Stats::LOG,Log::WRITER_ASCII	4.0
1777932778.085573	zeek	counter	zeek_log_writer_writes_total	filter_name,module,path,stream,writer	default,Telemetry,telemetry,Telemetry::LOG,Log::WRITER_ASCII	2145.0
1777932778.085573	zeek	counter	zeek_log_writer_writes_total	filter_name,module,path,stream,writer	default,LoadedScripts,loaded_scripts,LoadedScripts::LOG,Log::WRITER_ASCII	538.0
1777932778.085573	zeek	counter	zeek_log_writer_writes_total	filter_name,module,path,stream,writer	default,PacketFilter,packet_filter,PacketFilter::LOG,Log::WRITER_ASCII	1.0
1777932778.085573	zeek	counter	zeek_log_writer_discarded_writes_total	filter_name,module,path,stream,writer	default,Conn,conn,Conn::LOG,Log::WRITER_ASCII	0.0
1777932778.085573	zeek	counter	zeek_log_writer_discarded_writes_total	filter_name,module,path,stream,writer	default,CaptureLoss,capture_loss,CaptureLoss::LOG,Log::WRITER_ASCII	0.0
1777932778.085573	zeek	counter	zeek_log_writer_discarded_writes_total	filter_name,module,path,stream,writer	default,Notice,notice,Notice::LOG,Log::WRITER_ASCII	0.0
1777932778.085573	zeek	counter	zeek_log_writer_discarded_writes_total	filter_name,module,path,stream,writer	default,Known,known_services,Known::SERVICES_LOG,Log::WRITER_ASCII	0.0
1777932778.085573	zeek	counter	zeek_log_writer_discarded_writes_total	filter_name,module,path,stream,writer	default,Stats,stats,Stats::LOG,Log::WRITER_ASCII	0.0
1777932778.085573	zeek	counter	zeek_log_writer_discarded_writes_total	filter_name,module,path,stream,writer	default,Telemetry,telemetry,Telemetry::LOG,Log::WRITER_ASCII	0.0
1777932778.085573	zeek	counter	zeek_log_writer_discarded_writes_total	filter_name,module,path,stream,writer	default,LoadedScripts,loaded_scripts,LoadedScripts::LOG,Log::WRITER_ASCII	0.0
1777932778.085573	zeek	counter	zeek_log_writer_discarded_writes_total	filter_name,module,path,stream,writer	default,PacketFilter,packet_filter,PacketFilter::LOG,Log::WRITER_ASCII	0.0
1777932778.085573	zeek	counter	zeek_log_writer_truncated_string_fields_total	filter_name,module,path,stream,writer	default,Conn,conn,Conn::LOG,Log::WRITER_ASCII	0.0
1777932778.085573	zeek	counter	zeek_log_writer_truncated_string_fields_total	filter_name,module,path,stream,writer	default,CaptureLoss,capture_loss,CaptureLoss::LOG,Log::WRITER_ASCII	0.0
1777932778.085573	zeek	counter	zeek_log_writer_truncated_string_fields_total	filter_name,module,path,stream,writer	default,Notice,notice,Notice::LOG,Log::WRITER_ASCII	0.0
1777932778.085573	zeek	counter	zeek_log_writer_truncated_string_fields_total	filter_name,module,path,stream,writer	default,Known,known_services,Known::SERVICES_LOG,Log::WRITER_ASCII	0.0
1777932778.085573	zeek	counter	zeek_log_writer_truncated_string_fields_total	filter_name,module,path,stream,writer	default,Stats,stats,Stats::LOG,Log::WRITER_ASCII	0.0
1777932778.085573	zeek	counter	zeek_log_writer_truncated_string_fields_total	filter_name,module,path,stream,writer	default,Telemetry,telemetry,Telemetry::LOG,Log::WRITER_ASCII	0.0
1777932778.085573	zeek	counter	zeek_log_writer_truncated_string_fields_total	filter_name,module,path,stream,writer	default,LoadedScripts,loaded_scripts,LoadedScripts::LOG,Log::WRITER_ASCII	0.0
1777932778.085573	zeek	counter	zeek_log_writer_truncated_string_fields_total	filter_name,module,path,stream,writer	default,PacketFilter,packet_filter,PacketFilter::LOG,Log::WRITER_ASCII	0.0
1777932778.085573	zeek	counter	zeek_log_writer_truncated_containers_total	filter_name,module,path,stream,writer	default,Conn,conn,Conn::LOG,Log::WRITER_ASCII	0.0
1777932778.085573	zeek	counter	zeek_log_writer_truncated_containers_total	filter_name,module,path,stream,writer	default,CaptureLoss,capture_loss,CaptureLoss::LOG,Log::WRITER_ASCII	0.0
1777932778.085573	zeek	counter	zeek_log_writer_truncated_containers_total	filter_name,module,path,stream,writer	default,Notice,notice,Notice::LOG,Log::WRITER_ASCII	0.0
1777932778.085573	zeek	counter	zeek_log_writer_truncated_containers_total	filter_name,module,path,stream,writer	default,Known,known_services,Known::SERVICES_LOG,Log::WRITER_ASCII	0.0
1777932778.085573	zeek	counter	zeek_log_writer_truncated_containers_total	filter_name,module,path,stream,writer	default,Stats,stats,Stats::LOG,Log::WRITER_ASCII	0.0
1777932778.085573	zeek	counter	zeek_log_writer_truncated_containers_total	filter_name,module,path,stream,writer	default,Telemetry,telemetry,Telemetry::LOG,Log::WRITER_ASCII	0.0
1777932778.085573	zeek	counter	zeek_log_writer_truncated_containers_total	filter_name,module,path,stream,writer	default,LoadedScripts,loaded_scripts,LoadedScripts::LOG,Log::WRITER_ASCII	0.0
1777932778.085573	zeek	counter	zeek_log_writer_truncated_containers_total	filter_name,module,path,stream,writer	default,PacketFilter,packet_filter,PacketFilter::LOG,Log::WRITER_ASCII	0.0
1777932778.085573	zeek	counter	zeek_net_received_bytes_total	(empty)	(empty)	8865202.0
1777932778.085573	zeek	counter	zeek_net_received_packets_total	(empty)	(empty)	41599.0
1777932778.085573	zeek	counter	zeek_net_dropped_packets_total	(empty)	(empty)	0.0
1777932778.085573	zeek	counter	zeek_net_link_packets_total	(empty)	(empty)	41599.0
1777932778.085573	zeek	counter	zeek_msgthread_threads_total	(empty)	(empty)	8.0
1777932778.085573	zeek	counter	zeek_msgthread_in_messages_total	(empty)	(empty)	40.0
1777932778.085573	zeek	counter	zeek_msgthread_out_messages_total	(empty)	(empty)	0.0
1777932778.085573	zeek	counter	zeek_cluster_core_outgoing_events_total	(empty)	(empty)	0.0
1777932778.085573	zeek	counter	zeek_cluster_core_incoming_events_total	(empty)	(empty)	0.0
1777932778.085573	zeek	counter	zeek_broker_incoming_events_total	(empty)	(empty)	0.0
1777932778.085573	zeek	counter	zeek_broker_outgoing_events_total	(empty)	(empty)	0.0
1777932778.085573	zeek	counter	zeek_broker_incoming_logs_total	(empty)	(empty)	0.0
1777932778.085573	zeek	counter	zeek_broker_outgoing_logs_total	(empty)	(empty)	0.0
1777932778.085573	zeek	counter	zeek_broker_incoming_ids_total	(empty)	(empty)	0.0
1777932778.085573	zeek	counter	zeek_broker_outgoing_ids_total	(empty)	(empty)	0.0
1777932778.085573	zeek	counter	zeek_timers_total	(empty)	(empty)	5959.0
1777932778.085573	zeek	counter	zeek_dnsmgr_requests_total	(empty)	(empty)	0.0
1777932778.085573	zeek	counter	zeek_dnsmgr_successful_requests_total	(empty)	(empty)	0.0
1777932778.085573	zeek	counter	zeek_dnsmgr_failed_requests_total	(empty)	(empty)	0.0
1777932778.085573	zeek	counter	zeek_triggers_total	(empty)	(empty)	0.0
1777932778.085573	zeek	counter	zeek_ended_sessions_total	reason	inactivity	13.0
1777932778.085573	zeek	counter	zeek_event_handler_invocations_total	name	connection_state_remove	13.0
1777932778.085573	zeek	counter	zeek_event_handler_invocations_total	name	zeek_init	1.0
1777932778.085573	zeek	counter	zeek_event_handler_invocations_total	name	Telemetry::log	16.0
1777932778.085573	zeek	counter	zeek_event_handler_invocations_total	name	NetControl::init	1.0
1777932778.085573	zeek	counter	zeek_event_handler_invocations_total	name	ChecksumOffloading::check	2.0
1777932778.085573	zeek	counter	zeek_event_handler_invocations_total	name	grab_vulnerable_versions	2.0
1777932778.085573	zeek	counter	zeek_event_handler_invocations_total	name	filter_change_tracking	5.0
1777932778.085573	zeek	counter	zeek_event_handler_invocations_total	name	Broker::log_flush	897.0
1777932778.085573	zeek	counter	zeek_event_handler_invocations_total	name	known_service_add	1.0
1777932778.085573	zeek	counter	zeek_event_handler_invocations_total	name	zeek_script_loaded	538.0
1777932778.085573	zeek	counter	zeek_event_handler_invocations_total	name	new_connection	13.0
1777932778.085573	zeek	counter	zeek_event_handler_invocations_total	name	check_stats	4.0
1777932778.085573	zeek	counter	zeek_event_handler_invocations_total	name	CaptureLoss::take_measurement	2.0
1777932778.085573	zeek	counter	zeek_event_handler_invocations_total	name	net_stats_update	4.0
1777932778.085573	zeek	counter	zeek_event_handler_invocations_total	name	service_info_commit	2.0
1777932778.085573	zeek	counter	zeek_event_handler_invocations_total	name	SumStats::finish_epoch	3.0
1777932778.085573	zeek	counter	zeek_total_sessions_total	protocol	icmp	8.0
1777932778.085573	zeek	counter	zeek_total_sessions_total	protocol	udp	5.0
1777932778.085573	zeek	counter	zeek_total_sessions_total	protocol	tcp	0.0
1777932778.085573	zeek	gauge	zeek_version_info	beta,commit,debug,major,minor,patch,version_number,version_string	false,0,false,8,1,2,80102,8.1.2	1.0
1777932778.085573	zeek	gauge	zeek_net_packet_lag_seconds	(empty)	(empty)	0.003235
1777932778.085573	zeek	gauge	zeek_net_timestamp_seconds	(empty)	(empty)	1777932778.085573
1777932778.085573	zeek	gauge	zeek_msgthread_active_threads	(empty)	(empty)	8.0
1777932778.085573	zeek	gauge	zeek_msgthread_pending_in_messages	(empty)	(empty)	0.0
1777932778.085573	zeek	gauge	zeek_msgthread_pending_out_messages	(empty)	(empty)	0.0
1777932778.085573	zeek	gauge	zeek_msgthread_pending_messages_in_buckets	leq	inf	8.0
1777932778.085573	zeek	gauge	zeek_msgthread_pending_messages_in_buckets	leq	10000	8.0
1777932778.085573	zeek	gauge	zeek_msgthread_pending_messages_in_buckets	leq	1000	8.0
1777932778.085573	zeek	gauge	zeek_msgthread_pending_messages_in_buckets	leq	100	8.0
1777932778.085573	zeek	gauge	zeek_msgthread_pending_messages_in_buckets	leq	10	8.0
1777932778.085573	zeek	gauge	zeek_msgthread_pending_messages_in_buckets	leq	1	8.0
1777932778.085573	zeek	gauge	zeek_msgthread_pending_messages_out_buckets	leq	inf	8.0
1777932778.085573	zeek	gauge	zeek_msgthread_pending_messages_out_buckets	leq	10000	8.0
1777932778.085573	zeek	gauge	zeek_msgthread_pending_messages_out_buckets	leq	1000	8.0
1777932778.085573	zeek	gauge	zeek_msgthread_pending_messages_out_buckets	leq	100	8.0
1777932778.085573	zeek	gauge	zeek_msgthread_pending_messages_out_buckets	leq	10	8.0
1777932778.085573	zeek	gauge	zeek_msgthread_pending_messages_out_buckets	leq	1	8.0
1777932778.085573	zeek	gauge	zeek_broker_peers	(empty)	(empty)	0.0
1777932778.085573	zeek	gauge	zeek_broker_stores	(empty)	(empty)	1.0
1777932778.085573	zeek	gauge	zeek_broker_pending_queries	(empty)	(empty)	0.0
1777932778.085573	zeek	gauge	zeek_timers_lag_time_seconds	(empty)	(empty)	0.000241
1777932778.085573	zeek	gauge	zeek_timers_pending	type	LogDelayExpire	0.0
1777932778.085573	zeek	gauge	zeek_timers_pending	type	ThreadHeartbeat	1.0
1777932778.085573	zeek	gauge	zeek_timers_pending	type	TimerMgrExpireTimer	0.0
1777932778.085573	zeek	gauge	zeek_timers_pending	type	ParentProcessIDCheck	0.0
1777932778.085573	zeek	gauge	zeek_timers_pending	type	FragTimer	0.0
1777932778.085573	zeek	gauge	zeek_timers_pending	type	RotateTimer	0.0
1777932778.085573	zeek	gauge	zeek_timers_pending	type	FlowWeirdTimer	0.0
1777932778.085573	zeek	gauge	zeek_timers_pending	type	FileAnalysisInactivityTimer	0.0
1777932778.085573	zeek	gauge	zeek_timers_pending	type	StorageExpire	1.0
1777932778.085573	zeek	gauge	zeek_timers_pending	type	ConnectionInactivityTimer	0.0
1777932778.085573	zeek	gauge	zeek_timers_pending	type	TCPConnectionExpireTimer	0.0
1777932778.085573	zeek	gauge	zeek_timers_pending	type	ConnectionStatusUpdateTimer	0.0
1777932778.085573	zeek	gauge	zeek_timers_pending	type	LogFlushWriteBufferTimer	1.0
1777932778.085573	zeek	gauge	zeek_timers_pending	type	NetWeirdTimer	0.0
1777932778.085573	zeek	gauge	zeek_timers_pending	type	InterconnTimer	0.0
1777932778.085573	zeek	gauge	zeek_timers_pending	type	IPTunnelInactivityTimer	0.0
1777932778.085573	zeek	gauge	zeek_timers_pending	type	DNSExpireTimer	0.0
1777932778.085573	zeek	gauge	zeek_timers_pending	type	UnknownProtocolExpire	0.0
1777932778.085573	zeek	gauge	zeek_timers_pending	type	ProfileTimer	0.0
1777932778.085573	zeek	gauge	zeek_timers_pending	type	ConnectionExpireTimer	0.0
1777932778.085573	zeek	gauge	zeek_timers_pending	type	BreakpointTimer	0.0
1777932778.085573	zeek	gauge	zeek_timers_pending	type	BackdoorTimer	0.0
1777932778.085573	zeek	gauge	zeek_timers_pending	type	NetbiosExpireTimer	0.0
1777932778.085573	zeek	gauge	zeek_timers_pending	type	NetworkTimer	0.0
1777932778.085573	zeek	gauge	zeek_timers_pending	type	RemoveConnection	0.0
1777932778.085573	zeek	gauge	zeek_timers_pending	type	TCPConnectionResetTimer	0.0
1777932778.085573	zeek	gauge	zeek_timers_pending	type	ConnTupleWeirdTimer	0.0
1777932778.085573	zeek	gauge	zeek_timers_pending	type	TCPConnectionDeleteTimer	0.0
1777932778.085573	zeek	gauge	zeek_timers_pending	type	ScheduleTimer	6.0
1777932778.085573	zeek	gauge	zeek_timers_pending	type	NTPExpireTimer	0.0
1777932778.085573	zeek	gauge	zeek_timers_pending	type	RPCExpireTimer	0.0
1777932778.085573	zeek	gauge	zeek_timers_pending	type	ConnectionDeleteTimer	0.0
1777932778.085573	zeek	gauge	zeek_timers_pending	type	TriggerTimer	0.0
1777932778.085573	zeek	gauge	zeek_timers_pending	type	TableValTimer	34.0
1777932778.085573	zeek	gauge	zeek_timers_pending	type	TCPConnectionAttemptTimer	0.0
1777932778.085573	zeek	gauge	zeek_timers_pending	type	TCPConnectionPartialClose	0.0
1777932778.085573	zeek	gauge	zeek_dnsmgr_pending_asyncs_requests	(empty)	(empty)	0.0
1777932778.085573	zeek	gauge	zeek_dnsmgr_cache_entries	type	text	0.0
1777932778.085573	zeek	gauge	zeek_dnsmgr_cache_entries	type	address	0.0
1777932778.085573	zeek	gauge	zeek_dnsmgr_cache_entries	type	host	0.0
1777932778.085573	zeek	gauge	zeek_pending_triggers	(empty)	(empty)	0.0
1777932778.085573	zeek	gauge	zeek_active_sessions	protocol	icmp	0.0
1777932778.085573	zeek	gauge	zeek_active_sessions	protocol	udp	0.0
1777932778.085573	zeek	gauge	zeek_active_sessions	protocol	tcp	0.0
1777932838.085691	zeek	counter	process_cpu_user_seconds_total	(empty)	(empty)	3.72
1777932838.085691	zeek	counter	process_cpu_system_seconds_total	(empty)	(empty)	2.1
1777932838.085691	zeek	gauge	process_resident_memory_bytes	(empty)	(empty)	283303936.0
1777932838.085691	zeek	gauge	process_virtual_memory_bytes	(empty)	(empty)	1618886656.0
1777932838.085691	zeek	gauge	process_open_fds	(empty)	(empty)	46.0
1777932838.085691	zeek	gauge	process_start_time_seconds	(empty)	(empty)	1777931877.626113
1777932838.085691	zeek	counter	zeek_log_stream_writes_total	module,stream	Known,Known::SERVICES_LOG	1.0
1777932838.085691	zeek	counter	zeek_log_stream_writes_total	module,stream	Conn,Conn::LOG	13.0
1777932838.085691	zeek	counter	zeek_log_stream_writes_total	module,stream	CaptureLoss,CaptureLoss::LOG	2.0
1777932838.085691	zeek	counter	zeek_log_stream_writes_total	module,stream	Notice,Notice::LOG	2.0
1777932838.085691	zeek	counter	zeek_log_stream_writes_total	module,stream	Stats,Stats::LOG	4.0
1777932838.085691	zeek	counter	zeek_log_stream_writes_total	module,stream	Telemetry,Telemetry::LOG	2297.0
1777932838.085691	zeek	counter	zeek_log_stream_writes_total	module,stream	LoadedScripts,LoadedScripts::LOG	538.0
1777932838.085691	zeek	counter	zeek_log_stream_writes_total	module,stream	PacketFilter,PacketFilter::LOG	1.0
1777932838.085691	zeek	counter	zeek_log_writer_writes_total	filter_name,module,path,stream,writer	default,Conn,conn,Conn::LOG,Log::WRITER_ASCII	13.0
1777932838.085691	zeek	counter	zeek_log_writer_writes_total	filter_name,module,path,stream,writer	default,CaptureLoss,capture_loss,CaptureLoss::LOG,Log::WRITER_ASCII	2.0
1777932838.085691	zeek	counter	zeek_log_writer_writes_total	filter_name,module,path,stream,writer	default,Notice,notice,Notice::LOG,Log::WRITER_ASCII	2.0
1777932838.085691	zeek	counter	zeek_log_writer_writes_total	filter_name,module,path,stream,writer	default,Known,known_services,Known::SERVICES_LOG,Log::WRITER_ASCII	1.0
1777932838.085691	zeek	counter	zeek_log_writer_writes_total	filter_name,module,path,stream,writer	default,Stats,stats,Stats::LOG,Log::WRITER_ASCII	4.0
1777932838.085691	zeek	counter	zeek_log_writer_writes_total	filter_name,module,path,stream,writer	default,Telemetry,telemetry,Telemetry::LOG,Log::WRITER_ASCII	2297.0
1777932838.085691	zeek	counter	zeek_log_writer_writes_total	filter_name,module,path,stream,writer	default,LoadedScripts,loaded_scripts,LoadedScripts::LOG,Log::WRITER_ASCII	538.0
1777932838.085691	zeek	counter	zeek_log_writer_writes_total	filter_name,module,path,stream,writer	default,PacketFilter,packet_filter,PacketFilter::LOG,Log::WRITER_ASCII	1.0
1777932838.085691	zeek	counter	zeek_log_writer_discarded_writes_total	filter_name,module,path,stream,writer	default,Conn,conn,Conn::LOG,Log::WRITER_ASCII	0.0
1777932838.085691	zeek	counter	zeek_log_writer_discarded_writes_total	filter_name,module,path,stream,writer	default,CaptureLoss,capture_loss,CaptureLoss::LOG,Log::WRITER_ASCII	0.0
1777932838.085691	zeek	counter	zeek_log_writer_discarded_writes_total	filter_name,module,path,stream,writer	default,Notice,notice,Notice::LOG,Log::WRITER_ASCII	0.0
1777932838.085691	zeek	counter	zeek_log_writer_discarded_writes_total	filter_name,module,path,stream,writer	default,Known,known_services,Known::SERVICES_LOG,Log::WRITER_ASCII	0.0
1777932838.085691	zeek	counter	zeek_log_writer_discarded_writes_total	filter_name,module,path,stream,writer	default,Stats,stats,Stats::LOG,Log::WRITER_ASCII	0.0
1777932838.085691	zeek	counter	zeek_log_writer_discarded_writes_total	filter_name,module,path,stream,writer	default,Telemetry,telemetry,Telemetry::LOG,Log::WRITER_ASCII	0.0
1777932838.085691	zeek	counter	zeek_log_writer_discarded_writes_total	filter_name,module,path,stream,writer	default,LoadedScripts,loaded_scripts,LoadedScripts::LOG,Log::WRITER_ASCII	0.0
1777932838.085691	zeek	counter	zeek_log_writer_discarded_writes_total	filter_name,module,path,stream,writer	default,PacketFilter,packet_filter,PacketFilter::LOG,Log::WRITER_ASCII	0.0
1777932838.085691	zeek	counter	zeek_log_writer_truncated_string_fields_total	filter_name,module,path,stream,writer	default,Conn,conn,Conn::LOG,Log::WRITER_ASCII	0.0
1777932838.085691	zeek	counter	zeek_log_writer_truncated_string_fields_total	filter_name,module,path,stream,writer	default,CaptureLoss,capture_loss,CaptureLoss::LOG,Log::WRITER_ASCII	0.0
1777932838.085691	zeek	counter	zeek_log_writer_truncated_string_fields_total	filter_name,module,path,stream,writer	default,Notice,notice,Notice::LOG,Log::WRITER_ASCII	0.0
1777932838.085691	zeek	counter	zeek_log_writer_truncated_string_fields_total	filter_name,module,path,stream,writer	default,Known,known_services,Known::SERVICES_LOG,Log::WRITER_ASCII	0.0
1777932838.085691	zeek	counter	zeek_log_writer_truncated_string_fields_total	filter_name,module,path,stream,writer	default,Stats,stats,Stats::LOG,Log::WRITER_ASCII	0.0
1777932838.085691	zeek	counter	zeek_log_writer_truncated_string_fields_total	filter_name,module,path,stream,writer	default,Telemetry,telemetry,Telemetry::LOG,Log::WRITER_ASCII	0.0
1777932838.085691	zeek	counter	zeek_log_writer_truncated_string_fields_total	filter_name,module,path,stream,writer	default,LoadedScripts,loaded_scripts,LoadedScripts::LOG,Log::WRITER_ASCII	0.0
1777932838.085691	zeek	counter	zeek_log_writer_truncated_string_fields_total	filter_name,module,path,stream,writer	default,PacketFilter,packet_filter,PacketFilter::LOG,Log::WRITER_ASCII	0.0
1777932838.085691	zeek	counter	zeek_log_writer_truncated_containers_total	filter_name,module,path,stream,writer	default,Conn,conn,Conn::LOG,Log::WRITER_ASCII	0.0
1777932838.085691	zeek	counter	zeek_log_writer_truncated_containers_total	filter_name,module,path,stream,writer	default,CaptureLoss,capture_loss,CaptureLoss::LOG,Log::WRITER_ASCII	0.0
1777932838.085691	zeek	counter	zeek_log_writer_truncated_containers_total	filter_name,module,path,stream,writer	default,Notice,notice,Notice::LOG,Log::WRITER_ASCII	0.0
1777932838.085691	zeek	counter	zeek_log_writer_truncated_containers_total	filter_name,module,path,stream,writer	default,Known,known_services,Known::SERVICES_LOG,Log::WRITER_ASCII	0.0
1777932838.085691	zeek	counter	zeek_log_writer_truncated_containers_total	filter_name,module,path,stream,writer	default,Stats,stats,Stats::LOG,Log::WRITER_ASCII	0.0
1777932838.085691	zeek	counter	zeek_log_writer_truncated_containers_total	filter_name,module,path,stream,writer	default,Telemetry,telemetry,Telemetry::LOG,Log::WRITER_ASCII	0.0
1777932838.085691	zeek	counter	zeek_log_writer_truncated_containers_total	filter_name,module,path,stream,writer	default,LoadedScripts,loaded_scripts,LoadedScripts::LOG,Log::WRITER_ASCII	0.0
1777932838.085691	zeek	counter	zeek_log_writer_truncated_containers_total	filter_name,module,path,stream,writer	default,PacketFilter,packet_filter,PacketFilter::LOG,Log::WRITER_ASCII	0.0
1777932838.085691	zeek	counter	zeek_net_received_bytes_total	(empty)	(empty)	8865202.0
1777932838.085691	zeek	counter	zeek_net_received_packets_total	(empty)	(empty)	41599.0
1777932838.085691	zeek	counter	zeek_net_dropped_packets_total	(empty)	(empty)	0.0
1777932838.085691	zeek	counter	zeek_net_link_packets_total	(empty)	(empty)	41599.0
1777932838.085691	zeek	counter	zeek_msgthread_threads_total	(empty)	(empty)	8.0
1777932838.085691	zeek	counter	zeek_msgthread_in_messages_total	(empty)	(empty)	44.0
1777932838.085691	zeek	counter	zeek_msgthread_out_messages_total	(empty)	(empty)	0.0
1777932838.085691	zeek	counter	zeek_cluster_core_outgoing_events_total	(empty)	(empty)	0.0
1777932838.085691	zeek	counter	zeek_cluster_core_incoming_events_total	(empty)	(empty)	0.0
1777932838.085691	zeek	counter	zeek_broker_incoming_events_total	(empty)	(empty)	0.0
1777932838.085691	zeek	counter	zeek_broker_outgoing_events_total	(empty)	(empty)	0.0
1777932838.085691	zeek	counter	zeek_broker_incoming_logs_total	(empty)	(empty)	0.0
1777932838.085691	zeek	counter	zeek_broker_outgoing_logs_total	(empty)	(empty)	0.0
1777932838.085691	zeek	counter	zeek_broker_incoming_ids_total	(empty)	(empty)	0.0
1777932838.085691	zeek	counter	zeek_broker_outgoing_ids_total	(empty)	(empty)	0.0
1777932838.085691	zeek	counter	zeek_timers_total	(empty)	(empty)	6349.0
1777932838.085691	zeek	counter	zeek_dnsmgr_requests_total	(empty)	(empty)	0.0
1777932838.085691	zeek	counter	zeek_dnsmgr_successful_requests_total	(empty)	(empty)	0.0
1777932838.085691	zeek	counter	zeek_dnsmgr_failed_requests_total	(empty)	(empty)	0.0
1777932838.085691	zeek	counter	zeek_triggers_total	(empty)	(empty)	0.0
1777932838.085691	zeek	counter	zeek_ended_sessions_total	reason	inactivity	13.0
1777932838.085691	zeek	counter	zeek_event_handler_invocations_total	name	connection_state_remove	13.0
1777932838.085691	zeek	counter	zeek_event_handler_invocations_total	name	zeek_init	1.0
1777932838.085691	zeek	counter	zeek_event_handler_invocations_total	name	Telemetry::log	17.0
1777932838.085691	zeek	counter	zeek_event_handler_invocations_total	name	NetControl::init	1.0
1777932838.085691	zeek	counter	zeek_event_handler_invocations_total	name	ChecksumOffloading::check	2.0
1777932838.085691	zeek	counter	zeek_event_handler_invocations_total	name	grab_vulnerable_versions	2.0
1777932838.085691	zeek	counter	zeek_event_handler_invocations_total	name	filter_change_tracking	5.0
1777932838.085691	zeek	counter	zeek_event_handler_invocations_total	name	Broker::log_flush	957.0
1777932838.085691	zeek	counter	zeek_event_handler_invocations_total	name	known_service_add	1.0
1777932838.085691	zeek	counter	zeek_event_handler_invocations_total	name	zeek_script_loaded	538.0
1777932838.085691	zeek	counter	zeek_event_handler_invocations_total	name	new_connection	13.0
1777932838.085691	zeek	counter	zeek_event_handler_invocations_total	name	check_stats	4.0
1777932838.085691	zeek	counter	zeek_event_handler_invocations_total	name	CaptureLoss::take_measurement	3.0
1777932838.085691	zeek	counter	zeek_event_handler_invocations_total	name	net_stats_update	4.0
1777932838.085691	zeek	counter	zeek_event_handler_invocations_total	name	service_info_commit	2.0
1777932838.085691	zeek	counter	zeek_event_handler_invocations_total	name	SumStats::finish_epoch	3.0
1777932838.085691	zeek	counter	zeek_total_sessions_total	protocol	icmp	8.0
1777932838.085691	zeek	counter	zeek_total_sessions_total	protocol	udp	5.0
1777932838.085691	zeek	counter	zeek_total_sessions_total	protocol	tcp	0.0
1777932838.085691	zeek	gauge	zeek_version_info	beta,commit,debug,major,minor,patch,version_number,version_string	false,0,false,8,1,2,80102,8.1.2	1.0
1777932838.085691	zeek	gauge	zeek_net_packet_lag_seconds	(empty)	(empty)	0.002561
1777932838.085691	zeek	gauge	zeek_net_timestamp_seconds	(empty)	(empty)	1777932838.085691
1777932838.085691	zeek	gauge	zeek_msgthread_active_threads	(empty)	(empty)	8.0
1777932838.085691	zeek	gauge	zeek_msgthread_pending_in_messages	(empty)	(empty)	0.0
1777932838.085691	zeek	gauge	zeek_msgthread_pending_out_messages	(empty)	(empty)	0.0
1777932838.085691	zeek	gauge	zeek_msgthread_pending_messages_in_buckets	leq	inf	8.0
1777932838.085691	zeek	gauge	zeek_msgthread_pending_messages_in_buckets	leq	10000	8.0
1777932838.085691	zeek	gauge	zeek_msgthread_pending_messages_in_buckets	leq	1000	8.0
1777932838.085691	zeek	gauge	zeek_msgthread_pending_messages_in_buckets	leq	100	8.0
1777932838.085691	zeek	gauge	zeek_msgthread_pending_messages_in_buckets	leq	10	8.0
1777932838.085691	zeek	gauge	zeek_msgthread_pending_messages_in_buckets	leq	1	8.0
1777932838.085691	zeek	gauge	zeek_msgthread_pending_messages_out_buckets	leq	inf	8.0
1777932838.085691	zeek	gauge	zeek_msgthread_pending_messages_out_buckets	leq	10000	8.0
1777932838.085691	zeek	gauge	zeek_msgthread_pending_messages_out_buckets	leq	1000	8.0
1777932838.085691	zeek	gauge	zeek_msgthread_pending_messages_out_buckets	leq	100	8.0
1777932838.085691	zeek	gauge	zeek_msgthread_pending_messages_out_buckets	leq	10	8.0
1777932838.085691	zeek	gauge	zeek_msgthread_pending_messages_out_buckets	leq	1	8.0
1777932838.085691	zeek	gauge	zeek_broker_peers	(empty)	(empty)	0.0
1777932838.085691	zeek	gauge	zeek_broker_stores	(empty)	(empty)	1.0
1777932838.085691	zeek	gauge	zeek_broker_pending_queries	(empty)	(empty)	0.0
1777932838.085691	zeek	gauge	zeek_timers_lag_time_seconds	(empty)	(empty)	0.000118
1777932838.085691	zeek	gauge	zeek_timers_pending	type	LogDelayExpire	0.0
1777932838.085691	zeek	gauge	zeek_timers_pending	type	ThreadHeartbeat	1.0
1777932838.085691	zeek	gauge	zeek_timers_pending	type	TimerMgrExpireTimer	0.0
1777932838.085691	zeek	gauge	zeek_timers_pending	type	ParentProcessIDCheck	0.0
1777932838.085691	zeek	gauge	zeek_timers_pending	type	FragTimer	0.0
1777932838.085691	zeek	gauge	zeek_timers_pending	type	RotateTimer	0.0
1777932838.085691	zeek	gauge	zeek_timers_pending	type	FlowWeirdTimer	0.0
1777932838.085691	zeek	gauge	zeek_timers_pending	type	FileAnalysisInactivityTimer	0.0
1777932838.085691	zeek	gauge	zeek_timers_pending	type	StorageExpire	1.0
1777932838.085691	zeek	gauge	zeek_timers_pending	type	ConnectionInactivityTimer	0.0
1777932838.085691	zeek	gauge	zeek_timers_pending	type	TCPConnectionExpireTimer	0.0
1777932838.085691	zeek	gauge	zeek_timers_pending	type	ConnectionStatusUpdateTimer	0.0
1777932838.085691	zeek	gauge	zeek_timers_pending	type	LogFlushWriteBufferTimer	1.0
1777932838.085691	zeek	gauge	zeek_timers_pending	type	NetWeirdTimer	0.0
1777932838.085691	zeek	gauge	zeek_timers_pending	type	InterconnTimer	0.0
1777932838.085691	zeek	gauge	zeek_timers_pending	type	IPTunnelInactivityTimer	0.0
1777932838.085691	zeek	gauge	zeek_timers_pending	type	DNSExpireTimer	0.0
1777932838.085691	zeek	gauge	zeek_timers_pending	type	UnknownProtocolExpire	0.0
1777932838.085691	zeek	gauge	zeek_timers_pending	type	ProfileTimer	0.0
1777932838.085691	zeek	gauge	zeek_timers_pending	type	ConnectionExpireTimer	0.0
1777932838.085691	zeek	gauge	zeek_timers_pending	type	BreakpointTimer	0.0
1777932838.085691	zeek	gauge	zeek_timers_pending	type	BackdoorTimer	0.0
1777932838.085691	zeek	gauge	zeek_timers_pending	type	NetbiosExpireTimer	0.0
1777932838.085691	zeek	gauge	zeek_timers_pending	type	NetworkTimer	0.0
1777932838.085691	zeek	gauge	zeek_timers_pending	type	RemoveConnection	0.0
1777932838.085691	zeek	gauge	zeek_timers_pending	type	TCPConnectionResetTimer	0.0
1777932838.085691	zeek	gauge	zeek_timers_pending	type	ConnTupleWeirdTimer	0.0
1777932838.085691	zeek	gauge	zeek_timers_pending	type	TCPConnectionDeleteTimer	0.0
1777932838.085691	zeek	gauge	zeek_timers_pending	type	ScheduleTimer	6.0
1777932838.085691	zeek	gauge	zeek_timers_pending	type	NTPExpireTimer	0.0
1777932838.085691	zeek	gauge	zeek_timers_pending	type	RPCExpireTimer	0.0
1777932838.085691	zeek	gauge	zeek_timers_pending	type	ConnectionDeleteTimer	0.0
1777932838.085691	zeek	gauge	zeek_timers_pending	type	TriggerTimer	0.0
1777932838.085691	zeek	gauge	zeek_timers_pending	type	TableValTimer	34.0
1777932838.085691	zeek	gauge	zeek_timers_pending	type	TCPConnectionAttemptTimer	0.0
1777932838.085691	zeek	gauge	zeek_timers_pending	type	TCPConnectionPartialClose	0.0
1777932838.085691	zeek	gauge	zeek_dnsmgr_pending_asyncs_requests	(empty)	(empty)	0.0
1777932838.085691	zeek	gauge	zeek_dnsmgr_cache_entries	type	text	0.0
1777932838.085691	zeek	gauge	zeek_dnsmgr_cache_entries	type	address	0.0
1777932838.085691	zeek	gauge	zeek_dnsmgr_cache_entries	type	host	0.0
1777932838.085691	zeek	gauge	zeek_pending_triggers	(empty)	(empty)	0.0
1777932838.085691	zeek	gauge	zeek_active_sessions	protocol	icmp	0.0
1777932838.085691	zeek	gauge	zeek_active_sessions	protocol	udp	0.0
1777932838.085691	zeek	gauge	zeek_active_sessions	protocol	tcp	0.0
1777932898.086708	zeek	counter	process_cpu_user_seconds_total	(empty)	(empty)	3.84
1777932898.086708	zeek	counter	process_cpu_system_seconds_total	(empty)	(empty)	2.11
1777932898.086708	zeek	gauge	process_resident_memory_bytes	(empty)	(empty)	283303936.0
1777932898.086708	zeek	gauge	process_virtual_memory_bytes	(empty)	(empty)	1618886656.0
1777932898.086708	zeek	gauge	process_open_fds	(empty)	(empty)	46.0
1777932898.086708	zeek	gauge	process_start_time_seconds	(empty)	(empty)	1777931877.626113
1777932898.086708	zeek	counter	zeek_log_stream_writes_total	module,stream	Known,Known::SERVICES_LOG	1.0
1777932898.086708	zeek	counter	zeek_log_stream_writes_total	module,stream	Conn,Conn::LOG	13.0
1777932898.086708	zeek	counter	zeek_log_stream_writes_total	module,stream	CaptureLoss,CaptureLoss::LOG	2.0
1777932898.086708	zeek	counter	zeek_log_stream_writes_total	module,stream	Notice,Notice::LOG	2.0
1777932898.086708	zeek	counter	zeek_log_stream_writes_total	module,stream	Stats,Stats::LOG	4.0
1777932898.086708	zeek	counter	zeek_log_stream_writes_total	module,stream	Telemetry,Telemetry::LOG	2449.0
1777932898.086708	zeek	counter	zeek_log_stream_writes_total	module,stream	LoadedScripts,LoadedScripts::LOG	538.0
1777932898.086708	zeek	counter	zeek_log_stream_writes_total	module,stream	PacketFilter,PacketFilter::LOG	1.0
1777932898.086708	zeek	counter	zeek_log_writer_writes_total	filter_name,module,path,stream,writer	default,Conn,conn,Conn::LOG,Log::WRITER_ASCII	13.0
1777932898.086708	zeek	counter	zeek_log_writer_writes_total	filter_name,module,path,stream,writer	default,CaptureLoss,capture_loss,CaptureLoss::LOG,Log::WRITER_ASCII	2.0
1777932898.086708	zeek	counter	zeek_log_writer_writes_total	filter_name,module,path,stream,writer	default,Notice,notice,Notice::LOG,Log::WRITER_ASCII	2.0
1777932898.086708	zeek	counter	zeek_log_writer_writes_total	filter_name,module,path,stream,writer	default,Known,known_services,Known::SERVICES_LOG,Log::WRITER_ASCII	1.0
1777932898.086708	zeek	counter	zeek_log_writer_writes_total	filter_name,module,path,stream,writer	default,Stats,stats,Stats::LOG,Log::WRITER_ASCII	4.0
1777932898.086708	zeek	counter	zeek_log_writer_writes_total	filter_name,module,path,stream,writer	default,Telemetry,telemetry,Telemetry::LOG,Log::WRITER_ASCII	2449.0
1777932898.086708	zeek	counter	zeek_log_writer_writes_total	filter_name,module,path,stream,writer	default,LoadedScripts,loaded_scripts,LoadedScripts::LOG,Log::WRITER_ASCII	538.0
1777932898.086708	zeek	counter	zeek_log_writer_writes_total	filter_name,module,path,stream,writer	default,PacketFilter,packet_filter,PacketFilter::LOG,Log::WRITER_ASCII	1.0
1777932898.086708	zeek	counter	zeek_log_writer_discarded_writes_total	filter_name,module,path,stream,writer	default,Conn,conn,Conn::LOG,Log::WRITER_ASCII	0.0
1777932898.086708	zeek	counter	zeek_log_writer_discarded_writes_total	filter_name,module,path,stream,writer	default,CaptureLoss,capture_loss,CaptureLoss::LOG,Log::WRITER_ASCII	0.0
1777932898.086708	zeek	counter	zeek_log_writer_discarded_writes_total	filter_name,module,path,stream,writer	default,Notice,notice,Notice::LOG,Log::WRITER_ASCII	0.0
1777932898.086708	zeek	counter	zeek_log_writer_discarded_writes_total	filter_name,module,path,stream,writer	default,Known,known_services,Known::SERVICES_LOG,Log::WRITER_ASCII	0.0
1777932898.086708	zeek	counter	zeek_log_writer_discarded_writes_total	filter_name,module,path,stream,writer	default,Stats,stats,Stats::LOG,Log::WRITER_ASCII	0.0
1777932898.086708	zeek	counter	zeek_log_writer_discarded_writes_total	filter_name,module,path,stream,writer	default,Telemetry,telemetry,Telemetry::LOG,Log::WRITER_ASCII	0.0
1777932898.086708	zeek	counter	zeek_log_writer_discarded_writes_total	filter_name,module,path,stream,writer	default,LoadedScripts,loaded_scripts,LoadedScripts::LOG,Log::WRITER_ASCII	0.0
1777932898.086708	zeek	counter	zeek_log_writer_discarded_writes_total	filter_name,module,path,stream,writer	default,PacketFilter,packet_filter,PacketFilter::LOG,Log::WRITER_ASCII	0.0
1777932898.086708	zeek	counter	zeek_log_writer_truncated_string_fields_total	filter_name,module,path,stream,writer	default,Conn,conn,Conn::LOG,Log::WRITER_ASCII	0.0
1777932898.086708	zeek	counter	zeek_log_writer_truncated_string_fields_total	filter_name,module,path,stream,writer	default,CaptureLoss,capture_loss,CaptureLoss::LOG,Log::WRITER_ASCII	0.0
1777932898.086708	zeek	counter	zeek_log_writer_truncated_string_fields_total	filter_name,module,path,stream,writer	default,Notice,notice,Notice::LOG,Log::WRITER_ASCII	0.0
1777932898.086708	zeek	counter	zeek_log_writer_truncated_string_fields_total	filter_name,module,path,stream,writer	default,Known,known_services,Known::SERVICES_LOG,Log::WRITER_ASCII	0.0
1777932898.086708	zeek	counter	zeek_log_writer_truncated_string_fields_total	filter_name,module,path,stream,writer	default,Stats,stats,Stats::LOG,Log::WRITER_ASCII	0.0
1777932898.086708	zeek	counter	zeek_log_writer_truncated_string_fields_total	filter_name,module,path,stream,writer	default,Telemetry,telemetry,Telemetry::LOG,Log::WRITER_ASCII	0.0
1777932898.086708	zeek	counter	zeek_log_writer_truncated_string_fields_total	filter_name,module,path,stream,writer	default,LoadedScripts,loaded_scripts,LoadedScripts::LOG,Log::WRITER_ASCII	0.0
1777932898.086708	zeek	counter	zeek_log_writer_truncated_string_fields_total	filter_name,module,path,stream,writer	default,PacketFilter,packet_filter,PacketFilter::LOG,Log::WRITER_ASCII	0.0
1777932898.086708	zeek	counter	zeek_log_writer_truncated_containers_total	filter_name,module,path,stream,writer	default,Conn,conn,Conn::LOG,Log::WRITER_ASCII	0.0
1777932898.086708	zeek	counter	zeek_log_writer_truncated_containers_total	filter_name,module,path,stream,writer	default,CaptureLoss,capture_loss,CaptureLoss::LOG,Log::WRITER_ASCII	0.0
1777932898.086708	zeek	counter	zeek_log_writer_truncated_containers_total	filter_name,module,path,stream,writer	default,Notice,notice,Notice::LOG,Log::WRITER_ASCII	0.0
1777932898.086708	zeek	counter	zeek_log_writer_truncated_containers_total	filter_name,module,path,stream,writer	default,Known,known_services,Known::SERVICES_LOG,Log::WRITER_ASCII	0.0
1777932898.086708	zeek	counter	zeek_log_writer_truncated_containers_total	filter_name,module,path,stream,writer	default,Stats,stats,Stats::LOG,Log::WRITER_ASCII	0.0
1777932898.086708	zeek	counter	zeek_log_writer_truncated_containers_total	filter_name,module,path,stream,writer	default,Telemetry,telemetry,Telemetry::LOG,Log::WRITER_ASCII	0.0
1777932898.086708	zeek	counter	zeek_log_writer_truncated_containers_total	filter_name,module,path,stream,writer	default,LoadedScripts,loaded_scripts,LoadedScripts::LOG,Log::WRITER_ASCII	0.0
1777932898.086708	zeek	counter	zeek_log_writer_truncated_containers_total	filter_name,module,path,stream,writer	default,PacketFilter,packet_filter,PacketFilter::LOG,Log::WRITER_ASCII	0.0
1777932898.086708	zeek	counter	zeek_net_received_bytes_total	(empty)	(empty)	8865202.0
1777932898.086708	zeek	counter	zeek_net_received_packets_total	(empty)	(empty)	41599.0
1777932898.086708	zeek	counter	zeek_net_dropped_packets_total	(empty)	(empty)	0.0
1777932898.086708	zeek	counter	zeek_net_link_packets_total	(empty)	(empty)	41599.0
1777932898.086708	zeek	counter	zeek_msgthread_threads_total	(empty)	(empty)	8.0
1777932898.086708	zeek	counter	zeek_msgthread_in_messages_total	(empty)	(empty)	45.0
1777932898.086708	zeek	counter	zeek_msgthread_out_messages_total	(empty)	(empty)	0.0
1777932898.086708	zeek	counter	zeek_cluster_core_outgoing_events_total	(empty)	(empty)	0.0
1777932898.086708	zeek	counter	zeek_cluster_core_incoming_events_total	(empty)	(empty)	0.0
1777932898.086708	zeek	counter	zeek_broker_incoming_events_total	(empty)	(empty)	0.0
1777932898.086708	zeek	counter	zeek_broker_outgoing_events_total	(empty)	(empty)	0.0
1777932898.086708	zeek	counter	zeek_broker_incoming_logs_total	(empty)	(empty)	0.0
1777932898.086708	zeek	counter	zeek_broker_outgoing_logs_total	(empty)	(empty)	0.0
1777932898.086708	zeek	counter	zeek_broker_incoming_ids_total	(empty)	(empty)	0.0
1777932898.086708	zeek	counter	zeek_broker_outgoing_ids_total	(empty)	(empty)	0.0
1777932898.086708	zeek	counter	zeek_timers_total	(empty)	(empty)	6735.0
1777932898.086708	zeek	counter	zeek_dnsmgr_requests_total	(empty)	(empty)	0.0
1777932898.086708	zeek	counter	zeek_dnsmgr_successful_requests_total	(empty)	(empty)	0.0
1777932898.086708	zeek	counter	zeek_dnsmgr_failed_requests_total	(empty)	(empty)	0.0
1777932898.086708	zeek	counter	zeek_triggers_total	(empty)	(empty)	0.0
1777932898.086708	zeek	counter	zeek_ended_sessions_total	reason	inactivity	13.0
1777932898.086708	zeek	counter	zeek_event_handler_invocations_total	name	connection_state_remove	13.0
1777932898.086708	zeek	counter	zeek_event_handler_invocations_total	name	zeek_init	1.0
1777932898.086708	zeek	counter	zeek_event_handler_invocations_total	name	Telemetry::log	18.0
1777932898.086708	zeek	counter	zeek_event_handler_invocations_total	name	NetControl::init	1.0
1777932898.086708	zeek	counter	zeek_event_handler_invocations_total	name	ChecksumOffloading::check	2.0
1777932898.086708	zeek	counter	zeek_event_handler_invocations_total	name	grab_vulnerable_versions	2.0
1777932898.086708	zeek	counter	zeek_event_handler_invocations_total	name	filter_change_tracking	5.0
1777932898.086708	zeek	counter	zeek_event_handler_invocations_total	name	Broker::log_flush	1016.0
1777932898.086708	zeek	counter	zeek_event_handler_invocations_total	name	known_service_add	1.0
1777932898.086708	zeek	counter	zeek_event_handler_invocations_total	name	zeek_script_loaded	538.0
1777932898.086708	zeek	counter	zeek_event_handler_invocations_total	name	new_connection	13.0
1777932898.086708	zeek	counter	zeek_event_handler_invocations_total	name	check_stats	4.0
1777932898.086708	zeek	counter	zeek_event_handler_invocations_total	name	CaptureLoss::take_measurement	3.0
1777932898.086708	zeek	counter	zeek_event_handler_invocations_total	name	net_stats_update	4.0
1777932898.086708	zeek	counter	zeek_event_handler_invocations_total	name	service_info_commit	2.0
1777932898.086708	zeek	counter	zeek_event_handler_invocations_total	name	SumStats::finish_epoch	3.0
1777932898.086708	zeek	counter	zeek_total_sessions_total	protocol	icmp	8.0
1777932898.086708	zeek	counter	zeek_total_sessions_total	protocol	udp	5.0
1777932898.086708	zeek	counter	zeek_total_sessions_total	protocol	tcp	0.0
1777932898.086708	zeek	gauge	zeek_version_info	beta,commit,debug,major,minor,patch,version_number,version_string	false,0,false,8,1,2,80102,8.1.2	1.0
1777932898.086708	zeek	gauge	zeek_net_packet_lag_seconds	(empty)	(empty)	0.001306
1777932898.086708	zeek	gauge	zeek_net_timestamp_seconds	(empty)	(empty)	1777932898.086708
1777932898.086708	zeek	gauge	zeek_msgthread_active_threads	(empty)	(empty)	8.0
1777932898.086708	zeek	gauge	zeek_msgthread_pending_in_messages	(empty)	(empty)	0.0
1777932898.086708	zeek	gauge	zeek_msgthread_pending_out_messages	(empty)	(empty)	0.0
1777932898.086708	zeek	gauge	zeek_msgthread_pending_messages_in_buckets	leq	inf	8.0
1777932898.086708	zeek	gauge	zeek_msgthread_pending_messages_in_buckets	leq	10000	8.0
1777932898.086708	zeek	gauge	zeek_msgthread_pending_messages_in_buckets	leq	1000	8.0
1777932898.086708	zeek	gauge	zeek_msgthread_pending_messages_in_buckets	leq	100	8.0
1777932898.086708	zeek	gauge	zeek_msgthread_pending_messages_in_buckets	leq	10	8.0
1777932898.086708	zeek	gauge	zeek_msgthread_pending_messages_in_buckets	leq	1	8.0
1777932898.086708	zeek	gauge	zeek_msgthread_pending_messages_out_buckets	leq	inf	8.0
1777932898.086708	zeek	gauge	zeek_msgthread_pending_messages_out_buckets	leq	10000	8.0
1777932898.086708	zeek	gauge	zeek_msgthread_pending_messages_out_buckets	leq	1000	8.0
1777932898.086708	zeek	gauge	zeek_msgthread_pending_messages_out_buckets	leq	100	8.0
1777932898.086708	zeek	gauge	zeek_msgthread_pending_messages_out_buckets	leq	10	8.0
1777932898.086708	zeek	gauge	zeek_msgthread_pending_messages_out_buckets	leq	1	8.0
1777932898.086708	zeek	gauge	zeek_broker_peers	(empty)	(empty)	0.0
1777932898.086708	zeek	gauge	zeek_broker_stores	(empty)	(empty)	1.0
1777932898.086708	zeek	gauge	zeek_broker_pending_queries	(empty)	(empty)	0.0
1777932898.086708	zeek	gauge	zeek_timers_lag_time_seconds	(empty)	(empty)	0.001017
1777932898.086708	zeek	gauge	zeek_timers_pending	type	LogDelayExpire	0.0
1777932898.086708	zeek	gauge	zeek_timers_pending	type	ThreadHeartbeat	1.0
1777932898.086708	zeek	gauge	zeek_timers_pending	type	TimerMgrExpireTimer	0.0
1777932898.086708	zeek	gauge	zeek_timers_pending	type	ParentProcessIDCheck	0.0
1777932898.086708	zeek	gauge	zeek_timers_pending	type	FragTimer	0.0
1777932898.086708	zeek	gauge	zeek_timers_pending	type	RotateTimer	0.0
1777932898.086708	zeek	gauge	zeek_timers_pending	type	FlowWeirdTimer	0.0
1777932898.086708	zeek	gauge	zeek_timers_pending	type	FileAnalysisInactivityTimer	0.0
1777932898.086708	zeek	gauge	zeek_timers_pending	type	StorageExpire	1.0
1777932898.086708	zeek	gauge	zeek_timers_pending	type	ConnectionInactivityTimer	0.0
1777932898.086708	zeek	gauge	zeek_timers_pending	type	TCPConnectionExpireTimer	0.0
1777932898.086708	zeek	gauge	zeek_timers_pending	type	ConnectionStatusUpdateTimer	0.0
1777932898.086708	zeek	gauge	zeek_timers_pending	type	LogFlushWriteBufferTimer	1.0
1777932898.086708	zeek	gauge	zeek_timers_pending	type	NetWeirdTimer	0.0
1777932898.086708	zeek	gauge	zeek_timers_pending	type	InterconnTimer	0.0
1777932898.086708	zeek	gauge	zeek_timers_pending	type	IPTunnelInactivityTimer	0.0
1777932898.086708	zeek	gauge	zeek_timers_pending	type	DNSExpireTimer	0.0
1777932898.086708	zeek	gauge	zeek_timers_pending	type	UnknownProtocolExpire	0.0
1777932898.086708	zeek	gauge	zeek_timers_pending	type	ProfileTimer	0.0
1777932898.086708	zeek	gauge	zeek_timers_pending	type	ConnectionExpireTimer	0.0
1777932898.086708	zeek	gauge	zeek_timers_pending	type	BreakpointTimer	0.0
1777932898.086708	zeek	gauge	zeek_timers_pending	type	BackdoorTimer	0.0
1777932898.086708	zeek	gauge	zeek_timers_pending	type	NetbiosExpireTimer	0.0
1777932898.086708	zeek	gauge	zeek_timers_pending	type	NetworkTimer	0.0
1777932898.086708	zeek	gauge	zeek_timers_pending	type	RemoveConnection	0.0
1777932898.086708	zeek	gauge	zeek_timers_pending	type	TCPConnectionResetTimer	0.0
1777932898.086708	zeek	gauge	zeek_timers_pending	type	ConnTupleWeirdTimer	0.0
1777932898.086708	zeek	gauge	zeek_timers_pending	type	TCPConnectionDeleteTimer	0.0
1777932898.086708	zeek	gauge	zeek_timers_pending	type	ScheduleTimer	6.0
1777932898.086708	zeek	gauge	zeek_timers_pending	type	NTPExpireTimer	0.0
1777932898.086708	zeek	gauge	zeek_timers_pending	type	RPCExpireTimer	0.0
1777932898.086708	zeek	gauge	zeek_timers_pending	type	ConnectionDeleteTimer	0.0
1777932898.086708	zeek	gauge	zeek_timers_pending	type	TriggerTimer	0.0
1777932898.086708	zeek	gauge	zeek_timers_pending	type	TableValTimer	34.0
1777932898.086708	zeek	gauge	zeek_timers_pending	type	TCPConnectionAttemptTimer	0.0
1777932898.086708	zeek	gauge	zeek_timers_pending	type	TCPConnectionPartialClose	0.0
1777932898.086708	zeek	gauge	zeek_dnsmgr_pending_asyncs_requests	(empty)	(empty)	0.0
1777932898.086708	zeek	gauge	zeek_dnsmgr_cache_entries	type	text	0.0
1777932898.086708	zeek	gauge	zeek_dnsmgr_cache_entries	type	address	0.0
1777932898.086708	zeek	gauge	zeek_dnsmgr_cache_entries	type	host	0.0
1777932898.086708	zeek	gauge	zeek_pending_triggers	(empty)	(empty)	0.0
1777932898.086708	zeek	gauge	zeek_active_sessions	protocol	icmp	0.0
1777932898.086708	zeek	gauge	zeek_active_sessions	protocol	udp	0.0
1777932898.086708	zeek	gauge	zeek_active_sessions	protocol	tcp	0.0
1777932958.087712	zeek	counter	process_cpu_user_seconds_total	(empty)	(empty)	3.94
1777932958.087712	zeek	counter	process_cpu_system_seconds_total	(empty)	(empty)	2.13
1777932958.087712	zeek	gauge	process_resident_memory_bytes	(empty)	(empty)	283303936.0
1777932958.087712	zeek	gauge	process_virtual_memory_bytes	(empty)	(empty)	1618886656.0
1777932958.087712	zeek	gauge	process_open_fds	(empty)	(empty)	46.0
1777932958.087712	zeek	gauge	process_start_time_seconds	(empty)	(empty)	1777931877.626113
1777932958.087712	zeek	counter	zeek_log_stream_writes_total	module,stream	Known,Known::SERVICES_LOG	1.0
1777932958.087712	zeek	counter	zeek_log_stream_writes_total	module,stream	Conn,Conn::LOG	13.0
1777932958.087712	zeek	counter	zeek_log_stream_writes_total	module,stream	CaptureLoss,CaptureLoss::LOG	2.0
1777932958.087712	zeek	counter	zeek_log_stream_writes_total	module,stream	Notice,Notice::LOG	2.0
1777932958.087712	zeek	counter	zeek_log_stream_writes_total	module,stream	Stats,Stats::LOG	4.0
1777932958.087712	zeek	counter	zeek_log_stream_writes_total	module,stream	Telemetry,Telemetry::LOG	2601.0
1777932958.087712	zeek	counter	zeek_log_stream_writes_total	module,stream	LoadedScripts,LoadedScripts::LOG	538.0
1777932958.087712	zeek	counter	zeek_log_stream_writes_total	module,stream	PacketFilter,PacketFilter::LOG	1.0
1777932958.087712	zeek	counter	zeek_log_writer_writes_total	filter_name,module,path,stream,writer	default,Conn,conn,Conn::LOG,Log::WRITER_ASCII	13.0
1777932958.087712	zeek	counter	zeek_log_writer_writes_total	filter_name,module,path,stream,writer	default,CaptureLoss,capture_loss,CaptureLoss::LOG,Log::WRITER_ASCII	2.0
1777932958.087712	zeek	counter	zeek_log_writer_writes_total	filter_name,module,path,stream,writer	default,Notice,notice,Notice::LOG,Log::WRITER_ASCII	2.0
1777932958.087712	zeek	counter	zeek_log_writer_writes_total	filter_name,module,path,stream,writer	default,Known,known_services,Known::SERVICES_LOG,Log::WRITER_ASCII	1.0
1777932958.087712	zeek	counter	zeek_log_writer_writes_total	filter_name,module,path,stream,writer	default,Stats,stats,Stats::LOG,Log::WRITER_ASCII	4.0
1777932958.087712	zeek	counter	zeek_log_writer_writes_total	filter_name,module,path,stream,writer	default,Telemetry,telemetry,Telemetry::LOG,Log::WRITER_ASCII	2601.0
1777932958.087712	zeek	counter	zeek_log_writer_writes_total	filter_name,module,path,stream,writer	default,LoadedScripts,loaded_scripts,LoadedScripts::LOG,Log::WRITER_ASCII	538.0
1777932958.087712	zeek	counter	zeek_log_writer_writes_total	filter_name,module,path,stream,writer	default,PacketFilter,packet_filter,PacketFilter::LOG,Log::WRITER_ASCII	1.0
1777932958.087712	zeek	counter	zeek_log_writer_discarded_writes_total	filter_name,module,path,stream,writer	default,Conn,conn,Conn::LOG,Log::WRITER_ASCII	0.0
1777932958.087712	zeek	counter	zeek_log_writer_discarded_writes_total	filter_name,module,path,stream,writer	default,CaptureLoss,capture_loss,CaptureLoss::LOG,Log::WRITER_ASCII	0.0
1777932958.087712	zeek	counter	zeek_log_writer_discarded_writes_total	filter_name,module,path,stream,writer	default,Notice,notice,Notice::LOG,Log::WRITER_ASCII	0.0
1777932958.087712	zeek	counter	zeek_log_writer_discarded_writes_total	filter_name,module,path,stream,writer	default,Known,known_services,Known::SERVICES_LOG,Log::WRITER_ASCII	0.0
1777932958.087712	zeek	counter	zeek_log_writer_discarded_writes_total	filter_name,module,path,stream,writer	default,Stats,stats,Stats::LOG,Log::WRITER_ASCII	0.0
1777932958.087712	zeek	counter	zeek_log_writer_discarded_writes_total	filter_name,module,path,stream,writer	default,Telemetry,telemetry,Telemetry::LOG,Log::WRITER_ASCII	0.0
1777932958.087712	zeek	counter	zeek_log_writer_discarded_writes_total	filter_name,module,path,stream,writer	default,LoadedScripts,loaded_scripts,LoadedScripts::LOG,Log::WRITER_ASCII	0.0
1777932958.087712	zeek	counter	zeek_log_writer_discarded_writes_total	filter_name,module,path,stream,writer	default,PacketFilter,packet_filter,PacketFilter::LOG,Log::WRITER_ASCII	0.0
1777932958.087712	zeek	counter	zeek_log_writer_truncated_string_fields_total	filter_name,module,path,stream,writer	default,Conn,conn,Conn::LOG,Log::WRITER_ASCII	0.0
1777932958.087712	zeek	counter	zeek_log_writer_truncated_string_fields_total	filter_name,module,path,stream,writer	default,CaptureLoss,capture_loss,CaptureLoss::LOG,Log::WRITER_ASCII	0.0
1777932958.087712	zeek	counter	zeek_log_writer_truncated_string_fields_total	filter_name,module,path,stream,writer	default,Notice,notice,Notice::LOG,Log::WRITER_ASCII	0.0
1777932958.087712	zeek	counter	zeek_log_writer_truncated_string_fields_total	filter_name,module,path,stream,writer	default,Known,known_services,Known::SERVICES_LOG,Log::WRITER_ASCII	0.0
1777932958.087712	zeek	counter	zeek_log_writer_truncated_string_fields_total	filter_name,module,path,stream,writer	default,Stats,stats,Stats::LOG,Log::WRITER_ASCII	0.0
1777932958.087712	zeek	counter	zeek_log_writer_truncated_string_fields_total	filter_name,module,path,stream,writer	default,Telemetry,telemetry,Telemetry::LOG,Log::WRITER_ASCII	0.0
1777932958.087712	zeek	counter	zeek_log_writer_truncated_string_fields_total	filter_name,module,path,stream,writer	default,LoadedScripts,loaded_scripts,LoadedScripts::LOG,Log::WRITER_ASCII	0.0
1777932958.087712	zeek	counter	zeek_log_writer_truncated_string_fields_total	filter_name,module,path,stream,writer	default,PacketFilter,packet_filter,PacketFilter::LOG,Log::WRITER_ASCII	0.0
1777932958.087712	zeek	counter	zeek_log_writer_truncated_containers_total	filter_name,module,path,stream,writer	default,Conn,conn,Conn::LOG,Log::WRITER_ASCII	0.0
1777932958.087712	zeek	counter	zeek_log_writer_truncated_containers_total	filter_name,module,path,stream,writer	default,CaptureLoss,capture_loss,CaptureLoss::LOG,Log::WRITER_ASCII	0.0
1777932958.087712	zeek	counter	zeek_log_writer_truncated_containers_total	filter_name,module,path,stream,writer	default,Notice,notice,Notice::LOG,Log::WRITER_ASCII	0.0
1777932958.087712	zeek	counter	zeek_log_writer_truncated_containers_total	filter_name,module,path,stream,writer	default,Known,known_services,Known::SERVICES_LOG,Log::WRITER_ASCII	0.0
1777932958.087712	zeek	counter	zeek_log_writer_truncated_containers_total	filter_name,module,path,stream,writer	default,Stats,stats,Stats::LOG,Log::WRITER_ASCII	0.0
1777932958.087712	zeek	counter	zeek_log_writer_truncated_containers_total	filter_name,module,path,stream,writer	default,Telemetry,telemetry,Telemetry::LOG,Log::WRITER_ASCII	0.0
1777932958.087712	zeek	counter	zeek_log_writer_truncated_containers_total	filter_name,module,path,stream,writer	default,LoadedScripts,loaded_scripts,LoadedScripts::LOG,Log::WRITER_ASCII	0.0
1777932958.087712	zeek	counter	zeek_log_writer_truncated_containers_total	filter_name,module,path,stream,writer	default,PacketFilter,packet_filter,PacketFilter::LOG,Log::WRITER_ASCII	0.0
1777932958.087712	zeek	counter	zeek_net_received_bytes_total	(empty)	(empty)	8865202.0
1777932958.087712	zeek	counter	zeek_net_received_packets_total	(empty)	(empty)	41599.0
1777932958.087712	zeek	counter	zeek_net_dropped_packets_total	(empty)	(empty)	0.0
1777932958.087712	zeek	counter	zeek_net_link_packets_total	(empty)	(empty)	41599.0
1777932958.087712	zeek	counter	zeek_msgthread_threads_total	(empty)	(empty)	8.0
1777932958.087712	zeek	counter	zeek_msgthread_in_messages_total	(empty)	(empty)	46.0
1777932958.087712	zeek	counter	zeek_msgthread_out_messages_total	(empty)	(empty)	0.0
1777932958.087712	zeek	counter	zeek_cluster_core_outgoing_events_total	(empty)	(empty)	0.0
1777932958.087712	zeek	counter	zeek_cluster_core_incoming_events_total	(empty)	(empty)	0.0
1777932958.087712	zeek	counter	zeek_broker_incoming_events_total	(empty)	(empty)	0.0
1777932958.087712	zeek	counter	zeek_broker_outgoing_events_total	(empty)	(empty)	0.0
1777932958.087712	zeek	counter	zeek_broker_incoming_logs_total	(empty)	(empty)	0.0
1777932958.087712	zeek	counter	zeek_broker_outgoing_logs_total	(empty)	(empty)	0.0
1777932958.087712	zeek	counter	zeek_broker_incoming_ids_total	(empty)	(empty)	0.0
1777932958.087712	zeek	counter	zeek_broker_outgoing_ids_total	(empty)	(empty)	0.0
1777932958.087712	zeek	counter	zeek_timers_total	(empty)	(empty)	7124.0
1777932958.087712	zeek	counter	zeek_dnsmgr_requests_total	(empty)	(empty)	0.0
1777932958.087712	zeek	counter	zeek_dnsmgr_successful_requests_total	(empty)	(empty)	0.0
1777932958.087712	zeek	counter	zeek_dnsmgr_failed_requests_total	(empty)	(empty)	0.0
1777932958.087712	zeek	counter	zeek_triggers_total	(empty)	(empty)	0.0
1777932958.087712	zeek	counter	zeek_ended_sessions_total	reason	inactivity	13.0
1777932958.087712	zeek	counter	zeek_event_handler_invocations_total	name	connection_state_remove	13.0
1777932958.087712	zeek	counter	zeek_event_handler_invocations_total	name	zeek_init	1.0
1777932958.087712	zeek	counter	zeek_event_handler_invocations_total	name	Telemetry::log	19.0
1777932958.087712	zeek	counter	zeek_event_handler_invocations_total	name	NetControl::init	1.0
1777932958.087712	zeek	counter	zeek_event_handler_invocations_total	name	ChecksumOffloading::check	2.0
1777932958.087712	zeek	counter	zeek_event_handler_invocations_total	name	grab_vulnerable_versions	2.0
1777932958.087712	zeek	counter	zeek_event_handler_invocations_total	name	filter_change_tracking	5.0
1777932958.087712	zeek	counter	zeek_event_handler_invocations_total	name	Broker::log_flush	1076.0
1777932958.087712	zeek	counter	zeek_event_handler_invocations_total	name	known_service_add	1.0
1777932958.087712	zeek	counter	zeek_event_handler_invocations_total	name	zeek_script_loaded	538.0
1777932958.087712	zeek	counter	zeek_event_handler_invocations_total	name	new_connection	13.0
1777932958.087712	zeek	counter	zeek_event_handler_invocations_total	name	check_stats	4.0
1777932958.087712	zeek	counter	zeek_event_handler_invocations_total	name	CaptureLoss::take_measurement	3.0
1777932958.087712	zeek	counter	zeek_event_handler_invocations_total	name	net_stats_update	4.0
1777932958.087712	zeek	counter	zeek_event_handler_invocations_total	name	service_info_commit	2.0
1777932958.087712	zeek	counter	zeek_event_handler_invocations_total	name	SumStats::finish_epoch	3.0
1777932958.087712	zeek	counter	zeek_total_sessions_total	protocol	icmp	8.0
1777932958.087712	zeek	counter	zeek_total_sessions_total	protocol	udp	5.0
1777932958.087712	zeek	counter	zeek_total_sessions_total	protocol	tcp	0.0
1777932958.087712	zeek	gauge	zeek_version_info	beta,commit,debug,major,minor,patch,version_number,version_string	false,0,false,8,1,2,80102,8.1.2	1.0
1777932958.087712	zeek	gauge	zeek_net_packet_lag_seconds	(empty)	(empty)	0.003451
1777932958.087712	zeek	gauge	zeek_net_timestamp_seconds	(empty)	(empty)	1777932958.087712
1777932958.087712	zeek	gauge	zeek_msgthread_active_threads	(empty)	(empty)	8.0
1777932958.087712	zeek	gauge	zeek_msgthread_pending_in_messages	(empty)	(empty)	0.0
1777932958.087712	zeek	gauge	zeek_msgthread_pending_out_messages	(empty)	(empty)	0.0
1777932958.087712	zeek	gauge	zeek_msgthread_pending_messages_in_buckets	leq	inf	8.0
1777932958.087712	zeek	gauge	zeek_msgthread_pending_messages_in_buckets	leq	10000	8.0
1777932958.087712	zeek	gauge	zeek_msgthread_pending_messages_in_buckets	leq	1000	8.0
1777932958.087712	zeek	gauge	zeek_msgthread_pending_messages_in_buckets	leq	100	8.0
1777932958.087712	zeek	gauge	zeek_msgthread_pending_messages_in_buckets	leq	10	8.0
1777932958.087712	zeek	gauge	zeek_msgthread_pending_messages_in_buckets	leq	1	8.0
1777932958.087712	zeek	gauge	zeek_msgthread_pending_messages_out_buckets	leq	inf	8.0
1777932958.087712	zeek	gauge	zeek_msgthread_pending_messages_out_buckets	leq	10000	8.0
1777932958.087712	zeek	gauge	zeek_msgthread_pending_messages_out_buckets	leq	1000	8.0
1777932958.087712	zeek	gauge	zeek_msgthread_pending_messages_out_buckets	leq	100	8.0
1777932958.087712	zeek	gauge	zeek_msgthread_pending_messages_out_buckets	leq	10	8.0
1777932958.087712	zeek	gauge	zeek_msgthread_pending_messages_out_buckets	leq	1	8.0
1777932958.087712	zeek	gauge	zeek_broker_peers	(empty)	(empty)	0.0
1777932958.087712	zeek	gauge	zeek_broker_stores	(empty)	(empty)	1.0
1777932958.087712	zeek	gauge	zeek_broker_pending_queries	(empty)	(empty)	0.0
1777932958.087712	zeek	gauge	zeek_timers_lag_time_seconds	(empty)	(empty)	0.001004
1777932958.087712	zeek	gauge	zeek_timers_pending	type	LogDelayExpire	0.0
1777932958.087712	zeek	gauge	zeek_timers_pending	type	ThreadHeartbeat	1.0
1777932958.087712	zeek	gauge	zeek_timers_pending	type	TimerMgrExpireTimer	0.0
1777932958.087712	zeek	gauge	zeek_timers_pending	type	ParentProcessIDCheck	0.0
1777932958.087712	zeek	gauge	zeek_timers_pending	type	FragTimer	0.0
1777932958.087712	zeek	gauge	zeek_timers_pending	type	RotateTimer	0.0
1777932958.087712	zeek	gauge	zeek_timers_pending	type	FlowWeirdTimer	0.0
1777932958.087712	zeek	gauge	zeek_timers_pending	type	FileAnalysisInactivityTimer	0.0
1777932958.087712	zeek	gauge	zeek_timers_pending	type	StorageExpire	1.0
1777932958.087712	zeek	gauge	zeek_timers_pending	type	ConnectionInactivityTimer	0.0
1777932958.087712	zeek	gauge	zeek_timers_pending	type	TCPConnectionExpireTimer	0.0
1777932958.087712	zeek	gauge	zeek_timers_pending	type	ConnectionStatusUpdateTimer	0.0
1777932958.087712	zeek	gauge	zeek_timers_pending	type	LogFlushWriteBufferTimer	1.0
1777932958.087712	zeek	gauge	zeek_timers_pending	type	NetWeirdTimer	0.0
1777932958.087712	zeek	gauge	zeek_timers_pending	type	InterconnTimer	0.0
1777932958.087712	zeek	gauge	zeek_timers_pending	type	IPTunnelInactivityTimer	0.0
1777932958.087712	zeek	gauge	zeek_timers_pending	type	DNSExpireTimer	0.0
1777932958.087712	zeek	gauge	zeek_timers_pending	type	UnknownProtocolExpire	0.0
1777932958.087712	zeek	gauge	zeek_timers_pending	type	ProfileTimer	0.0
1777932958.087712	zeek	gauge	zeek_timers_pending	type	ConnectionExpireTimer	0.0
1777932958.087712	zeek	gauge	zeek_timers_pending	type	BreakpointTimer	0.0
1777932958.087712	zeek	gauge	zeek_timers_pending	type	BackdoorTimer	0.0
1777932958.087712	zeek	gauge	zeek_timers_pending	type	NetbiosExpireTimer	0.0
1777932958.087712	zeek	gauge	zeek_timers_pending	type	NetworkTimer	0.0
1777932958.087712	zeek	gauge	zeek_timers_pending	type	RemoveConnection	0.0
1777932958.087712	zeek	gauge	zeek_timers_pending	type	TCPConnectionResetTimer	0.0
1777932958.087712	zeek	gauge	zeek_timers_pending	type	ConnTupleWeirdTimer	0.0
1777932958.087712	zeek	gauge	zeek_timers_pending	type	TCPConnectionDeleteTimer	0.0
1777932958.087712	zeek	gauge	zeek_timers_pending	type	ScheduleTimer	6.0
1777932958.087712	zeek	gauge	zeek_timers_pending	type	NTPExpireTimer	0.0
1777932958.087712	zeek	gauge	zeek_timers_pending	type	RPCExpireTimer	0.0
1777932958.087712	zeek	gauge	zeek_timers_pending	type	ConnectionDeleteTimer	0.0
1777932958.087712	zeek	gauge	zeek_timers_pending	type	TriggerTimer	0.0
1777932958.087712	zeek	gauge	zeek_timers_pending	type	TableValTimer	34.0
1777932958.087712	zeek	gauge	zeek_timers_pending	type	TCPConnectionAttemptTimer	0.0
1777932958.087712	zeek	gauge	zeek_timers_pending	type	TCPConnectionPartialClose	0.0
1777932958.087712	zeek	gauge	zeek_dnsmgr_pending_asyncs_requests	(empty)	(empty)	0.0
1777932958.087712	zeek	gauge	zeek_dnsmgr_cache_entries	type	text	0.0
1777932958.087712	zeek	gauge	zeek_dnsmgr_cache_entries	type	address	0.0
1777932958.087712	zeek	gauge	zeek_dnsmgr_cache_entries	type	host	0.0
1777932958.087712	zeek	gauge	zeek_pending_triggers	(empty)	(empty)	0.0
1777932958.087712	zeek	gauge	zeek_active_sessions	protocol	icmp	0.0
1777932958.087712	zeek	gauge	zeek_active_sessions	protocol	udp	0.0
1777932958.087712	zeek	gauge	zeek_active_sessions	protocol	tcp	0.0
